regiao,sigla_uf,cod_macrorregiao_sus,nome_macrorregiao_sus,cod_microrregiao_sus,nome_microrregiao_sus,cod_sus,cod_ibge,nome_municipio
NORTE,RO,1101,MACRORREGIONAL II (CACOAL),11005,ZONA DA MATA,110001,1100015,ALTA FLORESTA D'OESTE
NORTE,RO,1102,MACRORREGIAO I - PORTO VELHO,11001,VALE DO JAMARI,110002,1100023,ARIQUEMES
NORTE,RO,1101,MACRORREGIONAL II (CACOAL),11006,CONE SUL,110003,1100031,CABIXI
NORTE,RO,1101,MACRORREGIONAL II (CACOAL),11002,CAFÉ,110004,1100049,CACOAL
NORTE,RO,1101,MACRORREGIONAL II (CACOAL),11006,CONE SUL,110005,1100056,CEREJEIRAS
NORTE,RO,1101,MACRORREGIONAL II (CACOAL),11006,CONE SUL,110006,1100064,COLORADO DO OESTE
NORTE,RO,1101,MACRORREGIONAL II (CACOAL),11006,CONE SUL,110007,1100072,CORUMBIARA
NORTE,RO,1101,MACRORREGIONAL II (CACOAL),11007,VALE DO GUAPORÉ,110008,1100080,COSTA MARQUES
NORTE,RO,1101,MACRORREGIONAL II (CACOAL),11002,CAFÉ,110009,1100098,ESPIGAO D'OESTE
NORTE,RO,1102,MACRORREGIAO I - PORTO VELHO,11004,MADEIRA-MAMORÉ,110010,1100106,GUAJARA-MIRIM
NORTE,RO,1102,MACRORREGIAO I - PORTO VELHO,11003,CENTRAL,110011,1100114,JARU
NORTE,RO,1101,MACRORREGIONAL II (CACOAL),11003,CENTRAL,110012,1100122,JI-PARANA
NORTE,RO,1102,MACRORREGIAO I - PORTO VELHO,11001,VALE DO JAMARI,110013,1100130,MACHADINHO D'OESTE
NORTE,RO,1101,MACRORREGIONAL II (CACOAL),11005,ZONA DA MATA,110014,1100148,NOVA BRASILANDIA D'OESTE
NORTE,RO,1101,MACRORREGIONAL II (CACOAL),11003,CENTRAL,110015,1100155,OURO PRETO DO OESTE
NORTE,RO,1101,MACRORREGIONAL II (CACOAL),11002,CAFÉ,110018,1100189,PIMENTA BUENO
NORTE,RO,1102,MACRORREGIAO I - PORTO VELHO,11004,MADEIRA-MAMORÉ,110020,1100205,PORTO VELHO
NORTE,RO,1101,MACRORREGIONAL II (CACOAL),11003,CENTRAL,110025,1100254,PRESIDENTE MEDICI
NORTE,RO,1102,MACRORREGIAO I - PORTO VELHO,11001,VALE DO JAMARI,110026,1100262,RIO CRESPO
NORTE,RO,1101,MACRORREGIONAL II (CACOAL),11005,ZONA DA MATA,110028,1100288,ROLIM DE MOURA
NORTE,RO,1101,MACRORREGIONAL II (CACOAL),11005,ZONA DA MATA,110029,1100296,SANTA LUZIA D'OESTE
NORTE,RO,1101,MACRORREGIONAL II (CACOAL),11006,CONE SUL,110030,1100304,VILHENA
NORTE,RO,1101,MACRORREGIONAL II (CACOAL),11003,CENTRAL,110032,1100320,SAO MIGUEL DO GUAPORE
NORTE,RO,1102,MACRORREGIAO I - PORTO VELHO,11004,MADEIRA-MAMORÉ,110033,1100338,NOVA MAMORE
NORTE,RO,1101,MACRORREGIONAL II (CACOAL),11003,CENTRAL,110034,1100346,ALVORADA D'OESTE
NORTE,RO,1101,MACRORREGIONAL II (CACOAL),11005,ZONA DA MATA,110037,1100379,ALTO ALEGRE DOS PARECIS
NORTE,RO,1102,MACRORREGIAO I - PORTO VELHO,11001,VALE DO JAMARI,110040,1100403,ALTO PARAISO
NORTE,RO,1102,MACRORREGIAO I - PORTO VELHO,11001,VALE DO JAMARI,110045,1100452,BURITIS
NORTE,RO,1101,MACRORREGIONAL II (CACOAL),11005,ZONA DA MATA,110050,1100502,NOVO HORIZONTE DO OESTE
NORTE,RO,1102,MACRORREGIAO I - PORTO VELHO,11001,VALE DO JAMARI,110060,1100601,CACAULANDIA
NORTE,RO,1102,MACRORREGIAO I - PORTO VELHO,11001,VALE DO JAMARI,110070,1100700,CAMPO NOVO DE RONDONIA
NORTE,RO,1102,MACRORREGIAO I - PORTO VELHO,11004,MADEIRA-MAMORÉ,110080,1100809,CANDEIAS DO JAMARI
NORTE,RO,1101,MACRORREGIONAL II (CACOAL),11005,ZONA DA MATA,110090,1100908,CASTANHEIRAS
NORTE,RO,1101,MACRORREGIONAL II (CACOAL),11006,CONE SUL,110092,1100924,CHUPINGUAIA
NORTE,RO,1102,MACRORREGIAO I - PORTO VELHO,11001,VALE DO JAMARI,110094,1100940,CUJUBIM
NORTE,RO,1102,MACRORREGIAO I - PORTO VELHO,11003,CENTRAL,110100,1101005,GOVERNADOR JORGE TEIXEIRA
NORTE,RO,1102,MACRORREGIAO I - PORTO VELHO,11004,MADEIRA-MAMORÉ,110110,1101104,ITAPUA DO OESTE
NORTE,RO,1101,MACRORREGIONAL II (CACOAL),11002,CAFÉ,110120,1101203,MINISTRO ANDREAZZA
NORTE,RO,1101,MACRORREGIONAL II (CACOAL),11003,CENTRAL,110130,1101302,MIRANTE DA SERRA
NORTE,RO,1102,MACRORREGIAO I - PORTO VELHO,11001,VALE DO JAMARI,110140,1101401,MONTE NEGRO
NORTE,RO,1101,MACRORREGIONAL II (CACOAL),11003,CENTRAL,110143,1101435,NOVA UNIAO
NORTE,RO,1101,MACRORREGIONAL II (CACOAL),11005,ZONA DA MATA,110145,1101450,PARECIS
NORTE,RO,1101,MACRORREGIONAL II (CACOAL),11006,CONE SUL,110146,1101468,PIMENTEIRAS DO OESTE
NORTE,RO,1101,MACRORREGIONAL II (CACOAL),11002,CAFÉ,110147,1101476,PRIMAVERA DE RONDONIA
NORTE,RO,1101,MACRORREGIONAL II (CACOAL),11002,CAFÉ,110148,1101484,SAO FELIPE D'OESTE
NORTE,RO,1101,MACRORREGIONAL II (CACOAL),11007,VALE DO GUAPORÉ,110149,1101492,SAO FRANCISCO DO GUAPORE
NORTE,RO,1101,MACRORREGIONAL II (CACOAL),11007,VALE DO GUAPORÉ,110150,1101500,SERINGUEIRAS
NORTE,RO,1101,MACRORREGIONAL II (CACOAL),11003,CENTRAL,110155,1101559,TEIXEIROPOLIS
NORTE,RO,1102,MACRORREGIAO I - PORTO VELHO,11003,CENTRAL,110160,1101609,THEOBROMA
NORTE,RO,1101,MACRORREGIONAL II (CACOAL),11003,CENTRAL,110170,1101708,URUPA
NORTE,RO,1102,MACRORREGIAO I - PORTO VELHO,11003,CENTRAL,110175,1101757,VALE DO ANARI
NORTE,RO,1101,MACRORREGIONAL II (CACOAL),11003,CENTRAL,110180,1101807,VALE DO PARAISO
NORTE,AC,1201,MACRO UNICA - AC,12002,BAIXO ACRE E PURUS,120001,1200013,ACRELANDIA
NORTE,AC,1201,MACRO UNICA - AC,12001,ALTO ACRE,120005,1200054,ASSIS BRASIL
NORTE,AC,1201,MACRO UNICA - AC,12001,ALTO ACRE,120010,1200104,BRASILEIA
NORTE,AC,1201,MACRO UNICA - AC,12002,BAIXO ACRE E PURUS,120013,1200138,BUJARI
NORTE,AC,1201,MACRO UNICA - AC,12002,BAIXO ACRE E PURUS,120017,1200179,CAPIXABA
NORTE,AC,1201,MACRO UNICA - AC,12003,JURUÁ E TARAUACÁ/ENVIRA,120020,1200203,CRUZEIRO DO SUL
NORTE,AC,1201,MACRO UNICA - AC,12001,ALTO ACRE,120025,1200252,EPITACIOLANDIA
NORTE,AC,1201,MACRO UNICA - AC,12003,JURUÁ E TARAUACÁ/ENVIRA,120030,1200302,FEIJO
NORTE,AC,1201,MACRO UNICA - AC,12002,BAIXO ACRE E PURUS,120032,1200328,JORDAO
NORTE,AC,1201,MACRO UNICA - AC,12003,JURUÁ E TARAUACÁ/ENVIRA,120033,1200336,MANCIO LIMA
NORTE,AC,1201,MACRO UNICA - AC,12002,BAIXO ACRE E PURUS,120034,1200344,MANOEL URBANO
NORTE,AC,1201,MACRO UNICA - AC,12003,JURUÁ E TARAUACÁ/ENVIRA,120035,1200351,MARECHAL THAUMATURGO
NORTE,AC,1201,MACRO UNICA - AC,12002,BAIXO ACRE E PURUS,120038,1200385,PLACIDO DE CASTRO
NORTE,AC,1201,MACRO UNICA - AC,12003,JURUÁ E TARAUACÁ/ENVIRA,120039,1200393,PORTO WALTER
NORTE,AC,1201,MACRO UNICA - AC,12002,BAIXO ACRE E PURUS,120040,1200401,RIO BRANCO
NORTE,AC,1201,MACRO UNICA - AC,12003,JURUÁ E TARAUACÁ/ENVIRA,120042,1200427,RODRIGUES ALVES
NORTE,AC,1201,MACRO UNICA - AC,12002,BAIXO ACRE E PURUS,120043,1200435,SANTA ROSA DO PURUS
NORTE,AC,1201,MACRO UNICA - AC,12002,BAIXO ACRE E PURUS,120045,1200450,SENADOR GUIOMARD
NORTE,AC,1201,MACRO UNICA - AC,12002,BAIXO ACRE E PURUS,120050,1200500,SENA MADUREIRA
NORTE,AC,1201,MACRO UNICA - AC,12003,JURUÁ E TARAUACÁ/ENVIRA,120060,1200609,TARAUACA
NORTE,AC,1201,MACRO UNICA - AC,12001,ALTO ACRE,120070,1200708,XAPURI
NORTE,AC,1201,MACRO UNICA - AC,12002,BAIXO ACRE E PURUS,120080,1200807,PORTO ACRE
NORTE,AM,1302,OESTE,13008,TRIÂNGULO,130002,1300029,ALVARAES
NORTE,AM,1302,OESTE,13009,ALTO SOLIMÕES,130006,1300060,AMATURA
NORTE,AM,1304,CENTRAL,13002,RIO NEGRO E SOLIMÕES,130008,1300086,ANAMA
NORTE,AM,1304,CENTRAL,13002,RIO NEGRO E SOLIMÕES,130010,1300102,ANORI
NORTE,AM,1303,LESTE,13003,RIO MADEIRA,130014,1300144,APUI
NORTE,AM,1302,OESTE,13009,ALTO SOLIMÕES,130020,1300201,ATALAIA DO NORTE
NORTE,AM,1304,CENTRAL,13001,ENTORNO MANAUS E ALTO RIO NEGRO,130030,1300300,AUTAZES
NORTE,AM,1304,CENTRAL,13001,ENTORNO MANAUS E ALTO RIO NEGRO,130040,1300409,BARCELOS
NORTE,AM,1303,LESTE,13005,BAIXO AMAZONAS,130050,1300508,BARREIRINHA
NORTE,AM,1302,OESTE,13009,ALTO SOLIMÕES,130060,1300607,BENJAMIN CONSTANT
NORTE,AM,1304,CENTRAL,13002,RIO NEGRO E SOLIMÕES,130063,1300631,BERURI
NORTE,AM,1303,LESTE,13005,BAIXO AMAZONAS,130068,1300680,BOA VISTA DO RAMOS
NORTE,AM,1304,CENTRAL,13006,REGIONAL PURUS,130070,1300706,BOCA DO ACRE
NORTE,AM,1303,LESTE,13003,RIO MADEIRA,130080,1300805,BORBA
NORTE,AM,1304,CENTRAL,13002,RIO NEGRO E SOLIMÕES,130083,1300839,CAAPIRANGA
NORTE,AM,1304,CENTRAL,13006,REGIONAL PURUS,130090,1300904,CANUTAMA
NORTE,AM,1302,OESTE,13007,REGIONAL JURUÁ,130100,1301001,CARAUARI
NORTE,AM,1304,CENTRAL,13001,ENTORNO MANAUS E ALTO RIO NEGRO,130110,1301100,CAREIRO
NORTE,AM,1304,CENTRAL,13001,ENTORNO MANAUS E ALTO RIO NEGRO,130115,1301159,CAREIRO DA VARZEA
NORTE,AM,1304,CENTRAL,13002,RIO NEGRO E SOLIMÕES,130120,1301209,COARI
NORTE,AM,1304,CENTRAL,13002,RIO NEGRO E SOLIMÕES,130130,1301308,CODAJAS
NORTE,AM,1302,OESTE,13007,REGIONAL JURUÁ,130140,1301407,EIRUNEPE
NORTE,AM,1302,OESTE,13007,REGIONAL JURUÁ,130150,1301506,ENVIRA
NORTE,AM,1302,OESTE,13009,ALTO SOLIMÕES,130160,1301605,FONTE BOA
NORTE,AM,1302,OESTE,13007,REGIONAL JURUÁ,130165,1301654,GUAJARA
NORTE,AM,1303,LESTE,13003,RIO MADEIRA,130170,1301704,HUMAITA
NORTE,AM,1302,OESTE,13007,REGIONAL JURUÁ,130180,1301803,IPIXUNA
NORTE,AM,1304,CENTRAL,13001,ENTORNO MANAUS E ALTO RIO NEGRO,130185,1301852,IRANDUBA
NORTE,AM,1303,LESTE,13004,MÉDIO AMAZONAS,130190,1301902,ITACOATIARA
NORTE,AM,1302,OESTE,13007,REGIONAL JURUÁ,130195,1301951,ITAMARATI
NORTE,AM,1303,LESTE,13004,MÉDIO AMAZONAS,130200,1302009,ITAPIRANGA
NORTE,AM,1302,OESTE,13008,TRIÂNGULO,130210,1302108,JAPURA
NORTE,AM,1302,OESTE,13008,TRIÂNGULO,130220,1302207,JURUA
NORTE,AM,1302,OESTE,13009,ALTO SOLIMÕES,130230,1302306,JUTAI
NORTE,AM,1304,CENTRAL,13006,REGIONAL PURUS,130240,1302405,LABREA
NORTE,AM,1304,CENTRAL,13002,RIO NEGRO E SOLIMÕES,130250,1302504,MANACAPURU
NORTE,AM,1304,CENTRAL,13001,ENTORNO MANAUS E ALTO RIO NEGRO,130255,1302553,MANAQUIRI
NORTE,AM,1304,CENTRAL,13001,ENTORNO MANAUS E ALTO RIO NEGRO,130260,1302603,MANAUS
NORTE,AM,1303,LESTE,13003,RIO MADEIRA,130270,1302702,MANICORE
NORTE,AM,1302,OESTE,13008,TRIÂNGULO,130280,1302801,MARAA
NORTE,AM,1303,LESTE,13005,BAIXO AMAZONAS,130290,1302900,MAUES
NORTE,AM,1303,LESTE,13005,BAIXO AMAZONAS,130300,1303007,NHAMUNDA
NORTE,AM,1304,CENTRAL,13001,ENTORNO MANAUS E ALTO RIO NEGRO,130310,1303106,NOVA OLINDA DO NORTE
NORTE,AM,1304,CENTRAL,13002,RIO NEGRO E SOLIMÕES,130320,1303205,NOVO AIRAO
NORTE,AM,1303,LESTE,13003,RIO MADEIRA,130330,1303304,NOVO ARIPUANA
NORTE,AM,1303,LESTE,13005,BAIXO AMAZONAS,130340,1303403,PARINTINS
NORTE,AM,1304,CENTRAL,13006,REGIONAL PURUS,130350,1303502,PAUINI
NORTE,AM,1304,CENTRAL,13001,ENTORNO MANAUS E ALTO RIO NEGRO,130353,1303536,PRESIDENTE FIGUEIREDO
NORTE,AM,1304,CENTRAL,13001,ENTORNO MANAUS E ALTO RIO NEGRO,130356,1303569,RIO PRETO DA EVA
NORTE,AM,1304,CENTRAL,13001,ENTORNO MANAUS E ALTO RIO NEGRO,130360,1303601,SANTA ISABEL DO RIO NEGRO
NORTE,AM,1302,OESTE,13009,ALTO SOLIMÕES,130370,1303700,SANTO ANTONIO DO ICA
NORTE,AM,1304,CENTRAL,13001,ENTORNO MANAUS E ALTO RIO NEGRO,130380,1303809,SAO GABRIEL DA CACHOEIRA
NORTE,AM,1302,OESTE,13009,ALTO SOLIMÕES,130390,1303908,SAO PAULO DE OLIVENCA
NORTE,AM,1303,LESTE,13004,MÉDIO AMAZONAS,130395,1303957,SAO SEBASTIAO DO UATUMA
NORTE,AM,1303,LESTE,13004,MÉDIO AMAZONAS,130400,1304005,SILVES
NORTE,AM,1302,OESTE,13009,ALTO SOLIMÕES,130406,1304062,TABATINGA
NORTE,AM,1304,CENTRAL,13006,REGIONAL PURUS,130410,1304104,TAPAUA
NORTE,AM,1302,OESTE,13008,TRIÂNGULO,130420,1304203,TEFE
NORTE,AM,1302,OESTE,13009,ALTO SOLIMÕES,130423,1304237,TONANTINS
NORTE,AM,1302,OESTE,13008,TRIÂNGULO,130426,1304260,UARINI
NORTE,AM,1303,LESTE,13004,MÉDIO AMAZONAS,130430,1304302,URUCARA
NORTE,AM,1303,LESTE,13004,MÉDIO AMAZONAS,130440,1304401,URUCURITUBA
NORTE,RR,1401,MACRO-RORAIMA,14001,CENTRO NORTE,140002,1400027,AMAJARI
NORTE,RR,1401,MACRO-RORAIMA,14001,CENTRO NORTE,140005,1400050,ALTO ALEGRE
NORTE,RR,1401,MACRO-RORAIMA,14001,CENTRO NORTE,140010,1400100,BOA VISTA
NORTE,RR,1401,MACRO-RORAIMA,14001,CENTRO NORTE,140015,1400159,BONFIM
NORTE,RR,1401,MACRO-RORAIMA,14001,CENTRO NORTE,140017,1400175,CANTA
NORTE,RR,1401,MACRO-RORAIMA,14002,SUL,140020,1400209,CARACARAI
NORTE,RR,1401,MACRO-RORAIMA,14002,SUL,140023,1400233,CAROEBE
NORTE,RR,1401,MACRO-RORAIMA,14002,SUL,140028,1400282,IRACEMA
NORTE,RR,1401,MACRO-RORAIMA,14001,CENTRO NORTE,140030,1400308,MUCAJAI
NORTE,RR,1401,MACRO-RORAIMA,14001,CENTRO NORTE,140040,1400407,NORMANDIA
NORTE,RR,1401,MACRO-RORAIMA,14001,CENTRO NORTE,140045,1400456,PACARAIMA
NORTE,RR,1401,MACRO-RORAIMA,14002,SUL,140047,1400472,RORAINOPOLIS
NORTE,RR,1401,MACRO-RORAIMA,14002,SUL,140050,1400506,SAO JOAO DA BALIZA
NORTE,RR,1401,MACRO-RORAIMA,14002,SUL,140060,1400605,SAO LUIZ
NORTE,RR,1401,MACRO-RORAIMA,14001,CENTRO NORTE,140070,1400704,UIRAMUTA
NORTE,PA,1512,MACRORREGIONAL I,15011,TOCANTINS,150010,1500107,ABAETETUBA
NORTE,PA,1509,MACRORREGIONAL IV,15003,CARAJÁS,150013,1500131,ABEL FIGUEIREDO
NORTE,PA,1511,MACRORREGIONAL II,15007,METROPOLITANA II,150020,1500206,ACARA
NORTE,PA,1512,MACRORREGIONAL I,15013,MARAJÓ I,150030,1500305,AFUA
NORTE,PA,1509,MACRORREGIONAL IV,15001,ARAGUAIA,150034,1500347,AGUA AZUL DO NORTE
NORTE,PA,1510,MACRORREGIONAL III,15002,BAIXO AMAZONAS,150040,1500404,ALENQUER
NORTE,PA,1510,MACRORREGIONAL III,15002,BAIXO AMAZONAS,150050,1500503,ALMEIRIM
NORTE,PA,1510,MACRORREGIONAL III,15012,XINGU,150060,1500602,ALTAMIRA
NORTE,PA,1512,MACRORREGIONAL I,15014,MARAJÓ II,150070,1500701,ANAJAS
NORTE,PA,1512,MACRORREGIONAL I,15006,METROPOLITANA I,150080,1500800,ANANINDEUA
NORTE,PA,1510,MACRORREGIONAL III,15012,XINGU,150085,1500859,ANAPU
NORTE,PA,1511,MACRORREGIONAL II,15009,RIO CAETÉS,150090,1500909,AUGUSTO CORREA
NORTE,PA,1511,MACRORREGIONAL II,15008,METROPOLITANA III,150095,1500958,AURORA DO PARA
NORTE,PA,1510,MACRORREGIONAL III,15010,TAPAJÓS,150100,1501006,AVEIRO
NORTE,PA,1512,MACRORREGIONAL I,15014,MARAJÓ II,150110,1501105,BAGRE
NORTE,PA,1512,MACRORREGIONAL I,15011,TOCANTINS,150120,1501204,BAIAO
NORTE,PA,1509,MACRORREGIONAL IV,15001,ARAGUAIA,150125,1501253,BANNACH
NORTE,PA,1512,MACRORREGIONAL I,15011,TOCANTINS,150130,1501303,BARCARENA
NORTE,PA,1512,MACRORREGIONAL I,15006,METROPOLITANA I,150140,1501402,BELEM
NORTE,PA,1510,MACRORREGIONAL III,15002,BAIXO AMAZONAS,150145,1501451,BELTERRA
NORTE,PA,1512,MACRORREGIONAL I,15006,METROPOLITANA I,150150,1501501,BENEVIDES
NORTE,PA,1509,MACRORREGIONAL IV,15003,CARAJÁS,150157,1501576,BOM JESUS DO TOCANTINS
NORTE,PA,1511,MACRORREGIONAL II,15009,RIO CAETÉS,150160,1501600,BONITO
NORTE,PA,1511,MACRORREGIONAL II,15009,RIO CAETÉS,150170,1501709,BRAGANCA
NORTE,PA,1510,MACRORREGIONAL III,15012,XINGU,150172,1501725,BRASIL NOVO
NORTE,PA,1509,MACRORREGIONAL IV,15003,CARAJÁS,150175,1501758,BREJO GRANDE DO ARAGUAIA
NORTE,PA,1509,MACRORREGIONAL IV,15004,LAGO DE TUCURUÍ,150178,1501782,BREU BRANCO
NORTE,PA,1512,MACRORREGIONAL I,15014,MARAJÓ II,150180,1501808,BREVES
NORTE,PA,1511,MACRORREGIONAL II,15007,METROPOLITANA II,150190,1501907,BUJARU
NORTE,PA,1511,MACRORREGIONAL II,15009,RIO CAETÉS,150195,1501956,CACHOEIRA DO PIRIA
NORTE,PA,1512,MACRORREGIONAL I,15013,MARAJÓ I,150200,1502004,CACHOEIRA DO ARARI
NORTE,PA,1512,MACRORREGIONAL I,15011,TOCANTINS,150210,1502103,CAMETA
NORTE,PA,1509,MACRORREGIONAL IV,15003,CARAJÁS,150215,1502152,CANAA DOS CARAJAS
NORTE,PA,1511,MACRORREGIONAL II,15009,RIO CAETÉS,150220,1502202,CAPANEMA
NORTE,PA,1511,MACRORREGIONAL II,15008,METROPOLITANA III,150230,1502301,CAPITAO POCO
NORTE,PA,1511,MACRORREGIONAL II,15008,METROPOLITANA III,150240,1502400,CASTANHAL
NORTE,PA,1512,MACRORREGIONAL I,15013,MARAJÓ I,150250,1502509,CHAVES
NORTE,PA,1511,MACRORREGIONAL II,15007,METROPOLITANA II,150260,1502608,COLARES
NORTE,PA,1509,MACRORREGIONAL IV,15001,ARAGUAIA,150270,1502707,CONCEICAO DO ARAGUAIA
NORTE,PA,1511,MACRORREGIONAL II,15007,METROPOLITANA II,150275,1502756,CONCORDIA DO PARA
NORTE,PA,1509,MACRORREGIONAL IV,15001,ARAGUAIA,150276,1502764,CUMARU DO NORTE
NORTE,PA,1509,MACRORREGIONAL IV,15003,CARAJÁS,150277,1502772,CURIONOPOLIS
NORTE,PA,1512,MACRORREGIONAL I,15014,MARAJÓ II,150280,1502806,CURRALINHO
NORTE,PA,1510,MACRORREGIONAL III,15002,BAIXO AMAZONAS,150285,1502855,CURUA
NORTE,PA,1511,MACRORREGIONAL II,15008,METROPOLITANA III,150290,1502905,CURUCA
NORTE,PA,1509,MACRORREGIONAL IV,15003,CARAJÁS,150293,1502939,DOM ELISEU
NORTE,PA,1509,MACRORREGIONAL IV,15003,CARAJÁS,150295,1502954,ELDORADO DOS CARAJAS
NORTE,PA,1510,MACRORREGIONAL III,15002,BAIXO AMAZONAS,150300,1503002,FARO
NORTE,PA,1509,MACRORREGIONAL IV,15001,ARAGUAIA,150304,1503044,FLORESTA DO ARAGUAIA
NORTE,PA,1511,MACRORREGIONAL II,15008,METROPOLITANA III,150307,1503077,GARRAFAO DO NORTE
NORTE,PA,1509,MACRORREGIONAL IV,15004,LAGO DE TUCURUÍ,150309,1503093,GOIANESIA DO PARA
NORTE,PA,1512,MACRORREGIONAL I,15014,MARAJÓ II,150310,1503101,GURUPA
NORTE,PA,1511,MACRORREGIONAL II,15008,METROPOLITANA III,150320,1503200,IGARAPE-ACU
NORTE,PA,1512,MACRORREGIONAL I,15011,TOCANTINS,150330,1503309,IGARAPE-MIRI
NORTE,PA,1511,MACRORREGIONAL II,15008,METROPOLITANA III,150340,1503408,INHANGAPI
NORTE,PA,1511,MACRORREGIONAL II,15008,METROPOLITANA III,150345,1503457,IPIXUNA DO PARA
NORTE,PA,1511,MACRORREGIONAL II,15008,METROPOLITANA III,150350,1503507,IRITUIA
NORTE,PA,1510,MACRORREGIONAL III,15010,TAPAJÓS,150360,1503606,ITAITUBA
NORTE,PA,1509,MACRORREGIONAL IV,15003,CARAJÁS,150370,1503705,ITUPIRANGA
NORTE,PA,1510,MACRORREGIONAL III,15010,TAPAJÓS,150375,1503754,JACAREACANGA
NORTE,PA,1509,MACRORREGIONAL IV,15004,LAGO DE TUCURUÍ,150380,1503804,JACUNDA
NORTE,PA,1510,MACRORREGIONAL III,15002,BAIXO AMAZONAS,150390,1503903,JURUTI
NORTE,PA,1512,MACRORREGIONAL I,15011,TOCANTINS,150400,1504000,LIMOEIRO DO AJURU
NORTE,PA,1511,MACRORREGIONAL II,15008,METROPOLITANA III,150405,1504059,MAE DO RIO
NORTE,PA,1511,MACRORREGIONAL II,15008,METROPOLITANA III,150410,1504109,MAGALHAES BARATA
NORTE,PA,1509,MACRORREGIONAL IV,15003,CARAJÁS,150420,1504208,MARABA
NORTE,PA,1511,MACRORREGIONAL II,15008,METROPOLITANA III,150430,1504307,MARACANA
NORTE,PA,1511,MACRORREGIONAL II,15008,METROPOLITANA III,150440,1504406,MARAPANIM
NORTE,PA,1512,MACRORREGIONAL I,15006,METROPOLITANA I,150442,1504422,MARITUBA
NORTE,PA,1510,MACRORREGIONAL III,15012,XINGU,150445,1504455,MEDICILANDIA
NORTE,PA,1512,MACRORREGIONAL I,15014,MARAJÓ II,150450,1504505,MELGACO
NORTE,PA,1512,MACRORREGIONAL I,15011,TOCANTINS,150460,1504604,MOCAJUBA
NORTE,PA,1512,MACRORREGIONAL I,15011,TOCANTINS,150470,1504703,MOJU
NORTE,PA,1510,MACRORREGIONAL III,15002,BAIXO AMAZONAS,150475,1504752,MOJUI DOS CAMPOS
NORTE,PA,1510,MACRORREGIONAL III,15002,BAIXO AMAZONAS,150480,1504802,MONTE ALEGRE
NORTE,PA,1512,MACRORREGIONAL I,15013,MARAJÓ I,150490,1504901,MUANA
NORTE,PA,1511,MACRORREGIONAL II,15008,METROPOLITANA III,150495,1504950,NOVA ESPERANCA DO PIRIA
NORTE,PA,1509,MACRORREGIONAL IV,15003,CARAJÁS,150497,1504976,NOVA IPIXUNA
NORTE,PA,1511,MACRORREGIONAL II,15009,RIO CAETÉS,150500,1505007,NOVA TIMBOTEUA
NORTE,PA,1510,MACRORREGIONAL III,15010,TAPAJÓS,150503,1505031,NOVO PROGRESSO
NORTE,PA,1509,MACRORREGIONAL IV,15004,LAGO DE TUCURUÍ,150506,1505064,NOVO REPARTIMENTO
NORTE,PA,1510,MACRORREGIONAL III,15002,BAIXO AMAZONAS,150510,1505106,OBIDOS
NORTE,PA,1512,MACRORREGIONAL I,15011,TOCANTINS,150520,1505205,OEIRAS DO PARA
NORTE,PA,1510,MACRORREGIONAL III,15002,BAIXO AMAZONAS,150530,1505304,ORIXIMINA
NORTE,PA,1511,MACRORREGIONAL II,15009,RIO CAETÉS,150540,1505403,OUREM
NORTE,PA,1509,MACRORREGIONAL IV,15001,ARAGUAIA,150543,1505437,OURILANDIA DO NORTE
NORTE,PA,1510,MACRORREGIONAL III,15012,XINGU,150548,1505486,PACAJA
NORTE,PA,1509,MACRORREGIONAL IV,15003,CARAJÁS,150549,1505494,PALESTINA DO PARA
NORTE,PA,1511,MACRORREGIONAL II,15008,METROPOLITANA III,150550,1505502,PARAGOMINAS
NORTE,PA,1509,MACRORREGIONAL IV,15003,CARAJÁS,150553,1505536,PARAUAPEBAS
NORTE,PA,1509,MACRORREGIONAL IV,15001,ARAGUAIA,150555,1505551,PAU D'ARCO
NORTE,PA,1511,MACRORREGIONAL II,15009,RIO CAETÉS,150560,1505601,PEIXE-BOI
NORTE,PA,1509,MACRORREGIONAL IV,15003,CARAJÁS,150563,1505635,PICARRA
NORTE,PA,1510,MACRORREGIONAL III,15002,BAIXO AMAZONAS,150565,1505650,PLACAS
NORTE,PA,1512,MACRORREGIONAL I,15013,MARAJÓ I,150570,1505700,PONTA DE PEDRAS
NORTE,PA,1512,MACRORREGIONAL I,15014,MARAJÓ II,150580,1505809,PORTEL
NORTE,PA,1510,MACRORREGIONAL III,15012,XINGU,150590,1505908,PORTO DE MOZ
NORTE,PA,1510,MACRORREGIONAL III,15002,BAIXO AMAZONAS,150600,1506005,PRAINHA
NORTE,PA,1511,MACRORREGIONAL II,15009,RIO CAETÉS,150610,1506104,PRIMAVERA
NORTE,PA,1511,MACRORREGIONAL II,15009,RIO CAETÉS,150611,1506112,QUATIPURU
NORTE,PA,1509,MACRORREGIONAL IV,15001,ARAGUAIA,150613,1506138,REDENCAO
NORTE,PA,1509,MACRORREGIONAL IV,15001,ARAGUAIA,150616,1506161,RIO MARIA
NORTE,PA,1509,MACRORREGIONAL IV,15003,CARAJÁS,150618,1506187,RONDON DO PARA
NORTE,PA,1510,MACRORREGIONAL III,15010,TAPAJÓS,150619,1506195,RUROPOLIS
NORTE,PA,1511,MACRORREGIONAL II,15009,RIO CAETÉS,150620,1506203,SALINOPOLIS
NORTE,PA,1512,MACRORREGIONAL I,15013,MARAJÓ I,150630,1506302,SALVATERRA
NORTE,PA,1512,MACRORREGIONAL I,15006,METROPOLITANA I,150635,1506351,SANTA BARBARA DO PARA
NORTE,PA,1512,MACRORREGIONAL I,15013,MARAJÓ I,150640,1506401,SANTA CRUZ DO ARARI
NORTE,PA,1511,MACRORREGIONAL II,15007,METROPOLITANA II,150650,1506500,SANTA IZABEL DO PARA
NORTE,PA,1511,MACRORREGIONAL II,15009,RIO CAETÉS,150655,1506559,SANTA LUZIA DO PARA
NORTE,PA,1509,MACRORREGIONAL IV,15001,ARAGUAIA,150658,1506583,SANTA MARIA DAS BARREIRAS
NORTE,PA,1511,MACRORREGIONAL II,15008,METROPOLITANA III,150660,1506609,SANTA MARIA DO PARA
NORTE,PA,1509,MACRORREGIONAL IV,15001,ARAGUAIA,150670,1506708,SANTANA DO ARAGUAIA
NORTE,PA,1510,MACRORREGIONAL III,15002,BAIXO AMAZONAS,150680,1506807,SANTAREM
NORTE,PA,1511,MACRORREGIONAL II,15009,RIO CAETÉS,150690,1506906,SANTAREM NOVO
NORTE,PA,1511,MACRORREGIONAL II,15007,METROPOLITANA II,150700,1507003,SANTO ANTONIO DO TAUA
NORTE,PA,1511,MACRORREGIONAL II,15007,METROPOLITANA II,150710,1507102,SAO CAETANO DE ODIVELAS
NORTE,PA,1509,MACRORREGIONAL IV,15003,CARAJÁS,150715,1507151,SAO DOMINGOS DO ARAGUAIA
NORTE,PA,1511,MACRORREGIONAL II,15008,METROPOLITANA III,150720,1507201,SAO DOMINGOS DO CAPIM
NORTE,PA,1509,MACRORREGIONAL IV,15001,ARAGUAIA,150730,1507300,SAO FELIX DO XINGU
NORTE,PA,1511,MACRORREGIONAL II,15008,METROPOLITANA III,150740,1507409,SAO FRANCISCO DO PARA
NORTE,PA,1509,MACRORREGIONAL IV,15003,CARAJÁS,150745,1507458,SAO GERALDO DO ARAGUAIA
NORTE,PA,1511,MACRORREGIONAL II,15008,METROPOLITANA III,150746,1507466,SAO JOAO DA PONTA
NORTE,PA,1511,MACRORREGIONAL II,15009,RIO CAETÉS,150747,1507474,SAO JOAO DE PIRABAS
NORTE,PA,1509,MACRORREGIONAL IV,15003,CARAJÁS,150750,1507508,SAO JOAO DO ARAGUAIA
NORTE,PA,1511,MACRORREGIONAL II,15008,METROPOLITANA III,150760,1507607,SAO MIGUEL DO GUAMA
NORTE,PA,1512,MACRORREGIONAL I,15013,MARAJÓ I,150770,1507706,SAO SEBASTIAO DA BOA VISTA
NORTE,PA,1509,MACRORREGIONAL IV,15001,ARAGUAIA,150775,1507755,SAPUCAIA
NORTE,PA,1510,MACRORREGIONAL III,15012,XINGU,150780,1507805,SENADOR JOSE PORFIRIO
NORTE,PA,1512,MACRORREGIONAL I,15013,MARAJÓ I,150790,1507904,SOURE
NORTE,PA,1509,MACRORREGIONAL IV,15004,LAGO DE TUCURUÍ,150795,1507953,TAILANDIA
NORTE,PA,1511,MACRORREGIONAL II,15008,METROPOLITANA III,150796,1507961,TERRA ALTA
NORTE,PA,1510,MACRORREGIONAL III,15002,BAIXO AMAZONAS,150797,1507979,TERRA SANTA
NORTE,PA,1511,MACRORREGIONAL II,15007,METROPOLITANA II,150800,1508001,TOME-ACU
NORTE,PA,1511,MACRORREGIONAL II,15009,RIO CAETÉS,150803,1508035,TRACUATEUA
NORTE,PA,1510,MACRORREGIONAL III,15010,TAPAJÓS,150805,1508050,TRAIRAO
NORTE,PA,1509,MACRORREGIONAL IV,15001,ARAGUAIA,150808,1508084,TUCUMA
NORTE,PA,1509,MACRORREGIONAL IV,15004,LAGO DE TUCURUÍ,150810,1508100,TUCURUI
NORTE,PA,1511,MACRORREGIONAL II,15008,METROPOLITANA III,150812,1508126,ULIANOPOLIS
NORTE,PA,1510,MACRORREGIONAL III,15012,XINGU,150815,1508159,URUARA
NORTE,PA,1511,MACRORREGIONAL II,15007,METROPOLITANA II,150820,1508209,VIGIA
NORTE,PA,1511,MACRORREGIONAL II,15009,RIO CAETÉS,150830,1508308,VISEU
NORTE,PA,1510,MACRORREGIONAL III,15012,XINGU,150835,1508357,VITORIA DO XINGU
NORTE,PA,1509,MACRORREGIONAL IV,15001,ARAGUAIA,150840,1508407,XINGUARA
NORTE,AP,1601,MACRO UNICA - AP,16001,ÁREA CENTRAL,160005,1600055,SERRA DO NAVIO
NORTE,AP,1601,MACRO UNICA - AP,16002,ÁREA NORTE,160010,1600105,AMAPA
NORTE,AP,1601,MACRO UNICA - AP,16001,ÁREA CENTRAL,160015,1600154,PEDRA BRANCA DO AMAPARI
NORTE,AP,1601,MACRO UNICA - AP,16002,ÁREA NORTE,160020,1600204,CALCOENE
NORTE,AP,1601,MACRO UNICA - AP,16001,ÁREA CENTRAL,160021,1600212,CUTIAS
NORTE,AP,1601,MACRO UNICA - AP,16001,ÁREA CENTRAL,160023,1600238,FERREIRA GOMES
NORTE,AP,1601,MACRO UNICA - AP,16001,ÁREA CENTRAL,160025,1600253,ITAUBAL
NORTE,AP,1601,MACRO UNICA - AP,16003,ÁREA SUDOESTE,160027,1600279,LARANJAL DO JARI
NORTE,AP,1601,MACRO UNICA - AP,16001,ÁREA CENTRAL,160030,1600303,MACAPA
NORTE,AP,1601,MACRO UNICA - AP,16003,ÁREA SUDOESTE,160040,1600402,MAZAGAO
NORTE,AP,1601,MACRO UNICA - AP,16002,ÁREA NORTE,160050,1600501,OIAPOQUE
NORTE,AP,1601,MACRO UNICA - AP,16001,ÁREA CENTRAL,160053,1600535,PORTO GRANDE
NORTE,AP,1601,MACRO UNICA - AP,16002,ÁREA NORTE,160055,1600550,PRACUUBA
NORTE,AP,1601,MACRO UNICA - AP,16003,ÁREA SUDOESTE,160060,1600600,SANTANA
NORTE,AP,1601,MACRO UNICA - AP,16002,ÁREA NORTE,160070,1600709,TARTARUGALZINHO
NORTE,AP,1601,MACRO UNICA - AP,16003,ÁREA SUDOESTE,160080,1600808,VITORIA DO JARI
NORTE,TO,1702,MACRORREGIAO CENTRO-SUL,17007,CANTÃO,170025,1700251,ABREULANDIA
NORTE,TO,1701,MACRORREGIAO NORTE,17002,BICO DO PAPAGAIO,170030,1700301,AGUIARNOPOLIS
NORTE,TO,1702,MACRORREGIAO CENTRO-SUL,17005,ILHA DO BANANAL,170035,1700350,ALIANCA DO TOCANTINS
NORTE,TO,1702,MACRORREGIAO CENTRO-SUL,17003,SUDESTE,170040,1700400,ALMAS
NORTE,TO,1702,MACRORREGIAO CENTRO-SUL,17005,ILHA DO BANANAL,170070,1700707,ALVORADA
NORTE,TO,1701,MACRORREGIAO NORTE,17002,BICO DO PAPAGAIO,170100,1701002,ANANAS
NORTE,TO,1701,MACRORREGIAO NORTE,17002,BICO DO PAPAGAIO,170105,1701051,ANGICO
NORTE,TO,1702,MACRORREGIAO CENTRO-SUL,17006,CAPIM DOURADO,170110,1701101,APARECIDA DO RIO NEGRO
NORTE,TO,1701,MACRORREGIAO NORTE,17001,MÉDIO NORTE ARAGUAIA,170130,1701309,ARAGOMINAS
NORTE,TO,1702,MACRORREGIAO CENTRO-SUL,17007,CANTÃO,170190,1701903,ARAGUACEMA
NORTE,TO,1702,MACRORREGIAO CENTRO-SUL,17005,ILHA DO BANANAL,170200,1702000,ARAGUACU
NORTE,TO,1701,MACRORREGIAO NORTE,17001,MÉDIO NORTE ARAGUAIA,170210,1702109,ARAGUAINA
NORTE,TO,1701,MACRORREGIAO NORTE,17001,MÉDIO NORTE ARAGUAIA,170215,1702158,ARAGUANA
NORTE,TO,1701,MACRORREGIAO NORTE,17002,BICO DO PAPAGAIO,170220,1702208,ARAGUATINS
NORTE,TO,1701,MACRORREGIAO NORTE,17004,CERRADO TOCANTINS ARAGUAIA,170230,1702307,ARAPOEMA
NORTE,TO,1702,MACRORREGIAO CENTRO-SUL,17003,SUDESTE,170240,1702406,ARRAIAS
NORTE,TO,1701,MACRORREGIAO NORTE,17002,BICO DO PAPAGAIO,170255,1702554,AUGUSTINOPOLIS
NORTE,TO,1702,MACRORREGIAO CENTRO-SUL,17003,SUDESTE,170270,1702703,AURORA DO TOCANTINS
NORTE,TO,1701,MACRORREGIAO NORTE,17002,BICO DO PAPAGAIO,170290,1702901,AXIXA DO TOCANTINS
NORTE,TO,1701,MACRORREGIAO NORTE,17001,MÉDIO NORTE ARAGUAIA,170300,1703008,BABACULANDIA
NORTE,TO,1701,MACRORREGIAO NORTE,17004,CERRADO TOCANTINS ARAGUAIA,170305,1703057,BANDEIRANTES DO TOCANTINS
NORTE,TO,1701,MACRORREGIAO NORTE,17001,MÉDIO NORTE ARAGUAIA,170307,1703073,BARRA DO OURO
NORTE,TO,1702,MACRORREGIAO CENTRO-SUL,17007,CANTÃO,170310,1703107,BARROLANDIA
NORTE,TO,1701,MACRORREGIAO NORTE,17004,CERRADO TOCANTINS ARAGUAIA,170320,1703206,BERNARDO SAYAO
NORTE,TO,1701,MACRORREGIAO NORTE,17004,CERRADO TOCANTINS ARAGUAIA,170330,1703305,BOM JESUS DO TOCANTINS
NORTE,TO,1701,MACRORREGIAO NORTE,17004,CERRADO TOCANTINS ARAGUAIA,170360,1703602,BRASILANDIA DO TOCANTINS
NORTE,TO,1702,MACRORREGIAO CENTRO-SUL,17008,AMOR PERFEITO,170370,1703701,BREJINHO DE NAZARE
NORTE,TO,1701,MACRORREGIAO NORTE,17002,BICO DO PAPAGAIO,170380,1703800,BURITI DO TOCANTINS
NORTE,TO,1701,MACRORREGIAO NORTE,17002,BICO DO PAPAGAIO,170382,1703826,CACHOEIRINHA
NORTE,TO,1701,MACRORREGIAO NORTE,17001,MÉDIO NORTE ARAGUAIA,170384,1703842,CAMPOS LINDOS
NORTE,TO,1702,MACRORREGIAO CENTRO-SUL,17005,ILHA DO BANANAL,170386,1703867,CARIRI DO TOCANTINS
NORTE,TO,1701,MACRORREGIAO NORTE,17001,MÉDIO NORTE ARAGUAIA,170388,1703883,CARMOLANDIA
NORTE,TO,1701,MACRORREGIAO NORTE,17002,BICO DO PAPAGAIO,170389,1703891,CARRASCO BONITO
NORTE,TO,1702,MACRORREGIAO CENTRO-SUL,17007,CANTÃO,170390,1703909,CASEARA
NORTE,TO,1701,MACRORREGIAO NORTE,17004,CERRADO TOCANTINS ARAGUAIA,170410,1704105,CENTENARIO
NORTE,TO,1702,MACRORREGIAO CENTRO-SUL,17007,CANTÃO,170460,1704600,CHAPADA DE AREIA
NORTE,TO,1702,MACRORREGIAO CENTRO-SUL,17008,AMOR PERFEITO,170510,1705102,CHAPADA DA NATIVIDADE
NORTE,TO,1701,MACRORREGIAO NORTE,17004,CERRADO TOCANTINS ARAGUAIA,170550,1705508,COLINAS DO TOCANTINS
NORTE,TO,1702,MACRORREGIAO CENTRO-SUL,17003,SUDESTE,170555,1705557,COMBINADO
NORTE,TO,1702,MACRORREGIAO CENTRO-SUL,17003,SUDESTE,170560,1705607,CONCEICAO DO TOCANTINS
NORTE,TO,1701,MACRORREGIAO NORTE,17004,CERRADO TOCANTINS ARAGUAIA,170600,1706001,COUTO MAGALHAES
NORTE,TO,1702,MACRORREGIAO CENTRO-SUL,17007,CANTÃO,170610,1706100,CRISTALANDIA
NORTE,TO,1702,MACRORREGIAO CENTRO-SUL,17005,ILHA DO BANANAL,170625,1706258,CRIXAS DO TOCANTINS
NORTE,TO,1701,MACRORREGIAO NORTE,17001,MÉDIO NORTE ARAGUAIA,170650,1706506,DARCINOPOLIS
NORTE,TO,1702,MACRORREGIAO CENTRO-SUL,17003,SUDESTE,170700,1707009,DIANOPOLIS
NORTE,TO,1702,MACRORREGIAO CENTRO-SUL,17007,CANTÃO,170710,1707108,DIVINOPOLIS DO TOCANTINS
NORTE,TO,1702,MACRORREGIAO CENTRO-SUL,17007,CANTÃO,170720,1707207,DOIS IRMAOS DO TOCANTINS
NORTE,TO,1702,MACRORREGIAO CENTRO-SUL,17005,ILHA DO BANANAL,170730,1707306,DUERE
NORTE,TO,1701,MACRORREGIAO NORTE,17002,BICO DO PAPAGAIO,170740,1707405,ESPERANTINA
NORTE,TO,1702,MACRORREGIAO CENTRO-SUL,17008,AMOR PERFEITO,170755,1707553,FATIMA
NORTE,TO,1702,MACRORREGIAO CENTRO-SUL,17005,ILHA DO BANANAL,170765,1707652,FIGUEIROPOLIS
NORTE,TO,1701,MACRORREGIAO NORTE,17001,MÉDIO NORTE ARAGUAIA,170770,1707702,FILADELFIA
NORTE,TO,1702,MACRORREGIAO CENTRO-SUL,17005,ILHA DO BANANAL,170820,1708205,FORMOSO DO ARAGUAIA
NORTE,TO,1702,MACRORREGIAO CENTRO-SUL,17006,CAPIM DOURADO,170825,1708254,FORTALEZA DO TABOCAO
NORTE,TO,1701,MACRORREGIAO NORTE,17004,CERRADO TOCANTINS ARAGUAIA,170830,1708304,GOIANORTE
NORTE,TO,1701,MACRORREGIAO NORTE,17001,MÉDIO NORTE ARAGUAIA,170900,1709005,GOIATINS
NORTE,TO,1701,MACRORREGIAO NORTE,17004,CERRADO TOCANTINS ARAGUAIA,170930,1709302,GUARAI
NORTE,TO,1702,MACRORREGIAO CENTRO-SUL,17005,ILHA DO BANANAL,170950,1709500,GURUPI
NORTE,TO,1702,MACRORREGIAO CENTRO-SUL,17008,AMOR PERFEITO,170980,1709807,IPUEIRAS
NORTE,TO,1701,MACRORREGIAO NORTE,17004,CERRADO TOCANTINS ARAGUAIA,171050,1710508,ITACAJA
NORTE,TO,1701,MACRORREGIAO NORTE,17002,BICO DO PAPAGAIO,171070,1710706,ITAGUATINS
NORTE,TO,1701,MACRORREGIAO NORTE,17004,CERRADO TOCANTINS ARAGUAIA,171090,1710904,ITAPIRATINS
NORTE,TO,1701,MACRORREGIAO NORTE,17004,CERRADO TOCANTINS ARAGUAIA,171110,1711100,ITAPORA DO TOCANTINS
NORTE,TO,1702,MACRORREGIAO CENTRO-SUL,17005,ILHA DO BANANAL,171150,1711506,JAU DO TOCANTINS
NORTE,TO,1701,MACRORREGIAO NORTE,17004,CERRADO TOCANTINS ARAGUAIA,171180,1711803,JUARINA
NORTE,TO,1702,MACRORREGIAO CENTRO-SUL,17007,CANTÃO,171190,1711902,LAGOA DA CONFUSAO
NORTE,TO,1702,MACRORREGIAO CENTRO-SUL,17006,CAPIM DOURADO,171195,1711951,LAGOA DO TOCANTINS
NORTE,TO,1702,MACRORREGIAO CENTRO-SUL,17006,CAPIM DOURADO,171200,1712009,LAJEADO
NORTE,TO,1702,MACRORREGIAO CENTRO-SUL,17003,SUDESTE,171215,1712157,LAVANDEIRA
NORTE,TO,1702,MACRORREGIAO CENTRO-SUL,17006,CAPIM DOURADO,171240,1712405,LIZARDA
NORTE,TO,1701,MACRORREGIAO NORTE,17002,BICO DO PAPAGAIO,171245,1712454,LUZINOPOLIS
NORTE,TO,1702,MACRORREGIAO CENTRO-SUL,17007,CANTÃO,171250,1712504,MARIANOPOLIS DO TOCANTINS
NORTE,TO,1702,MACRORREGIAO CENTRO-SUL,17008,AMOR PERFEITO,171270,1712702,MATEIROS
NORTE,TO,1701,MACRORREGIAO NORTE,17002,BICO DO PAPAGAIO,171280,1712801,MAURILANDIA DO TOCANTINS
NORTE,TO,1702,MACRORREGIAO CENTRO-SUL,17006,CAPIM DOURADO,171320,1713205,MIRACEMA DO TOCANTINS
NORTE,TO,1702,MACRORREGIAO CENTRO-SUL,17006,CAPIM DOURADO,171330,1713304,MIRANORTE
NORTE,TO,1702,MACRORREGIAO CENTRO-SUL,17008,AMOR PERFEITO,171360,1713601,MONTE DO CARMO
NORTE,TO,1702,MACRORREGIAO CENTRO-SUL,17007,CANTÃO,171370,1713700,MONTE SANTO DO TOCANTINS
NORTE,TO,1701,MACRORREGIAO NORTE,17002,BICO DO PAPAGAIO,171380,1713809,PALMEIRAS DO TOCANTINS
NORTE,TO,1701,MACRORREGIAO NORTE,17001,MÉDIO NORTE ARAGUAIA,171395,1713957,MURICILANDIA
NORTE,TO,1702,MACRORREGIAO CENTRO-SUL,17008,AMOR PERFEITO,171420,1714203,NATIVIDADE
NORTE,TO,1701,MACRORREGIAO NORTE,17002,BICO DO PAPAGAIO,171430,1714302,NAZARE
NORTE,TO,1701,MACRORREGIAO NORTE,17001,MÉDIO NORTE ARAGUAIA,171488,1714880,NOVA OLINDA
NORTE,TO,1702,MACRORREGIAO CENTRO-SUL,17007,CANTÃO,171500,1715002,NOVA ROSALANDIA
NORTE,TO,1702,MACRORREGIAO CENTRO-SUL,17006,CAPIM DOURADO,171510,1715101,NOVO ACORDO
NORTE,TO,1702,MACRORREGIAO CENTRO-SUL,17003,SUDESTE,171515,1715150,NOVO ALEGRE
NORTE,TO,1702,MACRORREGIAO CENTRO-SUL,17003,SUDESTE,171525,1715259,NOVO JARDIM
NORTE,TO,1702,MACRORREGIAO CENTRO-SUL,17008,AMOR PERFEITO,171550,1715507,OLIVEIRA DE FATIMA
NORTE,TO,1701,MACRORREGIAO NORTE,17004,CERRADO TOCANTINS ARAGUAIA,171570,1715705,PALMEIRANTE
NORTE,TO,1702,MACRORREGIAO CENTRO-SUL,17005,ILHA DO BANANAL,171575,1715754,PALMEIROPOLIS
NORTE,TO,1702,MACRORREGIAO CENTRO-SUL,17007,CANTÃO,171610,1716109,PARAISO DO TOCANTINS
NORTE,TO,1702,MACRORREGIAO CENTRO-SUL,17003,SUDESTE,171620,1716208,PARANA
NORTE,TO,1701,MACRORREGIAO NORTE,17001,MÉDIO NORTE ARAGUAIA,171630,1716307,PAU D'ARCO
NORTE,TO,1701,MACRORREGIAO NORTE,17004,CERRADO TOCANTINS ARAGUAIA,171650,1716505,PEDRO AFONSO
NORTE,TO,1702,MACRORREGIAO CENTRO-SUL,17005,ILHA DO BANANAL,171660,1716604,PEIXE
NORTE,TO,1701,MACRORREGIAO NORTE,17004,CERRADO TOCANTINS ARAGUAIA,171665,1716653,PEQUIZEIRO
NORTE,TO,1701,MACRORREGIAO NORTE,17004,CERRADO TOCANTINS ARAGUAIA,171670,1716703,COLMEIA
NORTE,TO,1702,MACRORREGIAO CENTRO-SUL,17008,AMOR PERFEITO,171700,1717008,PINDORAMA DO TOCANTINS
NORTE,TO,1701,MACRORREGIAO NORTE,17001,MÉDIO NORTE ARAGUAIA,171720,1717206,PIRAQUE
NORTE,TO,1702,MACRORREGIAO CENTRO-SUL,17007,CANTÃO,171750,1717503,PIUM
NORTE,TO,1702,MACRORREGIAO CENTRO-SUL,17003,SUDESTE,171780,1717800,PONTE ALTA DO BOM JESUS
NORTE,TO,1702,MACRORREGIAO CENTRO-SUL,17008,AMOR PERFEITO,171790,1717909,PONTE ALTA DO TOCANTINS
NORTE,TO,1702,MACRORREGIAO CENTRO-SUL,17003,SUDESTE,171800,1718006,PORTO ALEGRE DO TOCANTINS
NORTE,TO,1702,MACRORREGIAO CENTRO-SUL,17008,AMOR PERFEITO,171820,1718204,PORTO NACIONAL
NORTE,TO,1701,MACRORREGIAO NORTE,17002,BICO DO PAPAGAIO,171830,1718303,PRAIA NORTE
NORTE,TO,1701,MACRORREGIAO NORTE,17004,CERRADO TOCANTINS ARAGUAIA,171840,1718402,PRESIDENTE KENNEDY
NORTE,TO,1702,MACRORREGIAO CENTRO-SUL,17007,CANTÃO,171845,1718451,PUGMIL
NORTE,TO,1701,MACRORREGIAO NORTE,17004,CERRADO TOCANTINS ARAGUAIA,171850,1718501,RECURSOLANDIA
NORTE,TO,1701,MACRORREGIAO NORTE,17002,BICO DO PAPAGAIO,171855,1718550,RIACHINHO
NORTE,TO,1702,MACRORREGIAO CENTRO-SUL,17003,SUDESTE,171865,1718659,RIO DA CONCEICAO
NORTE,TO,1702,MACRORREGIAO CENTRO-SUL,17006,CAPIM DOURADO,171870,1718709,RIO DOS BOIS
NORTE,TO,1702,MACRORREGIAO CENTRO-SUL,17006,CAPIM DOURADO,171875,1718758,RIO SONO
NORTE,TO,1701,MACRORREGIAO NORTE,17002,BICO DO PAPAGAIO,171880,1718808,SAMPAIO
NORTE,TO,1702,MACRORREGIAO CENTRO-SUL,17005,ILHA DO BANANAL,171884,1718840,SANDOLANDIA
NORTE,TO,1701,MACRORREGIAO NORTE,17001,MÉDIO NORTE ARAGUAIA,171886,1718865,SANTA FE DO ARAGUAIA
NORTE,TO,1701,MACRORREGIAO NORTE,17004,CERRADO TOCANTINS ARAGUAIA,171888,1718881,SANTA MARIA DO TOCANTINS
NORTE,TO,1702,MACRORREGIAO CENTRO-SUL,17005,ILHA DO BANANAL,171889,1718899,SANTA RITA DO TOCANTINS
NORTE,TO,1702,MACRORREGIAO CENTRO-SUL,17008,AMOR PERFEITO,171890,1718907,SANTA ROSA DO TOCANTINS
NORTE,TO,1702,MACRORREGIAO CENTRO-SUL,17006,CAPIM DOURADO,171900,1719004,SANTA TEREZA DO TOCANTINS
NORTE,TO,1701,MACRORREGIAO NORTE,17002,BICO DO PAPAGAIO,172000,1720002,SANTA TEREZINHA DO TOCANTINS
NORTE,TO,1701,MACRORREGIAO NORTE,17002,BICO DO PAPAGAIO,172010,1720101,SAO BENTO DO TOCANTINS
NORTE,TO,1702,MACRORREGIAO CENTRO-SUL,17006,CAPIM DOURADO,172015,1720150,SAO FELIX DO TOCANTINS
NORTE,TO,1701,MACRORREGIAO NORTE,17002,BICO DO PAPAGAIO,172020,1720200,SAO MIGUEL DO TOCANTINS
NORTE,TO,1702,MACRORREGIAO CENTRO-SUL,17005,ILHA DO BANANAL,172025,1720259,SAO SALVADOR DO TOCANTINS
NORTE,TO,1701,MACRORREGIAO NORTE,17002,BICO DO PAPAGAIO,172030,1720309,SAO SEBASTIAO DO TOCANTINS
NORTE,TO,1702,MACRORREGIAO CENTRO-SUL,17005,ILHA DO BANANAL,172049,1720499,SAO VALERIO
NORTE,TO,1702,MACRORREGIAO CENTRO-SUL,17008,AMOR PERFEITO,172065,1720655,SILVANOPOLIS
NORTE,TO,1701,MACRORREGIAO NORTE,17002,BICO DO PAPAGAIO,172080,1720804,SITIO NOVO DO TOCANTINS
NORTE,TO,1702,MACRORREGIAO CENTRO-SUL,17005,ILHA DO BANANAL,172085,1720853,SUCUPIRA
NORTE,TO,1702,MACRORREGIAO CENTRO-SUL,17003,SUDESTE,172090,1720903,TAGUATINGA
NORTE,TO,1702,MACRORREGIAO CENTRO-SUL,17003,SUDESTE,172093,1720937,TAIPAS DO TOCANTINS
NORTE,TO,1702,MACRORREGIAO CENTRO-SUL,17005,ILHA DO BANANAL,172097,1720978,TALISMA
NORTE,TO,1702,MACRORREGIAO CENTRO-SUL,17006,CAPIM DOURADO,172100,1721000,PALMAS
NORTE,TO,1702,MACRORREGIAO CENTRO-SUL,17006,CAPIM DOURADO,172110,1721109,TOCANTINIA
NORTE,TO,1701,MACRORREGIAO NORTE,17002,BICO DO PAPAGAIO,172120,1721208,TOCANTINOPOLIS
NORTE,TO,1701,MACRORREGIAO NORTE,17004,CERRADO TOCANTINS ARAGUAIA,172125,1721257,TUPIRAMA
NORTE,TO,1701,MACRORREGIAO NORTE,17004,CERRADO TOCANTINS ARAGUAIA,172130,1721307,TUPIRATINS
NORTE,TO,1701,MACRORREGIAO NORTE,17001,MÉDIO NORTE ARAGUAIA,172208,1722081,WANDERLANDIA
NORTE,TO,1701,MACRORREGIAO NORTE,17001,MÉDIO NORTE ARAGUAIA,172210,1722107,XAMBIOA
NORDESTE,MA,2109,MACRORREGIAO SUL,21001,AÇAILÂNDIA,210005,2100055,ACAILANDIA
NORDESTE,MA,2111,MACRORREGIAO LESTE,21005,CAXIAS,210010,2100105,AFONSO CUNHA
NORDESTE,MA,2110,MACRORREGIAO NORTE,21006,CHAPADINHA,210015,2100154,AGUA DOCE DO MARANHAO
NORDESTE,MA,2110,MACRORREGIAO NORTE,21016,SÃO LUÍS,210020,2100204,ALCANTARA
NORDESTE,MA,2111,MACRORREGIAO LESTE,21005,CAXIAS,210030,2100303,ALDEIAS ALTAS
NORDESTE,MA,2110,MACRORREGIAO NORTE,21002,BACABAL,210040,2100402,ALTAMIRA DO MARANHAO
NORDESTE,MA,2111,MACRORREGIAO LESTE,21007,CODÓ,210043,2100436,ALTO ALEGRE DO MARANHAO
NORDESTE,MA,2110,MACRORREGIAO NORTE,21014,SANTA INÊS,210047,2100477,ALTO ALEGRE DO PINDARE
NORDESTE,MA,2109,MACRORREGIAO SUL,21003,BALSAS,210050,2100501,ALTO PARNAIBA
NORDESTE,MA,2110,MACRORREGIAO NORTE,21019,ZÉ DOCA,210055,2100550,AMAPA DO MARANHAO
NORDESTE,MA,2109,MACRORREGIAO SUL,21008,IMPERATRIZ,210060,2100600,AMARANTE DO MARANHAO
NORDESTE,MA,2110,MACRORREGIAO NORTE,21009,ITAPECURU MIRIM,210070,2100709,ANAJATUBA
NORDESTE,MA,2110,MACRORREGIAO NORTE,21006,CHAPADINHA,210080,2100808,ANAPURUS
NORDESTE,MA,2110,MACRORREGIAO NORTE,21011,PINHEIRO,210083,2100832,APICUM-ACU
NORDESTE,MA,2110,MACRORREGIAO NORTE,21019,ZÉ DOCA,210087,2100873,ARAGUANA
NORDESTE,MA,2110,MACRORREGIAO NORTE,21006,CHAPADINHA,210090,2100907,ARAIOSES
NORDESTE,MA,2109,MACRORREGIAO SUL,21004,BARRA DO CORDA,210095,2100956,ARAME
NORDESTE,MA,2110,MACRORREGIAO NORTE,21009,ITAPECURU MIRIM,210100,2101004,ARARI
NORDESTE,MA,2110,MACRORREGIAO NORTE,21013,ROSÁRIO,210110,2101103,AXIXA
NORDESTE,MA,2110,MACRORREGIAO NORTE,21002,BACABAL,210120,2101202,BACABAL
NORDESTE,MA,2110,MACRORREGIAO NORTE,21013,ROSÁRIO,210125,2101251,BACABEIRA
NORDESTE,MA,2110,MACRORREGIAO NORTE,21011,PINHEIRO,210130,2101301,BACURI
NORDESTE,MA,2110,MACRORREGIAO NORTE,21018,VIANA,210135,2101350,BACURITUBA
NORDESTE,MA,2109,MACRORREGIAO SUL,21003,BALSAS,210140,2101400,BALSAS
NORDESTE,MA,2111,MACRORREGIAO LESTE,21015,SÃO JOÃO DOS PATOS,210150,2101509,BARAO DE GRAJAU
NORDESTE,MA,2109,MACRORREGIAO SUL,21004,BARRA DO CORDA,210160,2101608,BARRA DO CORDA
NORDESTE,MA,2110,MACRORREGIAO NORTE,21013,ROSÁRIO,210170,2101707,BARREIRINHAS
NORDESTE,MA,2110,MACRORREGIAO NORTE,21009,ITAPECURU MIRIM,210173,2101731,BELAGUA
NORDESTE,MA,2110,MACRORREGIAO NORTE,21014,SANTA INÊS,210177,2101772,BELA VISTA DO MARANHAO
NORDESTE,MA,2111,MACRORREGIAO LESTE,21015,SÃO JOÃO DOS PATOS,210180,2101806,BENEDITO LEITE
NORDESTE,MA,2110,MACRORREGIAO NORTE,21011,PINHEIRO,210190,2101905,BEQUIMAO
NORDESTE,MA,2111,MACRORREGIAO LESTE,21010,PEDREIRAS,210193,2101939,BERNARDO DO MEARIM
NORDESTE,MA,2110,MACRORREGIAO NORTE,21019,ZÉ DOCA,210197,2101970,BOA VISTA DO GURUPI
NORDESTE,MA,2110,MACRORREGIAO NORTE,21014,SANTA INÊS,210200,2102002,BOM JARDIM
NORDESTE,MA,2109,MACRORREGIAO SUL,21001,AÇAILÂNDIA,210203,2102036,BOM JESUS DAS SELVAS
NORDESTE,MA,2110,MACRORREGIAO NORTE,21002,BACABAL,210207,2102077,BOM LUGAR
NORDESTE,MA,2110,MACRORREGIAO NORTE,21006,CHAPADINHA,210210,2102101,BREJO
NORDESTE,MA,2110,MACRORREGIAO NORTE,21002,BACABAL,210215,2102150,BREJO DE AREIA
NORDESTE,MA,2111,MACRORREGIAO LESTE,21005,CAXIAS,210220,2102200,BURITI
NORDESTE,MA,2111,MACRORREGIAO LESTE,21015,SÃO JOÃO DOS PATOS,210230,2102309,BURITI BRAVO
NORDESTE,MA,2109,MACRORREGIAO SUL,21001,AÇAILÂNDIA,210232,2102325,BURITICUPU
NORDESTE,MA,2109,MACRORREGIAO SUL,21008,IMPERATRIZ,210235,2102358,BURITIRANA
NORDESTE,MA,2110,MACRORREGIAO NORTE,21013,ROSÁRIO,210237,2102374,CACHOEIRA GRANDE
NORDESTE,MA,2110,MACRORREGIAO NORTE,21018,VIANA,210240,2102408,CAJAPIO
NORDESTE,MA,2110,MACRORREGIAO NORTE,21018,VIANA,210250,2102507,CAJARI
NORDESTE,MA,2109,MACRORREGIAO SUL,21008,IMPERATRIZ,210255,2102556,CAMPESTRE DO MARANHAO
NORDESTE,MA,2110,MACRORREGIAO NORTE,21019,ZÉ DOCA,210260,2102606,CANDIDO MENDES
NORDESTE,MA,2110,MACRORREGIAO NORTE,21009,ITAPECURU MIRIM,210270,2102705,CANTANHEDE
NORDESTE,MA,2111,MACRORREGIAO LESTE,21012,PRESIDENTE DUTRA,210275,2102754,CAPINZAL DO NORTE
NORDESTE,MA,2109,MACRORREGIAO SUL,21003,BALSAS,210280,2102804,CAROLINA
NORDESTE,MA,2110,MACRORREGIAO NORTE,21019,ZÉ DOCA,210290,2102903,CARUTAPERA
NORDESTE,MA,2111,MACRORREGIAO LESTE,21005,CAXIAS,210300,2103000,CAXIAS
NORDESTE,MA,2110,MACRORREGIAO NORTE,21011,PINHEIRO,210310,2103109,CEDRAL
NORDESTE,MA,2110,MACRORREGIAO NORTE,21011,PINHEIRO,210312,2103125,CENTRAL DO MARANHAO
NORDESTE,MA,2110,MACRORREGIAO NORTE,21019,ZÉ DOCA,210315,2103158,CENTRO DO GUILHERME
NORDESTE,MA,2110,MACRORREGIAO NORTE,21019,ZÉ DOCA,210317,2103174,CENTRO NOVO DO MARANHAO
NORDESTE,MA,2110,MACRORREGIAO NORTE,21006,CHAPADINHA,210320,2103208,CHAPADINHA
NORDESTE,MA,2109,MACRORREGIAO SUL,21001,AÇAILÂNDIA,210325,2103257,CIDELANDIA
NORDESTE,MA,2111,MACRORREGIAO LESTE,21007,CODÓ,210330,2103307,CODO
NORDESTE,MA,2111,MACRORREGIAO LESTE,21005,CAXIAS,210340,2103406,COELHO NETO
NORDESTE,MA,2111,MACRORREGIAO LESTE,21015,SÃO JOÃO DOS PATOS,210350,2103505,COLINAS
NORDESTE,MA,2110,MACRORREGIAO NORTE,21002,BACABAL,210355,2103554,CONCEICAO DO LAGO-ACU
NORDESTE,MA,2111,MACRORREGIAO LESTE,21007,CODÓ,210360,2103604,COROATA
NORDESTE,MA,2110,MACRORREGIAO NORTE,21011,PINHEIRO,210370,2103703,CURURUPU
NORDESTE,MA,2109,MACRORREGIAO SUL,21008,IMPERATRIZ,210375,2103752,DAVINOPOLIS
NORDESTE,MA,2111,MACRORREGIAO LESTE,21012,PRESIDENTE DUTRA,210380,2103802,DOM PEDRO
NORDESTE,MA,2111,MACRORREGIAO LESTE,21005,CAXIAS,210390,2103901,DUQUE BACELAR
NORDESTE,MA,2111,MACRORREGIAO LESTE,21010,PEDREIRAS,210400,2104008,ESPERANTINOPOLIS
NORDESTE,MA,2109,MACRORREGIAO SUL,21008,IMPERATRIZ,210405,2104057,ESTREITO
NORDESTE,MA,2109,MACRORREGIAO SUL,21003,BALSAS,210407,2104073,FEIRA NOVA DO MARANHAO
NORDESTE,MA,2109,MACRORREGIAO SUL,21004,BARRA DO CORDA,210408,2104081,FERNANDO FALCAO
NORDESTE,MA,2109,MACRORREGIAO SUL,21003,BALSAS,210409,2104099,FORMOSA DA SERRA NEGRA
NORDESTE,MA,2109,MACRORREGIAO SUL,21003,BALSAS,210410,2104107,FORTALEZA DOS NOGUEIRAS
NORDESTE,MA,2111,MACRORREGIAO LESTE,21012,PRESIDENTE DUTRA,210420,2104206,FORTUNA
NORDESTE,MA,2110,MACRORREGIAO NORTE,21019,ZÉ DOCA,210430,2104305,GODOFREDO VIANA
NORDESTE,MA,2111,MACRORREGIAO LESTE,21012,PRESIDENTE DUTRA,210440,2104404,GONCALVES DIAS
NORDESTE,MA,2111,MACRORREGIAO LESTE,21012,PRESIDENTE DUTRA,210450,2104503,GOVERNADOR ARCHER
NORDESTE,MA,2109,MACRORREGIAO SUL,21008,IMPERATRIZ,210455,2104552,GOVERNADOR EDISON LOBAO
NORDESTE,MA,2111,MACRORREGIAO LESTE,21012,PRESIDENTE DUTRA,210460,2104602,GOVERNADOR EUGENIO BARROS
NORDESTE,MA,2111,MACRORREGIAO LESTE,21012,PRESIDENTE DUTRA,210462,2104628,GOVERNADOR LUIZ ROCHA
NORDESTE,MA,2110,MACRORREGIAO NORTE,21014,SANTA INÊS,210465,2104651,GOVERNADOR NEWTON BELLO
NORDESTE,MA,2110,MACRORREGIAO NORTE,21019,ZÉ DOCA,210467,2104677,GOVERNADOR NUNES FREIRE
NORDESTE,MA,2111,MACRORREGIAO LESTE,21012,PRESIDENTE DUTRA,210470,2104701,GRACA ARANHA
NORDESTE,MA,2109,MACRORREGIAO SUL,21004,BARRA DO CORDA,210480,2104800,GRAJAU
NORDESTE,MA,2110,MACRORREGIAO NORTE,21011,PINHEIRO,210490,2104909,GUIMARAES
NORDESTE,MA,2110,MACRORREGIAO NORTE,21013,ROSÁRIO,210500,2105005,HUMBERTO DE CAMPOS
NORDESTE,MA,2110,MACRORREGIAO NORTE,21013,ROSÁRIO,210510,2105104,ICATU
NORDESTE,MA,2110,MACRORREGIAO NORTE,21014,SANTA INÊS,210515,2105153,IGARAPE DO MEIO
NORDESTE,MA,2111,MACRORREGIAO LESTE,21010,PEDREIRAS,210520,2105203,IGARAPE GRANDE
NORDESTE,MA,2109,MACRORREGIAO SUL,21008,IMPERATRIZ,210530,2105302,IMPERATRIZ
NORDESTE,MA,2109,MACRORREGIAO SUL,21004,BARRA DO CORDA,210535,2105351,ITAIPAVA DO GRAJAU
NORDESTE,MA,2110,MACRORREGIAO NORTE,21009,ITAPECURU MIRIM,210540,2105401,ITAPECURU MIRIM
NORDESTE,MA,2109,MACRORREGIAO SUL,21001,AÇAILÂNDIA,210542,2105427,ITINGA DO MARANHAO
NORDESTE,MA,2111,MACRORREGIAO LESTE,21015,SÃO JOÃO DOS PATOS,210545,2105450,JATOBA
NORDESTE,MA,2109,MACRORREGIAO SUL,21004,BARRA DO CORDA,210547,2105476,JENIPAPO DOS VIEIRAS
NORDESTE,MA,2109,MACRORREGIAO SUL,21008,IMPERATRIZ,210550,2105500,JOAO LISBOA
NORDESTE,MA,2111,MACRORREGIAO LESTE,21012,PRESIDENTE DUTRA,210560,2105609,JOSELANDIA
NORDESTE,MA,2110,MACRORREGIAO NORTE,21019,ZÉ DOCA,210565,2105658,JUNCO DO MARANHAO
NORDESTE,MA,2111,MACRORREGIAO LESTE,21010,PEDREIRAS,210570,2105708,LAGO DA PEDRA
NORDESTE,MA,2111,MACRORREGIAO LESTE,21010,PEDREIRAS,210580,2105807,LAGO DO JUNCO
NORDESTE,MA,2110,MACRORREGIAO NORTE,21002,BACABAL,210590,2105906,LAGO VERDE
NORDESTE,MA,2111,MACRORREGIAO LESTE,21015,SÃO JOÃO DOS PATOS,210592,2105922,LAGOA DO MATO
NORDESTE,MA,2111,MACRORREGIAO LESTE,21010,PEDREIRAS,210594,2105948,LAGO DOS RODRIGUES
NORDESTE,MA,2111,MACRORREGIAO LESTE,21010,PEDREIRAS,210596,2105963,LAGOA GRANDE DO MARANHAO
NORDESTE,MA,2109,MACRORREGIAO SUL,21008,IMPERATRIZ,210598,2105989,LAJEADO NOVO
NORDESTE,MA,2111,MACRORREGIAO LESTE,21010,PEDREIRAS,210600,2106003,LIMA CAMPOS
NORDESTE,MA,2109,MACRORREGIAO SUL,21003,BALSAS,210610,2106102,LORETO
NORDESTE,MA,2110,MACRORREGIAO NORTE,21019,ZÉ DOCA,210620,2106201,LUIS DOMINGUES
NORDESTE,MA,2110,MACRORREGIAO NORTE,21006,CHAPADINHA,210630,2106300,MAGALHAES DE ALMEIDA
NORDESTE,MA,2110,MACRORREGIAO NORTE,21019,ZÉ DOCA,210632,2106326,MARACACUME
NORDESTE,MA,2110,MACRORREGIAO NORTE,21002,BACABAL,210635,2106359,MARAJA DO SENA
NORDESTE,MA,2110,MACRORREGIAO NORTE,21019,ZÉ DOCA,210637,2106375,MARANHAOZINHO
NORDESTE,MA,2110,MACRORREGIAO NORTE,21006,CHAPADINHA,210640,2106409,MATA ROMA
NORDESTE,MA,2110,MACRORREGIAO NORTE,21018,VIANA,210650,2106508,MATINHA
NORDESTE,MA,2111,MACRORREGIAO LESTE,21017,TIMON,210660,2106607,MATOES
NORDESTE,MA,2110,MACRORREGIAO NORTE,21009,ITAPECURU MIRIM,210663,2106631,MATOES DO NORTE
NORDESTE,MA,2110,MACRORREGIAO NORTE,21006,CHAPADINHA,210667,2106672,MILAGRES DO MARANHAO
NORDESTE,MA,2111,MACRORREGIAO LESTE,21015,SÃO JOÃO DOS PATOS,210670,2106706,MIRADOR
NORDESTE,MA,2110,MACRORREGIAO NORTE,21009,ITAPECURU MIRIM,210675,2106755,MIRANDA DO NORTE
NORDESTE,MA,2110,MACRORREGIAO NORTE,21011,PINHEIRO,210680,2106805,MIRINZAL
NORDESTE,MA,2110,MACRORREGIAO NORTE,21014,SANTA INÊS,210690,2106904,MONCAO
NORDESTE,MA,2109,MACRORREGIAO SUL,21008,IMPERATRIZ,210700,2107001,MONTES ALTOS
NORDESTE,MA,2110,MACRORREGIAO NORTE,21013,ROSÁRIO,210710,2107100,MORROS
NORDESTE,MA,2110,MACRORREGIAO NORTE,21009,ITAPECURU MIRIM,210720,2107209,NINA RODRIGUES
NORDESTE,MA,2109,MACRORREGIAO SUL,21003,BALSAS,210725,2107258,NOVA COLINAS
NORDESTE,MA,2111,MACRORREGIAO LESTE,21015,SÃO JOÃO DOS PATOS,210730,2107308,NOVA IORQUE
NORDESTE,MA,2110,MACRORREGIAO NORTE,21019,ZÉ DOCA,210735,2107357,NOVA OLINDA DO MARANHAO
NORDESTE,MA,2110,MACRORREGIAO NORTE,21002,BACABAL,210740,2107407,OLHO D'AGUA DAS CUNHAS
NORDESTE,MA,2110,MACRORREGIAO NORTE,21018,VIANA,210745,2107456,OLINDA NOVA DO MARANHAO
NORDESTE,MA,2110,MACRORREGIAO NORTE,21016,SÃO LUÍS,210750,2107506,PACO DO LUMIAR
NORDESTE,MA,2110,MACRORREGIAO NORTE,21018,VIANA,210760,2107605,PALMEIRANDIA
NORDESTE,MA,2111,MACRORREGIAO LESTE,21015,SÃO JOÃO DOS PATOS,210770,2107704,PARAIBANO
NORDESTE,MA,2111,MACRORREGIAO LESTE,21017,TIMON,210780,2107803,PARNARAMA
NORDESTE,MA,2111,MACRORREGIAO LESTE,21015,SÃO JOÃO DOS PATOS,210790,2107902,PASSAGEM FRANCA
NORDESTE,MA,2111,MACRORREGIAO LESTE,21015,SÃO JOÃO DOS PATOS,210800,2108009,PASTOS BONS
NORDESTE,MA,2110,MACRORREGIAO NORTE,21006,CHAPADINHA,210805,2108058,PAULINO NEVES
NORDESTE,MA,2110,MACRORREGIAO NORTE,21002,BACABAL,210810,2108108,PAULO RAMOS
NORDESTE,MA,2111,MACRORREGIAO LESTE,21010,PEDREIRAS,210820,2108207,PEDREIRAS
NORDESTE,MA,2110,MACRORREGIAO NORTE,21011,PINHEIRO,210825,2108256,PEDRO DO ROSARIO
NORDESTE,MA,2110,MACRORREGIAO NORTE,21018,VIANA,210830,2108306,PENALVA
NORDESTE,MA,2110,MACRORREGIAO NORTE,21011,PINHEIRO,210840,2108405,PERI MIRIM
NORDESTE,MA,2111,MACRORREGIAO LESTE,21007,CODÓ,210845,2108454,PERITORO
NORDESTE,MA,2110,MACRORREGIAO NORTE,21014,SANTA INÊS,210850,2108504,PINDARE-MIRIM
NORDESTE,MA,2110,MACRORREGIAO NORTE,21011,PINHEIRO,210860,2108603,PINHEIRO
NORDESTE,MA,2110,MACRORREGIAO NORTE,21014,SANTA INÊS,210870,2108702,PIO XII
NORDESTE,MA,2110,MACRORREGIAO NORTE,21009,ITAPECURU MIRIM,210880,2108801,PIRAPEMAS
NORDESTE,MA,2111,MACRORREGIAO LESTE,21010,PEDREIRAS,210890,2108900,POCAO DE PEDRAS
NORDESTE,MA,2109,MACRORREGIAO SUL,21008,IMPERATRIZ,210900,2109007,PORTO FRANCO
NORDESTE,MA,2110,MACRORREGIAO NORTE,21011,PINHEIRO,210905,2109056,PORTO RICO DO MARANHAO
NORDESTE,MA,2111,MACRORREGIAO LESTE,21012,PRESIDENTE DUTRA,210910,2109106,PRESIDENTE DUTRA
NORDESTE,MA,2110,MACRORREGIAO NORTE,21013,ROSÁRIO,210920,2109205,PRESIDENTE JUSCELINO
NORDESTE,MA,2110,MACRORREGIAO NORTE,21019,ZÉ DOCA,210923,2109239,PRESIDENTE MEDICI
NORDESTE,MA,2110,MACRORREGIAO NORTE,21011,PINHEIRO,210927,2109270,PRESIDENTE SARNEY
NORDESTE,MA,2110,MACRORREGIAO NORTE,21009,ITAPECURU MIRIM,210930,2109304,PRESIDENTE VARGAS
NORDESTE,MA,2110,MACRORREGIAO NORTE,21013,ROSÁRIO,210940,2109403,PRIMEIRA CRUZ
NORDESTE,MA,2110,MACRORREGIAO NORTE,21016,SÃO LUÍS,210945,2109452,RAPOSA
NORDESTE,MA,2109,MACRORREGIAO SUL,21003,BALSAS,210950,2109502,RIACHAO
NORDESTE,MA,2109,MACRORREGIAO SUL,21008,IMPERATRIZ,210955,2109551,RIBAMAR FIQUENE
NORDESTE,MA,2110,MACRORREGIAO NORTE,21013,ROSÁRIO,210960,2109601,ROSARIO
NORDESTE,MA,2109,MACRORREGIAO SUL,21003,BALSAS,210970,2109700,SAMBAIBA
NORDESTE,MA,2111,MACRORREGIAO LESTE,21012,PRESIDENTE DUTRA,210975,2109759,SANTA FILOMENA DO MARANHAO
NORDESTE,MA,2110,MACRORREGIAO NORTE,21011,PINHEIRO,210980,2109809,SANTA HELENA
NORDESTE,MA,2110,MACRORREGIAO NORTE,21014,SANTA INÊS,210990,2109908,SANTA INES
NORDESTE,MA,2110,MACRORREGIAO NORTE,21014,SANTA INÊS,211000,2110005,SANTA LUZIA
NORDESTE,MA,2110,MACRORREGIAO NORTE,21019,ZÉ DOCA,211003,2110039,SANTA LUZIA DO PARUA
NORDESTE,MA,2110,MACRORREGIAO NORTE,21006,CHAPADINHA,211010,2110104,SANTA QUITERIA DO MARANHAO
NORDESTE,MA,2110,MACRORREGIAO NORTE,21013,ROSÁRIO,211020,2110203,SANTA RITA
NORDESTE,MA,2110,MACRORREGIAO NORTE,21006,CHAPADINHA,211023,2110237,SANTANA DO MARANHAO
NORDESTE,MA,2110,MACRORREGIAO NORTE,21013,ROSÁRIO,211027,2110278,SANTO AMARO DO MARANHAO
NORDESTE,MA,2111,MACRORREGIAO LESTE,21012,PRESIDENTE DUTRA,211030,2110302,SANTO ANTONIO DOS LOPES
NORDESTE,MA,2110,MACRORREGIAO NORTE,21009,ITAPECURU MIRIM,211040,2110401,SAO BENEDITO DO RIO PRETO
NORDESTE,MA,2110,MACRORREGIAO NORTE,21018,VIANA,211050,2110500,SAO BENTO
NORDESTE,MA,2110,MACRORREGIAO NORTE,21006,CHAPADINHA,211060,2110609,SAO BERNARDO
NORDESTE,MA,2111,MACRORREGIAO LESTE,21015,SÃO JOÃO DOS PATOS,211065,2110658,SAO DOMINGOS DO AZEITAO
NORDESTE,MA,2111,MACRORREGIAO LESTE,21012,PRESIDENTE DUTRA,211070,2110708,SAO DOMINGOS DO MARANHAO
NORDESTE,MA,2109,MACRORREGIAO SUL,21003,BALSAS,211080,2110807,SAO FELIX DE BALSAS
NORDESTE,MA,2109,MACRORREGIAO SUL,21001,AÇAILÂNDIA,211085,2110856,SAO FRANCISCO DO BREJAO
NORDESTE,MA,2111,MACRORREGIAO LESTE,21017,TIMON,211090,2110906,SAO FRANCISCO DO MARANHAO
NORDESTE,MA,2110,MACRORREGIAO NORTE,21018,VIANA,211100,2111003,SAO JOAO BATISTA
NORDESTE,MA,2110,MACRORREGIAO NORTE,21014,SANTA INÊS,211102,2111029,SAO JOAO DO CARU
NORDESTE,MA,2109,MACRORREGIAO SUL,21008,IMPERATRIZ,211105,2111052,SAO JOAO DO PARAISO
NORDESTE,MA,2111,MACRORREGIAO LESTE,21005,CAXIAS,211107,2111078,SAO JOAO DO SOTER
NORDESTE,MA,2111,MACRORREGIAO LESTE,21015,SÃO JOÃO DOS PATOS,211110,2111102,SAO JOAO DOS PATOS
NORDESTE,MA,2110,MACRORREGIAO NORTE,21016,SÃO LUÍS,211120,2111201,SAO JOSE DE RIBAMAR
NORDESTE,MA,2111,MACRORREGIAO LESTE,21012,PRESIDENTE DUTRA,211125,2111250,SAO JOSE DOS BASILIOS
NORDESTE,MA,2110,MACRORREGIAO NORTE,21016,SÃO LUÍS,211130,2111300,SAO LUIS
NORDESTE,MA,2110,MACRORREGIAO NORTE,21002,BACABAL,211140,2111409,SAO LUIS GONZAGA DO MARANHAO
NORDESTE,MA,2111,MACRORREGIAO LESTE,21007,CODÓ,211150,2111508,SAO MATEUS DO MARANHAO
NORDESTE,MA,2109,MACRORREGIAO SUL,21001,AÇAILÂNDIA,211153,2111532,SAO PEDRO DA AGUA BRANCA
NORDESTE,MA,2109,MACRORREGIAO SUL,21003,BALSAS,211157,2111573,SAO PEDRO DOS CRENTES
NORDESTE,MA,2109,MACRORREGIAO SUL,21003,BALSAS,211160,2111607,SAO RAIMUNDO DAS MANGABEIRAS
NORDESTE,MA,2111,MACRORREGIAO LESTE,21010,PEDREIRAS,211163,2111631,SAO RAIMUNDO DO DOCA BEZERRA
NORDESTE,MA,2111,MACRORREGIAO LESTE,21010,PEDREIRAS,211167,2111672,SAO ROBERTO
NORDESTE,MA,2110,MACRORREGIAO NORTE,21018,VIANA,211170,2111706,SAO VICENTE FERRER
NORDESTE,MA,2110,MACRORREGIAO NORTE,21014,SANTA INÊS,211172,2111722,SATUBINHA
NORDESTE,MA,2111,MACRORREGIAO LESTE,21012,PRESIDENTE DUTRA,211174,2111748,SENADOR ALEXANDRE COSTA
NORDESTE,MA,2109,MACRORREGIAO SUL,21008,IMPERATRIZ,211176,2111763,SENADOR LA ROCQUE
NORDESTE,MA,2110,MACRORREGIAO NORTE,21011,PINHEIRO,211178,2111789,SERRANO DO MARANHAO
NORDESTE,MA,2109,MACRORREGIAO SUL,21008,IMPERATRIZ,211180,2111805,SITIO NOVO
NORDESTE,MA,2111,MACRORREGIAO LESTE,21015,SÃO JOÃO DOS PATOS,211190,2111904,SUCUPIRA DO NORTE
NORDESTE,MA,2111,MACRORREGIAO LESTE,21015,SÃO JOÃO DOS PATOS,211195,2111953,SUCUPIRA DO RIACHAO
NORDESTE,MA,2109,MACRORREGIAO SUL,21003,BALSAS,211200,2112001,TASSO FRAGOSO
NORDESTE,MA,2111,MACRORREGIAO LESTE,21007,CODÓ,211210,2112100,TIMBIRAS
NORDESTE,MA,2111,MACRORREGIAO LESTE,21017,TIMON,211220,2112209,TIMON
NORDESTE,MA,2111,MACRORREGIAO LESTE,21010,PEDREIRAS,211223,2112233,TRIZIDELA DO VALE
NORDESTE,MA,2110,MACRORREGIAO NORTE,21014,SANTA INÊS,211227,2112274,TUFILANDIA
NORDESTE,MA,2111,MACRORREGIAO LESTE,21012,PRESIDENTE DUTRA,211230,2112308,TUNTUM
NORDESTE,MA,2110,MACRORREGIAO NORTE,21011,PINHEIRO,211240,2112407,TURIACU
NORDESTE,MA,2110,MACRORREGIAO NORTE,21011,PINHEIRO,211245,2112456,TURILANDIA
NORDESTE,MA,2110,MACRORREGIAO NORTE,21006,CHAPADINHA,211250,2112506,TUTOIA
NORDESTE,MA,2110,MACRORREGIAO NORTE,21009,ITAPECURU MIRIM,211260,2112605,URBANO SANTOS
NORDESTE,MA,2110,MACRORREGIAO NORTE,21009,ITAPECURU MIRIM,211270,2112704,VARGEM GRANDE
NORDESTE,MA,2110,MACRORREGIAO NORTE,21018,VIANA,211280,2112803,VIANA
NORDESTE,MA,2109,MACRORREGIAO SUL,21001,AÇAILÂNDIA,211285,2112852,VILA NOVA DOS MARTIRIOS
NORDESTE,MA,2110,MACRORREGIAO NORTE,21009,ITAPECURU MIRIM,211290,2112902,VITORIA DO MEARIM
NORDESTE,MA,2110,MACRORREGIAO NORTE,21002,BACABAL,211300,2113009,VITORINO FREIRE
NORDESTE,MA,2110,MACRORREGIAO NORTE,21019,ZÉ DOCA,211400,2114007,ZE DOCA
NORDESTE,PI,2207,SEMI-ARIDO,22009,VALE DO RIO GUARIBAS,220005,2200053,ACAUA
NORDESTE,PI,2208,MEIO NORTE,22004,ENTRE RIOS,220010,2200103,AGRICOLANDIA
NORDESTE,PI,2208,MEIO NORTE,22004,ENTRE RIOS,220020,2200202,AGUA BRANCA
NORDESTE,PI,2207,SEMI-ARIDO,22009,VALE DO RIO GUARIBAS,220025,2200251,ALAGOINHA DO PIAUI
NORDESTE,PI,2207,SEMI-ARIDO,22009,VALE DO RIO GUARIBAS,220027,2200277,ALEGRETE DO PIAUI
NORDESTE,PI,2208,MEIO NORTE,22004,ENTRE RIOS,220030,2200301,ALTO LONGA
NORDESTE,PI,2208,MEIO NORTE,22004,ENTRE RIOS,220040,2200400,ALTOS
NORDESTE,PI,2210,CERRADOS,22002,CHAPADA DAS MANGABEIRAS,220045,2200459,ALVORADA DO GURGUEIA
NORDESTE,PI,2208,MEIO NORTE,22004,ENTRE RIOS,220050,2200509,AMARANTE
NORDESTE,PI,2208,MEIO NORTE,22004,ENTRE RIOS,220060,2200608,ANGICAL DO PIAUI
NORDESTE,PI,2210,CERRADOS,22006,SERRA DA CAPIVARA,220070,2200707,ANISIO DE ABREU
NORDESTE,PI,2210,CERRADOS,22007,TABULEIROS DO ALTO PARNAÍBA,220080,2200806,ANTONIO ALMEIDA
NORDESTE,PI,2207,SEMI-ARIDO,22010,VALE DO SAMBITO,220090,2200905,AROAZES
NORDESTE,PI,2207,SEMI-ARIDO,22009,VALE DO RIO GUARIBAS,220095,2200954,AROEIRAS DO ITAIM
NORDESTE,PI,2210,CERRADOS,22011,VALE DOS RIOS PIAUÍ E ITAUEIRAS,220100,2201002,ARRAIAL
NORDESTE,PI,2208,MEIO NORTE,22001,CARNAUBAIS,220105,2201051,ASSUNCAO DO PIAUI
NORDESTE,PI,2210,CERRADOS,22002,CHAPADA DAS MANGABEIRAS,220110,2201101,AVELINO LOPES
NORDESTE,PI,2210,CERRADOS,22007,TABULEIROS DO ALTO PARNAÍBA,220115,2201150,BAIXA GRANDE DO RIBEIRO
NORDESTE,PI,2207,SEMI-ARIDO,22010,VALE DO SAMBITO,220117,2201176,BARRA D'ALCANTARA
NORDESTE,PI,2209,LITORAL,22003,COCAIS,220120,2201200,BARRAS
NORDESTE,PI,2210,CERRADOS,22002,CHAPADA DAS MANGABEIRAS,220130,2201309,BARREIRAS DO PIAUI
NORDESTE,PI,2208,MEIO NORTE,22004,ENTRE RIOS,220140,2201408,BARRO DURO
NORDESTE,PI,2209,LITORAL,22003,COCAIS,220150,2201507,BATALHA
NORDESTE,PI,2207,SEMI-ARIDO,22008,VALE DO CANINDÉ,220155,2201556,BELA VISTA DO PIAUI
NORDESTE,PI,2207,SEMI-ARIDO,22009,VALE DO RIO GUARIBAS,220157,2201572,BELEM DO PIAUI
NORDESTE,PI,2208,MEIO NORTE,22004,ENTRE RIOS,220160,2201606,BENEDITINOS
NORDESTE,PI,2210,CERRADOS,22011,VALE DOS RIOS PIAUÍ E ITAUEIRAS,220170,2201705,BERTOLINIA
NORDESTE,PI,2207,SEMI-ARIDO,22009,VALE DO RIO GUARIBAS,220173,2201739,BETANIA DO PIAUI
NORDESTE,PI,2208,MEIO NORTE,22001,CARNAUBAIS,220177,2201770,BOA HORA
NORDESTE,PI,2207,SEMI-ARIDO,22009,VALE DO RIO GUARIBAS,220180,2201804,BOCAINA
NORDESTE,PI,2210,CERRADOS,22002,CHAPADA DAS MANGABEIRAS,220190,2201903,BOM JESUS
NORDESTE,PI,2209,LITORAL,22005,PLANÍCIE LITORÂNEA,220191,2201919,BOM PRINCIPIO DO PIAUI
NORDESTE,PI,2210,CERRADOS,22006,SERRA DA CAPIVARA,220192,2201929,BONFIM DO PIAUI
NORDESTE,PI,2208,MEIO NORTE,22001,CARNAUBAIS,220194,2201945,BOQUEIRAO DO PIAUI
NORDESTE,PI,2209,LITORAL,22003,COCAIS,220196,2201960,BRASILEIRA
NORDESTE,PI,2210,CERRADOS,22011,VALE DOS RIOS PIAUÍ E ITAUEIRAS,220198,2201988,BREJO DO PIAUI
NORDESTE,PI,2209,LITORAL,22005,PLANÍCIE LITORÂNEA,220200,2202000,BURITI DOS LOPES
NORDESTE,PI,2208,MEIO NORTE,22001,CARNAUBAIS,220202,2202026,BURITI DOS MONTES
NORDESTE,PI,2208,MEIO NORTE,22001,CARNAUBAIS,220205,2202059,CABECEIRAS DO PIAUI
NORDESTE,PI,2207,SEMI-ARIDO,22008,VALE DO CANINDÉ,220207,2202075,CAJAZEIRAS DO PIAUI
NORDESTE,PI,2209,LITORAL,22005,PLANÍCIE LITORÂNEA,220208,2202083,CAJUEIRO DA PRAIA
NORDESTE,PI,2207,SEMI-ARIDO,22009,VALE DO RIO GUARIBAS,220209,2202091,CALDEIRAO GRANDE DO PIAUI
NORDESTE,PI,2207,SEMI-ARIDO,22008,VALE DO CANINDÉ,220210,2202109,CAMPINAS DO PIAUI
NORDESTE,PI,2210,CERRADOS,22006,SERRA DA CAPIVARA,220211,2202117,CAMPO ALEGRE DO FIDALGO
NORDESTE,PI,2207,SEMI-ARIDO,22009,VALE DO RIO GUARIBAS,220213,2202133,CAMPO GRANDE DO PIAUI
NORDESTE,PI,2209,LITORAL,22003,COCAIS,220217,2202174,CAMPO LARGO DO PIAUI
NORDESTE,PI,2208,MEIO NORTE,22001,CARNAUBAIS,220220,2202208,CAMPO MAIOR
NORDESTE,PI,2210,CERRADOS,22011,VALE DOS RIOS PIAUÍ E ITAUEIRAS,220225,2202251,CANAVIEIRA
NORDESTE,PI,2210,CERRADOS,22011,VALE DOS RIOS PIAUÍ E ITAUEIRAS,220230,2202307,CANTO DO BURITI
NORDESTE,PI,2209,LITORAL,22003,COCAIS,220240,2202406,CAPITAO DE CAMPOS
NORDESTE,PI,2210,CERRADOS,22006,SERRA DA CAPIVARA,220245,2202455,CAPITAO GERVASIO OLIVEIRA
NORDESTE,PI,2210,CERRADOS,22006,SERRA DA CAPIVARA,220250,2202505,CARACOL
NORDESTE,PI,2209,LITORAL,22005,PLANÍCIE LITORÂNEA,220253,2202539,CARAUBAS DO PIAUI
NORDESTE,PI,2207,SEMI-ARIDO,22009,VALE DO RIO GUARIBAS,220255,2202554,CARIDADE DO PIAUI
NORDESTE,PI,2208,MEIO NORTE,22001,CARNAUBAIS,220260,2202604,CASTELO DO PIAUI
NORDESTE,PI,2209,LITORAL,22005,PLANÍCIE LITORÂNEA,220265,2202653,CAXINGO
NORDESTE,PI,2209,LITORAL,22005,PLANÍCIE LITORÂNEA,220270,2202703,COCAL
NORDESTE,PI,2208,MEIO NORTE,22001,CARNAUBAIS,220271,2202711,COCAL DE TELHA
NORDESTE,PI,2209,LITORAL,22005,PLANÍCIE LITORÂNEA,220272,2202729,COCAL DOS ALVES
NORDESTE,PI,2208,MEIO NORTE,22004,ENTRE RIOS,220273,2202737,COIVARAS
NORDESTE,PI,2210,CERRADOS,22002,CHAPADA DAS MANGABEIRAS,220275,2202752,COLONIA DO GURGUEIA
NORDESTE,PI,2207,SEMI-ARIDO,22008,VALE DO CANINDÉ,220277,2202778,COLONIA DO PIAUI
NORDESTE,PI,2207,SEMI-ARIDO,22008,VALE DO CANINDÉ,220280,2202802,CONCEICAO DO CANINDE
NORDESTE,PI,2210,CERRADOS,22006,SERRA DA CAPIVARA,220285,2202851,CORONEL JOSE DIAS
NORDESTE,PI,2210,CERRADOS,22002,CHAPADA DAS MANGABEIRAS,220290,2202901,CORRENTE
NORDESTE,PI,2210,CERRADOS,22002,CHAPADA DAS MANGABEIRAS,220300,2203008,CRISTALANDIA DO PIAUI
NORDESTE,PI,2210,CERRADOS,22002,CHAPADA DAS MANGABEIRAS,220310,2203107,CRISTINO CASTRO
NORDESTE,PI,2210,CERRADOS,22002,CHAPADA DAS MANGABEIRAS,220320,2203206,CURIMATA
NORDESTE,PI,2210,CERRADOS,22002,CHAPADA DAS MANGABEIRAS,220323,2203230,CURRAIS
NORDESTE,PI,2208,MEIO NORTE,22004,ENTRE RIOS,220325,2203255,CURRALINHOS
NORDESTE,PI,2207,SEMI-ARIDO,22009,VALE DO RIO GUARIBAS,220327,2203271,CURRAL NOVO DO PIAUI
NORDESTE,PI,2208,MEIO NORTE,22004,ENTRE RIOS,220330,2203305,DEMERVAL LOBAO
NORDESTE,PI,2210,CERRADOS,22006,SERRA DA CAPIVARA,220335,2203354,DIRCEU ARCOVERDE
NORDESTE,PI,2207,SEMI-ARIDO,22009,VALE DO RIO GUARIBAS,220340,2203404,DOM EXPEDITO LOPES
NORDESTE,PI,2209,LITORAL,22003,COCAIS,220342,2203420,DOMINGOS MOURAO
NORDESTE,PI,2210,CERRADOS,22006,SERRA DA CAPIVARA,220345,2203453,DOM INOCENCIO
NORDESTE,PI,2207,SEMI-ARIDO,22010,VALE DO SAMBITO,220350,2203503,ELESBAO VELOSO
NORDESTE,PI,2210,CERRADOS,22002,CHAPADA DAS MANGABEIRAS,220360,2203602,ELISEU MARTINS
NORDESTE,PI,2209,LITORAL,22003,COCAIS,220370,2203701,ESPERANTINA
NORDESTE,PI,2210,CERRADOS,22006,SERRA DA CAPIVARA,220375,2203750,FARTURA DO PIAUI
NORDESTE,PI,2210,CERRADOS,22011,VALE DOS RIOS PIAUÍ E ITAUEIRAS,220380,2203800,FLORES DO PIAUI
NORDESTE,PI,2207,SEMI-ARIDO,22008,VALE DO CANINDÉ,220385,2203859,FLORESTA DO PIAUI
NORDESTE,PI,2210,CERRADOS,22011,VALE DOS RIOS PIAUÍ E ITAUEIRAS,220390,2203909,FLORIANO
NORDESTE,PI,2207,SEMI-ARIDO,22010,VALE DO SAMBITO,220400,2204006,FRANCINOPOLIS
NORDESTE,PI,2210,CERRADOS,22011,VALE DOS RIOS PIAUÍ E ITAUEIRAS,220410,2204105,FRANCISCO AYRES
NORDESTE,PI,2207,SEMI-ARIDO,22009,VALE DO RIO GUARIBAS,220415,2204154,FRANCISCO MACEDO
NORDESTE,PI,2207,SEMI-ARIDO,22009,VALE DO RIO GUARIBAS,220420,2204204,FRANCISCO SANTOS
NORDESTE,PI,2207,SEMI-ARIDO,22009,VALE DO RIO GUARIBAS,220430,2204303,FRONTEIRAS
NORDESTE,PI,2207,SEMI-ARIDO,22009,VALE DO RIO GUARIBAS,220435,2204352,GEMINIANO
NORDESTE,PI,2210,CERRADOS,22002,CHAPADA DAS MANGABEIRAS,220440,2204402,GILBUES
NORDESTE,PI,2210,CERRADOS,22011,VALE DOS RIOS PIAUÍ E ITAUEIRAS,220450,2204501,GUADALUPE
NORDESTE,PI,2210,CERRADOS,22006,SERRA DA CAPIVARA,220455,2204550,GUARIBAS
NORDESTE,PI,2208,MEIO NORTE,22004,ENTRE RIOS,220460,2204600,HUGO NAPOLEAO
NORDESTE,PI,2209,LITORAL,22005,PLANÍCIE LITORÂNEA,220465,2204659,ILHA GRANDE
NORDESTE,PI,2207,SEMI-ARIDO,22010,VALE DO SAMBITO,220470,2204709,INHUMA
NORDESTE,PI,2207,SEMI-ARIDO,22009,VALE DO RIO GUARIBAS,220480,2204808,IPIRANGA DO PIAUI
NORDESTE,PI,2207,SEMI-ARIDO,22008,VALE DO CANINDÉ,220490,2204907,ISAIAS COELHO
NORDESTE,PI,2207,SEMI-ARIDO,22009,VALE DO RIO GUARIBAS,220500,2205003,ITAINOPOLIS
NORDESTE,PI,2210,CERRADOS,22011,VALE DOS RIOS PIAUÍ E ITAUEIRAS,220510,2205102,ITAUEIRA
NORDESTE,PI,2207,SEMI-ARIDO,22009,VALE DO RIO GUARIBAS,220515,2205151,JACOBINA DO PIAUI
NORDESTE,PI,2207,SEMI-ARIDO,22009,VALE DO RIO GUARIBAS,220520,2205201,JAICOS
NORDESTE,PI,2208,MEIO NORTE,22004,ENTRE RIOS,220525,2205250,JARDIM DO MULATO
NORDESTE,PI,2208,MEIO NORTE,22001,CARNAUBAIS,220527,2205276,JATOBA DO PIAUI
NORDESTE,PI,2210,CERRADOS,22011,VALE DOS RIOS PIAUÍ E ITAUEIRAS,220530,2205300,JERUMENHA
NORDESTE,PI,2210,CERRADOS,22006,SERRA DA CAPIVARA,220535,2205359,JOAO COSTA
NORDESTE,PI,2209,LITORAL,22003,COCAIS,220540,2205409,JOAQUIM PIRES
NORDESTE,PI,2209,LITORAL,22003,COCAIS,220545,2205458,JOCA MARQUES
NORDESTE,PI,2208,MEIO NORTE,22004,ENTRE RIOS,220550,2205508,JOSE DE FREITAS
NORDESTE,PI,2208,MEIO NORTE,22001,CARNAUBAIS,220551,2205516,JUAZEIRO DO PIAUI
NORDESTE,PI,2210,CERRADOS,22002,CHAPADA DAS MANGABEIRAS,220552,2205524,JULIO BORGES
NORDESTE,PI,2210,CERRADOS,22006,SERRA DA CAPIVARA,220553,2205532,JUREMA
NORDESTE,PI,2208,MEIO NORTE,22004,ENTRE RIOS,220554,2205540,LAGOINHA DO PIAUI
NORDESTE,PI,2208,MEIO NORTE,22004,ENTRE RIOS,220555,2205557,LAGOA ALEGRE
NORDESTE,PI,2210,CERRADOS,22006,SERRA DA CAPIVARA,220556,2205565,LAGOA DO BARRO DO PIAUI
NORDESTE,PI,2209,LITORAL,22003,COCAIS,220557,2205573,LAGOA DE SAO FRANCISCO
NORDESTE,PI,2208,MEIO NORTE,22004,ENTRE RIOS,220558,2205581,LAGOA DO PIAUI
NORDESTE,PI,2207,SEMI-ARIDO,22010,VALE DO SAMBITO,220559,2205599,LAGOA DO SITIO
NORDESTE,PI,2210,CERRADOS,22011,VALE DOS RIOS PIAUÍ E ITAUEIRAS,220560,2205607,LANDRI SALES
NORDESTE,PI,2209,LITORAL,22005,PLANÍCIE LITORÂNEA,220570,2205706,LUIS CORREIA
NORDESTE,PI,2209,LITORAL,22003,COCAIS,220580,2205805,LUZILANDIA
NORDESTE,PI,2209,LITORAL,22003,COCAIS,220585,2205854,MADEIRO
NORDESTE,PI,2210,CERRADOS,22011,VALE DOS RIOS PIAUÍ E ITAUEIRAS,220590,2205904,MANOEL EMIDIO
NORDESTE,PI,2207,SEMI-ARIDO,22009,VALE DO RIO GUARIBAS,220595,2205953,MARCOLANDIA
NORDESTE,PI,2210,CERRADOS,22011,VALE DOS RIOS PIAUÍ E ITAUEIRAS,220600,2206001,MARCOS PARENTE
NORDESTE,PI,2207,SEMI-ARIDO,22009,VALE DO RIO GUARIBAS,220605,2206050,MASSAPE DO PIAUI
NORDESTE,PI,2209,LITORAL,22003,COCAIS,220610,2206100,MATIAS OLIMPIO
NORDESTE,PI,2208,MEIO NORTE,22004,ENTRE RIOS,220620,2206209,MIGUEL ALVES
NORDESTE,PI,2208,MEIO NORTE,22004,ENTRE RIOS,220630,2206308,MIGUEL LEAO
NORDESTE,PI,2209,LITORAL,22003,COCAIS,220635,2206357,MILTON BRANDAO
NORDESTE,PI,2208,MEIO NORTE,22004,ENTRE RIOS,220640,2206407,MONSENHOR GIL
NORDESTE,PI,2207,SEMI-ARIDO,22009,VALE DO RIO GUARIBAS,220650,2206506,MONSENHOR HIPOLITO
NORDESTE,PI,2210,CERRADOS,22002,CHAPADA DAS MANGABEIRAS,220660,2206605,MONTE ALEGRE DO PIAUI
NORDESTE,PI,2210,CERRADOS,22002,CHAPADA DAS MANGABEIRAS,220665,2206654,MORRO CABECA NO TEMPO
NORDESTE,PI,2209,LITORAL,22003,COCAIS,220667,2206670,MORRO DO CHAPEU DO PIAUI
NORDESTE,PI,2209,LITORAL,22005,PLANÍCIE LITORÂNEA,220669,2206696,MURICI DOS PORTELAS
NORDESTE,PI,2210,CERRADOS,22011,VALE DOS RIOS PIAUÍ E ITAUEIRAS,220670,2206704,NAZARE DO PIAUI
NORDESTE,PI,2208,MEIO NORTE,22004,ENTRE RIOS,220672,2206720,NAZARIA
NORDESTE,PI,2208,MEIO NORTE,22001,CARNAUBAIS,220675,2206753,NOSSA SENHORA DE NAZARE
NORDESTE,PI,2209,LITORAL,22003,COCAIS,220680,2206803,NOSSA SENHORA DOS REMEDIOS
NORDESTE,PI,2207,SEMI-ARIDO,22010,VALE DO SAMBITO,220690,2206902,NOVO ORIENTE DO PIAUI
NORDESTE,PI,2208,MEIO NORTE,22001,CARNAUBAIS,220695,2206951,NOVO SANTO ANTONIO
NORDESTE,PI,2207,SEMI-ARIDO,22008,VALE DO CANINDÉ,220700,2207009,OEIRAS
NORDESTE,PI,2208,MEIO NORTE,22004,ENTRE RIOS,220710,2207108,OLHO D'AGUA DO PIAUI
NORDESTE,PI,2207,SEMI-ARIDO,22009,VALE DO RIO GUARIBAS,220720,2207207,PADRE MARCOS
NORDESTE,PI,2210,CERRADOS,22011,VALE DOS RIOS PIAUÍ E ITAUEIRAS,220730,2207306,PAES LANDIM
NORDESTE,PI,2210,CERRADOS,22011,VALE DOS RIOS PIAUÍ E ITAUEIRAS,220735,2207355,PAJEU DO PIAUI
NORDESTE,PI,2210,CERRADOS,22002,CHAPADA DAS MANGABEIRAS,220740,2207405,PALMEIRA DO PIAUI
NORDESTE,PI,2208,MEIO NORTE,22004,ENTRE RIOS,220750,2207504,PALMEIRAIS
NORDESTE,PI,2207,SEMI-ARIDO,22009,VALE DO RIO GUARIBAS,220755,2207553,PAQUETA
NORDESTE,PI,2210,CERRADOS,22002,CHAPADA DAS MANGABEIRAS,220760,2207603,PARNAGUA
NORDESTE,PI,2209,LITORAL,22005,PLANÍCIE LITORÂNEA,220770,2207702,PARNAIBA
NORDESTE,PI,2208,MEIO NORTE,22004,ENTRE RIOS,220775,2207751,PASSAGEM FRANCA DO PIAUI
NORDESTE,PI,2207,SEMI-ARIDO,22009,VALE DO RIO GUARIBAS,220777,2207777,PATOS DO PIAUI
NORDESTE,PI,2208,MEIO NORTE,22004,ENTRE RIOS,220779,2207793,PAU D'ARCO DO PIAUI
NORDESTE,PI,2207,SEMI-ARIDO,22009,VALE DO RIO GUARIBAS,220780,2207801,PAULISTANA
NORDESTE,PI,2210,CERRADOS,22011,VALE DOS RIOS PIAUÍ E ITAUEIRAS,220785,2207850,PAVUSSU
NORDESTE,PI,2209,LITORAL,22003,COCAIS,220790,2207900,PEDRO II
NORDESTE,PI,2210,CERRADOS,22011,VALE DOS RIOS PIAUÍ E ITAUEIRAS,220793,2207934,PEDRO LAURENTINO
NORDESTE,PI,2210,CERRADOS,22011,VALE DOS RIOS PIAUÍ E ITAUEIRAS,220795,2207959,NOVA SANTA RITA
NORDESTE,PI,2207,SEMI-ARIDO,22009,VALE DO RIO GUARIBAS,220800,2208007,PICOS
NORDESTE,PI,2207,SEMI-ARIDO,22010,VALE DO SAMBITO,220810,2208106,PIMENTEIRAS
NORDESTE,PI,2207,SEMI-ARIDO,22009,VALE DO RIO GUARIBAS,220820,2208205,PIO IX
NORDESTE,PI,2209,LITORAL,22003,COCAIS,220830,2208304,PIRACURUCA
NORDESTE,PI,2209,LITORAL,22003,COCAIS,220840,2208403,PIRIPIRI
NORDESTE,PI,2209,LITORAL,22003,COCAIS,220850,2208502,PORTO
NORDESTE,PI,2210,CERRADOS,22011,VALE DOS RIOS PIAUÍ E ITAUEIRAS,220855,2208551,PORTO ALEGRE DO PIAUI
NORDESTE,PI,2207,SEMI-ARIDO,22010,VALE DO SAMBITO,220860,2208601,PRATA DO PIAUI
NORDESTE,PI,2207,SEMI-ARIDO,22009,VALE DO RIO GUARIBAS,220865,2208650,QUEIMADA NOVA
NORDESTE,PI,2210,CERRADOS,22002,CHAPADA DAS MANGABEIRAS,220870,2208700,REDENCAO DO GURGUEIA
NORDESTE,PI,2208,MEIO NORTE,22004,ENTRE RIOS,220880,2208809,REGENERACAO
NORDESTE,PI,2210,CERRADOS,22002,CHAPADA DAS MANGABEIRAS,220885,2208858,RIACHO FRIO
NORDESTE,PI,2210,CERRADOS,22011,VALE DOS RIOS PIAUÍ E ITAUEIRAS,220887,2208874,RIBEIRA DO PIAUI
NORDESTE,PI,2210,CERRADOS,22007,TABULEIROS DO ALTO PARNAÍBA,220890,2208908,RIBEIRO GONCALVES
NORDESTE,PI,2210,CERRADOS,22011,VALE DOS RIOS PIAUÍ E ITAUEIRAS,220900,2209005,RIO GRANDE DO PIAUI
NORDESTE,PI,2207,SEMI-ARIDO,22009,VALE DO RIO GUARIBAS,220910,2209104,SANTA CRUZ DO PIAUI
NORDESTE,PI,2207,SEMI-ARIDO,22010,VALE DO SAMBITO,220915,2209153,SANTA CRUZ DOS MILAGRES
NORDESTE,PI,2210,CERRADOS,22002,CHAPADA DAS MANGABEIRAS,220920,2209203,SANTA FILOMENA
NORDESTE,PI,2210,CERRADOS,22002,CHAPADA DAS MANGABEIRAS,220930,2209302,SANTA LUZ
NORDESTE,PI,2207,SEMI-ARIDO,22009,VALE DO RIO GUARIBAS,220935,2209351,SANTANA DO PIAUI
NORDESTE,PI,2207,SEMI-ARIDO,22008,VALE DO CANINDÉ,220937,2209377,SANTA ROSA DO PIAUI
NORDESTE,PI,2207,SEMI-ARIDO,22009,VALE DO RIO GUARIBAS,220940,2209401,SANTO ANTONIO DE LISBOA
NORDESTE,PI,2208,MEIO NORTE,22004,ENTRE RIOS,220945,2209450,SANTO ANTONIO DOS MILAGRES
NORDESTE,PI,2207,SEMI-ARIDO,22008,VALE DO CANINDÉ,220950,2209500,SANTO INACIO DO PIAUI
NORDESTE,PI,2210,CERRADOS,22006,SERRA DA CAPIVARA,220955,2209559,SAO BRAZ DO PIAUI
NORDESTE,PI,2207,SEMI-ARIDO,22010,VALE DO SAMBITO,220960,2209609,SAO FELIX DO PIAUI
NORDESTE,PI,2207,SEMI-ARIDO,22008,VALE DO CANINDÉ,220965,2209658,SAO FRANCISCO DE ASSIS DO PIAUI
NORDESTE,PI,2210,CERRADOS,22011,VALE DOS RIOS PIAUÍ E ITAUEIRAS,220970,2209708,SAO FRANCISCO DO PIAUI
NORDESTE,PI,2210,CERRADOS,22002,CHAPADA DAS MANGABEIRAS,220975,2209757,SAO GONCALO DO GURGUEIA
NORDESTE,PI,2208,MEIO NORTE,22004,ENTRE RIOS,220980,2209807,SAO GONCALO DO PIAUI
NORDESTE,PI,2207,SEMI-ARIDO,22009,VALE DO RIO GUARIBAS,220985,2209856,SAO JOAO DA CANABRAVA
NORDESTE,PI,2209,LITORAL,22003,COCAIS,220987,2209872,SAO JOAO DA FRONTEIRA
NORDESTE,PI,2208,MEIO NORTE,22001,CARNAUBAIS,220990,2209906,SAO JOAO DA SERRA
NORDESTE,PI,2207,SEMI-ARIDO,22008,VALE DO CANINDÉ,220995,2209955,SAO JOAO DA VARJOTA
NORDESTE,PI,2209,LITORAL,22003,COCAIS,220997,2209971,SAO JOAO DO ARRAIAL
NORDESTE,PI,2210,CERRADOS,22006,SERRA DA CAPIVARA,221000,2210003,SAO JOAO DO PIAUI
NORDESTE,PI,2209,LITORAL,22003,COCAIS,221005,2210052,SAO JOSE DO DIVINO
NORDESTE,PI,2210,CERRADOS,22011,VALE DOS RIOS PIAUÍ E ITAUEIRAS,221010,2210102,SAO JOSE DO PEIXE
NORDESTE,PI,2207,SEMI-ARIDO,22009,VALE DO RIO GUARIBAS,221020,2210201,SAO JOSE DO PIAUI
NORDESTE,PI,2207,SEMI-ARIDO,22009,VALE DO RIO GUARIBAS,221030,2210300,SAO JULIAO
NORDESTE,PI,2210,CERRADOS,22006,SERRA DA CAPIVARA,221035,2210359,SAO LOURENCO DO PIAUI
NORDESTE,PI,2207,SEMI-ARIDO,22009,VALE DO RIO GUARIBAS,221037,2210375,SAO LUIS DO PIAUI
NORDESTE,PI,2207,SEMI-ARIDO,22010,VALE DO SAMBITO,221038,2210383,SAO MIGUEL DA BAIXA GRANDE
NORDESTE,PI,2210,CERRADOS,22011,VALE DOS RIOS PIAUÍ E ITAUEIRAS,221039,2210391,SAO MIGUEL DO FIDALGO
NORDESTE,PI,2208,MEIO NORTE,22001,CARNAUBAIS,221040,2210409,SAO MIGUEL DO TAPUIO
NORDESTE,PI,2208,MEIO NORTE,22004,ENTRE RIOS,221050,2210508,SAO PEDRO DO PIAUI
NORDESTE,PI,2210,CERRADOS,22006,SERRA DA CAPIVARA,221060,2210607,SAO RAIMUNDO NONATO
NORDESTE,PI,2210,CERRADOS,22002,CHAPADA DAS MANGABEIRAS,221062,2210623,SEBASTIAO BARROS
NORDESTE,PI,2210,CERRADOS,22007,TABULEIROS DO ALTO PARNAÍBA,221063,2210631,SEBASTIAO LEAL
NORDESTE,PI,2208,MEIO NORTE,22001,CARNAUBAIS,221065,2210656,SIGEFREDO PACHECO
NORDESTE,PI,2207,SEMI-ARIDO,22009,VALE DO RIO GUARIBAS,221070,2210706,SIMOES
NORDESTE,PI,2207,SEMI-ARIDO,22008,VALE DO CANINDÉ,221080,2210805,SIMPLICIO MENDES
NORDESTE,PI,2210,CERRADOS,22011,VALE DOS RIOS PIAUÍ E ITAUEIRAS,221090,2210904,SOCORRO DO PIAUI
NORDESTE,PI,2207,SEMI-ARIDO,22009,VALE DO RIO GUARIBAS,221093,2210938,SUSSUAPARA
NORDESTE,PI,2210,CERRADOS,22011,VALE DOS RIOS PIAUÍ E ITAUEIRAS,221095,2210953,TAMBORIL DO PIAUI
NORDESTE,PI,2207,SEMI-ARIDO,22008,VALE DO CANINDÉ,221097,2210979,TANQUE DO PIAUI
NORDESTE,PI,2208,MEIO NORTE,22004,ENTRE RIOS,221100,2211001,TERESINA
NORDESTE,PI,2208,MEIO NORTE,22004,ENTRE RIOS,221110,2211100,UNIAO
NORDESTE,PI,2210,CERRADOS,22007,TABULEIROS DO ALTO PARNAÍBA,221120,2211209,URUCUI
NORDESTE,PI,2207,SEMI-ARIDO,22010,VALE DO SAMBITO,221130,2211308,VALENCA DO PIAUI
NORDESTE,PI,2210,CERRADOS,22006,SERRA DA CAPIVARA,221135,2211357,VARZEA BRANCA
NORDESTE,PI,2207,SEMI-ARIDO,22010,VALE DO SAMBITO,221140,2211407,VARZEA GRANDE
NORDESTE,PI,2207,SEMI-ARIDO,22009,VALE DO RIO GUARIBAS,221150,2211506,VERA MENDES
NORDESTE,PI,2207,SEMI-ARIDO,22009,VALE DO RIO GUARIBAS,221160,2211605,VILA NOVA DO PIAUI
NORDESTE,PI,2207,SEMI-ARIDO,22009,VALE DO RIO GUARIBAS,221170,2211704,WALL FERRAZ
NORDESTE,CE,2308,3ª MACRO - CARIRI,23019,19ª REGIÃO BREJO SANTO,230010,2300101,ABAIARA
NORDESTE,CE,2310,1ª MACRO - FORTALEZA,23003,3ª REGIÃO MARACANAÚ,230015,2300150,ACARAPE
NORDESTE,CE,2309,2ª MACRO - SOBRAL,23012,12ª REGIÃO ACARAÚ,230020,2300200,ACARAU
NORDESTE,CE,2308,3ª MACRO - CARIRI,23018,18ª REGIÃO IGUATÚ,230030,2300309,ACOPIARA
NORDESTE,CE,2307,4ª MACRO - SERTAO CENTRAL,23014,14ª REGIÃO TAUÁ,230040,2300408,AIUABA
NORDESTE,CE,2309,2ª MACRO - SOBRAL,23011,11ª REGIÃO SOBRAL,230050,2300507,ALCANTARAS
NORDESTE,CE,2308,3ª MACRO - CARIRI,23020,20ª REGIÃO CRATO,230060,2300606,ALTANEIRA
NORDESTE,CE,2306,5ª MACRO - LITORAL LESTE/JAGUARIBE,23010,10ª REGIÃO LIMOEIRO DO NORTE,230070,2300705,ALTO SANTO
NORDESTE,CE,2310,1ª MACRO - FORTALEZA,23006,6ª REGIÃO ITAPIPOCA,230075,2300754,AMONTADA
NORDESTE,CE,2308,3ª MACRO - CARIRI,23020,20ª REGIÃO CRATO,230080,2300804,ANTONINA DO NORTE
NORDESTE,CE,2310,1ª MACRO - FORTALEZA,23002,2ª REGIÃO CAUCAIA,230090,2300903,APUIARES
NORDESTE,CE,2310,1ª MACRO - FORTALEZA,23001,1ª REGIÃO FORTALEZA,230100,2301000,AQUIRAZ
NORDESTE,CE,2306,5ª MACRO - LITORAL LESTE/JAGUARIBE,23007,7ª REGIÃO ARACATI,230110,2301109,ARACATI
NORDESTE,CE,2310,1ª MACRO - FORTALEZA,23004,4ª REGIÃO BATURITÉ,230120,2301208,ARACOIABA
NORDESTE,CE,2309,2ª MACRO - SOBRAL,23015,15ª REGIÃO CRATEÚS,230125,2301257,ARARENDA
NORDESTE,CE,2308,3ª MACRO - CARIRI,23020,20ª REGIÃO CRATO,230130,2301307,ARARIPE
NORDESTE,CE,2310,1ª MACRO - FORTALEZA,23004,4ª REGIÃO BATURITÉ,230140,2301406,ARATUBA
NORDESTE,CE,2307,4ª MACRO - SERTAO CENTRAL,23014,14ª REGIÃO TAUÁ,230150,2301505,ARNEIROZ
NORDESTE,CE,2308,3ª MACRO - CARIRI,23020,20ª REGIÃO CRATO,230160,2301604,ASSARE
NORDESTE,CE,2308,3ª MACRO - CARIRI,23019,19ª REGIÃO BREJO SANTO,230170,2301703,AURORA
NORDESTE,CE,2308,3ª MACRO - CARIRI,23017,17ª REGIÃO ICÓ,230180,2301802,BAIXIO
NORDESTE,CE,2307,4ª MACRO - SERTAO CENTRAL,23008,8ª REGIÃO QUIXADÁ,230185,2301851,BANABUIU
NORDESTE,CE,2308,3ª MACRO - CARIRI,23021,21ª REGIÃO JUAZEIRO DO NORTE,230190,2301901,BARBALHA
NORDESTE,CE,2310,1ª MACRO - FORTALEZA,23003,3ª REGIÃO MARACANAÚ,230195,2301950,BARREIRA
NORDESTE,CE,2308,3ª MACRO - CARIRI,23019,19ª REGIÃO BREJO SANTO,230200,2302008,BARRO
NORDESTE,CE,2309,2ª MACRO - SOBRAL,23016,16ª REGIÃO CAMOCIM,230205,2302057,BARROQUINHA
NORDESTE,CE,2310,1ª MACRO - FORTALEZA,23004,4ª REGIÃO BATURITÉ,230210,2302107,BATURITE
NORDESTE,CE,2310,1ª MACRO - FORTALEZA,23022,22ª REGIÃO CASCAVEL,230220,2302206,BEBERIBE
NORDESTE,CE,2309,2ª MACRO - SOBRAL,23012,12ª REGIÃO ACARAÚ,230230,2302305,BELA CRUZ
NORDESTE,CE,2307,4ª MACRO - SERTAO CENTRAL,23005,5ª REGIÃO CANINDÉ,230240,2302404,BOA VIAGEM
NORDESTE,CE,2308,3ª MACRO - CARIRI,23019,19ª REGIÃO BREJO SANTO,230250,2302503,BREJO SANTO
NORDESTE,CE,2309,2ª MACRO - SOBRAL,23016,16ª REGIÃO CAMOCIM,230260,2302602,CAMOCIM
NORDESTE,CE,2308,3ª MACRO - CARIRI,23020,20ª REGIÃO CRATO,230270,2302701,CAMPOS SALES
NORDESTE,CE,2307,4ª MACRO - SERTAO CENTRAL,23005,5ª REGIÃO CANINDÉ,230280,2302800,CANINDE
NORDESTE,CE,2310,1ª MACRO - FORTALEZA,23004,4ª REGIÃO BATURITÉ,230290,2302909,CAPISTRANO
NORDESTE,CE,2307,4ª MACRO - SERTAO CENTRAL,23005,5ª REGIÃO CANINDÉ,230300,2303006,CARIDADE
NORDESTE,CE,2309,2ª MACRO - SOBRAL,23011,11ª REGIÃO SOBRAL,230310,2303105,CARIRE
NORDESTE,CE,2308,3ª MACRO - CARIRI,23021,21ª REGIÃO JUAZEIRO DO NORTE,230320,2303204,CARIRIACU
NORDESTE,CE,2308,3ª MACRO - CARIRI,23018,18ª REGIÃO IGUATÚ,230330,2303303,CARIUS
NORDESTE,CE,2309,2ª MACRO - SOBRAL,23013,13ª REGIÃO TIANGUÁ,230340,2303402,CARNAUBAL
NORDESTE,CE,2310,1ª MACRO - FORTALEZA,23022,22ª REGIÃO CASCAVEL,230350,2303501,CASCAVEL
NORDESTE,CE,2308,3ª MACRO - CARIRI,23018,18ª REGIÃO IGUATÚ,230360,2303600,CATARINA
NORDESTE,CE,2309,2ª MACRO - SOBRAL,23011,11ª REGIÃO SOBRAL,230365,2303659,CATUNDA
NORDESTE,CE,2310,1ª MACRO - FORTALEZA,23002,2ª REGIÃO CAUCAIA,230370,2303709,CAUCAIA
NORDESTE,CE,2308,3ª MACRO - CARIRI,23017,17ª REGIÃO ICÓ,230380,2303808,CEDRO
NORDESTE,CE,2309,2ª MACRO - SOBRAL,23016,16ª REGIÃO CAMOCIM,230390,2303907,CHAVAL
NORDESTE,CE,2307,4ª MACRO - SERTAO CENTRAL,23008,8ª REGIÃO QUIXADÁ,230393,2303931,CHORO
NORDESTE,CE,2310,1ª MACRO - FORTALEZA,23022,22ª REGIÃO CASCAVEL,230395,2303956,CHOROZINHO
NORDESTE,CE,2309,2ª MACRO - SOBRAL,23011,11ª REGIÃO SOBRAL,230400,2304004,COREAU
NORDESTE,CE,2309,2ª MACRO - SOBRAL,23015,15ª REGIÃO CRATEÚS,230410,2304103,CRATEUS
NORDESTE,CE,2308,3ª MACRO - CARIRI,23020,20ª REGIÃO CRATO,230420,2304202,CRATO
NORDESTE,CE,2309,2ª MACRO - SOBRAL,23013,13ª REGIÃO TIANGUÁ,230423,2304236,CROATA
NORDESTE,CE,2309,2ª MACRO - SOBRAL,23012,12ª REGIÃO ACARAÚ,230425,2304251,CRUZ
NORDESTE,CE,2308,3ª MACRO - CARIRI,23018,18ª REGIÃO IGUATÚ,230426,2304269,DEPUTADO IRAPUAN PINHEIRO
NORDESTE,CE,2306,5ª MACRO - LITORAL LESTE/JAGUARIBE,23010,10ª REGIÃO LIMOEIRO DO NORTE,230427,2304277,ERERE
NORDESTE,CE,2310,1ª MACRO - FORTALEZA,23001,1ª REGIÃO FORTALEZA,230428,2304285,EUSEBIO
NORDESTE,CE,2308,3ª MACRO - CARIRI,23020,20ª REGIÃO CRATO,230430,2304301,FARIAS BRITO
NORDESTE,CE,2309,2ª MACRO - SOBRAL,23011,11ª REGIÃO SOBRAL,230435,2304350,FORQUILHA
NORDESTE,CE,2310,1ª MACRO - FORTALEZA,23001,1ª REGIÃO FORTALEZA,230440,2304400,FORTALEZA
NORDESTE,CE,2306,5ª MACRO - LITORAL LESTE/JAGUARIBE,23007,7ª REGIÃO ARACATI,230445,2304459,FORTIM
NORDESTE,CE,2309,2ª MACRO - SOBRAL,23011,11ª REGIÃO SOBRAL,230450,2304509,FRECHEIRINHA
NORDESTE,CE,2310,1ª MACRO - FORTALEZA,23002,2ª REGIÃO CAUCAIA,230460,2304608,GENERAL SAMPAIO
NORDESTE,CE,2309,2ª MACRO - SOBRAL,23011,11ª REGIÃO SOBRAL,230465,2304657,GRACA
NORDESTE,CE,2309,2ª MACRO - SOBRAL,23016,16ª REGIÃO CAMOCIM,230470,2304707,GRANJA
NORDESTE,CE,2308,3ª MACRO - CARIRI,23021,21ª REGIÃO JUAZEIRO DO NORTE,230480,2304806,GRANJEIRO
NORDESTE,CE,2309,2ª MACRO - SOBRAL,23011,11ª REGIÃO SOBRAL,230490,2304905,GROAIRAS
NORDESTE,CE,2310,1ª MACRO - FORTALEZA,23003,3ª REGIÃO MARACANAÚ,230495,2304954,GUAIUBA
NORDESTE,CE,2309,2ª MACRO - SOBRAL,23013,13ª REGIÃO TIANGUÁ,230500,2305001,GUARACIABA DO NORTE
NORDESTE,CE,2310,1ª MACRO - FORTALEZA,23004,4ª REGIÃO BATURITÉ,230510,2305100,GUARAMIRANGA
NORDESTE,CE,2309,2ª MACRO - SOBRAL,23011,11ª REGIÃO SOBRAL,230520,2305209,HIDROLANDIA
NORDESTE,CE,2310,1ª MACRO - FORTALEZA,23022,22ª REGIÃO CASCAVEL,230523,2305233,HORIZONTE
NORDESTE,CE,2307,4ª MACRO - SERTAO CENTRAL,23008,8ª REGIÃO QUIXADÁ,230526,2305266,IBARETAMA
NORDESTE,CE,2309,2ª MACRO - SOBRAL,23013,13ª REGIÃO TIANGUÁ,230530,2305308,IBIAPINA
NORDESTE,CE,2307,4ª MACRO - SERTAO CENTRAL,23008,8ª REGIÃO QUIXADÁ,230533,2305332,IBICUITINGA
NORDESTE,CE,2306,5ª MACRO - LITORAL LESTE/JAGUARIBE,23007,7ª REGIÃO ARACATI,230535,2305357,ICAPUI
NORDESTE,CE,2308,3ª MACRO - CARIRI,23017,17ª REGIÃO ICÓ,230540,2305407,ICO
NORDESTE,CE,2308,3ª MACRO - CARIRI,23018,18ª REGIÃO IGUATÚ,230550,2305506,IGUATU
NORDESTE,CE,2309,2ª MACRO - SOBRAL,23015,15ª REGIÃO CRATEÚS,230560,2305605,INDEPENDENCIA
NORDESTE,CE,2309,2ª MACRO - SOBRAL,23015,15ª REGIÃO CRATEÚS,230565,2305654,IPAPORANGA
NORDESTE,CE,2308,3ª MACRO - CARIRI,23017,17ª REGIÃO ICÓ,230570,2305704,IPAUMIRIM
NORDESTE,CE,2309,2ª MACRO - SOBRAL,23011,11ª REGIÃO SOBRAL,230580,2305803,IPU
NORDESTE,CE,2309,2ª MACRO - SOBRAL,23015,15ª REGIÃO CRATEÚS,230590,2305902,IPUEIRAS
NORDESTE,CE,2306,5ª MACRO - LITORAL LESTE/JAGUARIBE,23010,10ª REGIÃO LIMOEIRO DO NORTE,230600,2306009,IRACEMA
NORDESTE,CE,2309,2ª MACRO - SOBRAL,23011,11ª REGIÃO SOBRAL,230610,2306108,IRAUCUBA
NORDESTE,CE,2306,5ª MACRO - LITORAL LESTE/JAGUARIBE,23007,7ª REGIÃO ARACATI,230620,2306207,ITAICABA
NORDESTE,CE,2310,1ª MACRO - FORTALEZA,23001,1ª REGIÃO FORTALEZA,230625,2306256,ITAITINGA
NORDESTE,CE,2310,1ª MACRO - FORTALEZA,23002,2ª REGIÃO CAUCAIA,230630,2306306,ITAPAGE
NORDESTE,CE,2310,1ª MACRO - FORTALEZA,23006,6ª REGIÃO ITAPIPOCA,230640,2306405,ITAPIPOCA
NORDESTE,CE,2310,1ª MACRO - FORTALEZA,23004,4ª REGIÃO BATURITÉ,230650,2306504,ITAPIUNA
NORDESTE,CE,2309,2ª MACRO - SOBRAL,23012,12ª REGIÃO ACARAÚ,230655,2306553,ITAREMA
NORDESTE,CE,2307,4ª MACRO - SERTAO CENTRAL,23005,5ª REGIÃO CANINDÉ,230660,2306603,ITATIRA
NORDESTE,CE,2306,5ª MACRO - LITORAL LESTE/JAGUARIBE,23009,9ª REGIÃO RUSSAS,230670,2306702,JAGUARETAMA
NORDESTE,CE,2306,5ª MACRO - LITORAL LESTE/JAGUARIBE,23010,10ª REGIÃO LIMOEIRO DO NORTE,230680,2306801,JAGUARIBARA
NORDESTE,CE,2306,5ª MACRO - LITORAL LESTE/JAGUARIBE,23010,10ª REGIÃO LIMOEIRO DO NORTE,230690,2306900,JAGUARIBE
NORDESTE,CE,2306,5ª MACRO - LITORAL LESTE/JAGUARIBE,23009,9ª REGIÃO RUSSAS,230700,2307007,JAGUARUANA
NORDESTE,CE,2308,3ª MACRO - CARIRI,23021,21ª REGIÃO JUAZEIRO DO NORTE,230710,2307106,JARDIM
NORDESTE,CE,2308,3ª MACRO - CARIRI,23019,19ª REGIÃO BREJO SANTO,230720,2307205,JATI
NORDESTE,CE,2309,2ª MACRO - SOBRAL,23012,12ª REGIÃO ACARAÚ,230725,2307254,JIJOCA DE JERICOACOARA
NORDESTE,CE,2308,3ª MACRO - CARIRI,23021,21ª REGIÃO JUAZEIRO DO NORTE,230730,2307304,JUAZEIRO DO NORTE
NORDESTE,CE,2308,3ª MACRO - CARIRI,23018,18ª REGIÃO IGUATÚ,230740,2307403,JUCAS
NORDESTE,CE,2308,3ª MACRO - CARIRI,23017,17ª REGIÃO ICÓ,230750,2307502,LAVRAS DA MANGABEIRA
NORDESTE,CE,2306,5ª MACRO - LITORAL LESTE/JAGUARIBE,23010,10ª REGIÃO LIMOEIRO DO NORTE,230760,2307601,LIMOEIRO DO NORTE
NORDESTE,CE,2307,4ª MACRO - SERTAO CENTRAL,23005,5ª REGIÃO CANINDÉ,230763,2307635,MADALENA
NORDESTE,CE,2310,1ª MACRO - FORTALEZA,23003,3ª REGIÃO MARACANAÚ,230765,2307650,MARACANAU
NORDESTE,CE,2310,1ª MACRO - FORTALEZA,23003,3ª REGIÃO MARACANAÚ,230770,2307700,MARANGUAPE
NORDESTE,CE,2309,2ª MACRO - SOBRAL,23012,12ª REGIÃO ACARAÚ,230780,2307809,MARCO
NORDESTE,CE,2309,2ª MACRO - SOBRAL,23016,16ª REGIÃO CAMOCIM,230790,2307908,MARTINOPOLE
NORDESTE,CE,2309,2ª MACRO - SOBRAL,23011,11ª REGIÃO SOBRAL,230800,2308005,MASSAPE
NORDESTE,CE,2308,3ª MACRO - CARIRI,23019,19ª REGIÃO BREJO SANTO,230810,2308104,MAURITI
NORDESTE,CE,2309,2ª MACRO - SOBRAL,23011,11ª REGIÃO SOBRAL,230820,2308203,MERUOCA
NORDESTE,CE,2308,3ª MACRO - CARIRI,23019,19ª REGIÃO BREJO SANTO,230830,2308302,MILAGRES
NORDESTE,CE,2307,4ª MACRO - SERTAO CENTRAL,23008,8ª REGIÃO QUIXADÁ,230835,2308351,MILHA
NORDESTE,CE,2310,1ª MACRO - FORTALEZA,23006,6ª REGIÃO ITAPIPOCA,230837,2308377,MIRAIMA
NORDESTE,CE,2308,3ª MACRO - CARIRI,23021,21ª REGIÃO JUAZEIRO DO NORTE,230840,2308401,MISSAO VELHA
NORDESTE,CE,2308,3ª MACRO - CARIRI,23018,18ª REGIÃO IGUATÚ,230850,2308500,MOMBACA
NORDESTE,CE,2309,2ª MACRO - SOBRAL,23015,15ª REGIÃO CRATEÚS,230860,2308609,MONSENHOR TABOSA
NORDESTE,CE,2306,5ª MACRO - LITORAL LESTE/JAGUARIBE,23009,9ª REGIÃO RUSSAS,230870,2308708,MORADA NOVA
NORDESTE,CE,2309,2ª MACRO - SOBRAL,23011,11ª REGIÃO SOBRAL,230880,2308807,MORAUJO
NORDESTE,CE,2309,2ª MACRO - SOBRAL,23012,12ª REGIÃO ACARAÚ,230890,2308906,MORRINHOS
NORDESTE,CE,2309,2ª MACRO - SOBRAL,23011,11ª REGIÃO SOBRAL,230900,2309003,MUCAMBO
NORDESTE,CE,2310,1ª MACRO - FORTALEZA,23004,4ª REGIÃO BATURITÉ,230910,2309102,MULUNGU
NORDESTE,CE,2308,3ª MACRO - CARIRI,23020,20ª REGIÃO CRATO,230920,2309201,NOVA OLINDA
NORDESTE,CE,2309,2ª MACRO - SOBRAL,23015,15ª REGIÃO CRATEÚS,230930,2309300,NOVA RUSSAS
NORDESTE,CE,2309,2ª MACRO - SOBRAL,23015,15ª REGIÃO CRATEÚS,230940,2309409,NOVO ORIENTE
NORDESTE,CE,2310,1ª MACRO - FORTALEZA,23022,22ª REGIÃO CASCAVEL,230945,2309458,OCARA
NORDESTE,CE,2308,3ª MACRO - CARIRI,23017,17ª REGIÃO ICÓ,230950,2309508,OROS
NORDESTE,CE,2310,1ª MACRO - FORTALEZA,23022,22ª REGIÃO CASCAVEL,230960,2309607,PACAJUS
NORDESTE,CE,2310,1ª MACRO - FORTALEZA,23003,3ª REGIÃO MARACANAÚ,230970,2309706,PACATUBA
NORDESTE,CE,2310,1ª MACRO - FORTALEZA,23004,4ª REGIÃO BATURITÉ,230980,2309805,PACOTI
NORDESTE,CE,2309,2ª MACRO - SOBRAL,23011,11ª REGIÃO SOBRAL,230990,2309904,PACUJA
NORDESTE,CE,2306,5ª MACRO - LITORAL LESTE/JAGUARIBE,23009,9ª REGIÃO RUSSAS,231000,2310001,PALHANO
NORDESTE,CE,2310,1ª MACRO - FORTALEZA,23003,3ª REGIÃO MARACANAÚ,231010,2310100,PALMACIA
NORDESTE,CE,2310,1ª MACRO - FORTALEZA,23002,2ª REGIÃO CAUCAIA,231020,2310209,PARACURU
NORDESTE,CE,2310,1ª MACRO - FORTALEZA,23002,2ª REGIÃO CAUCAIA,231025,2310258,PARAIPABA
NORDESTE,CE,2307,4ª MACRO - SERTAO CENTRAL,23014,14ª REGIÃO TAUÁ,231030,2310308,PARAMBU
NORDESTE,CE,2307,4ª MACRO - SERTAO CENTRAL,23005,5ª REGIÃO CANINDÉ,231040,2310407,PARAMOTI
NORDESTE,CE,2307,4ª MACRO - SERTAO CENTRAL,23008,8ª REGIÃO QUIXADÁ,231050,2310506,PEDRA BRANCA
NORDESTE,CE,2308,3ª MACRO - CARIRI,23019,19ª REGIÃO BREJO SANTO,231060,2310605,PENAFORTE
NORDESTE,CE,2310,1ª MACRO - FORTALEZA,23002,2ª REGIÃO CAUCAIA,231070,2310704,PENTECOSTE
NORDESTE,CE,2306,5ª MACRO - LITORAL LESTE/JAGUARIBE,23010,10ª REGIÃO LIMOEIRO DO NORTE,231080,2310803,PEREIRO
NORDESTE,CE,2310,1ª MACRO - FORTALEZA,23022,22ª REGIÃO CASCAVEL,231085,2310852,PINDORETAMA
NORDESTE,CE,2308,3ª MACRO - CARIRI,23018,18ª REGIÃO IGUATÚ,231090,2310902,PIQUET CARNEIRO
NORDESTE,CE,2309,2ª MACRO - SOBRAL,23011,11ª REGIÃO SOBRAL,231095,2310951,PIRES FERREIRA
NORDESTE,CE,2309,2ª MACRO - SOBRAL,23015,15ª REGIÃO CRATEÚS,231100,2311009,PORANGA
NORDESTE,CE,2308,3ª MACRO - CARIRI,23019,19ª REGIÃO BREJO SANTO,231110,2311108,PORTEIRAS
NORDESTE,CE,2308,3ª MACRO - CARIRI,23020,20ª REGIÃO CRATO,231120,2311207,POTENGI
NORDESTE,CE,2306,5ª MACRO - LITORAL LESTE/JAGUARIBE,23010,10ª REGIÃO LIMOEIRO DO NORTE,231123,2311231,POTIRETAMA
NORDESTE,CE,2309,2ª MACRO - SOBRAL,23015,15ª REGIÃO CRATEÚS,231126,2311264,QUITERIANOPOLIS
NORDESTE,CE,2307,4ª MACRO - SERTAO CENTRAL,23008,8ª REGIÃO QUIXADÁ,231130,2311306,QUIXADA
NORDESTE,CE,2308,3ª MACRO - CARIRI,23018,18ª REGIÃO IGUATÚ,231135,2311355,QUIXELO
NORDESTE,CE,2307,4ª MACRO - SERTAO CENTRAL,23008,8ª REGIÃO QUIXADÁ,231140,2311405,QUIXERAMOBIM
NORDESTE,CE,2306,5ª MACRO - LITORAL LESTE/JAGUARIBE,23010,10ª REGIÃO LIMOEIRO DO NORTE,231150,2311504,QUIXERE
NORDESTE,CE,2310,1ª MACRO - FORTALEZA,23003,3ª REGIÃO MARACANAÚ,231160,2311603,REDENCAO
NORDESTE,CE,2309,2ª MACRO - SOBRAL,23011,11ª REGIÃO SOBRAL,231170,2311702,RERIUTABA
NORDESTE,CE,2306,5ª MACRO - LITORAL LESTE/JAGUARIBE,23009,9ª REGIÃO RUSSAS,231180,2311801,RUSSAS
NORDESTE,CE,2308,3ª MACRO - CARIRI,23018,18ª REGIÃO IGUATÚ,231190,2311900,SABOEIRO
NORDESTE,CE,2308,3ª MACRO - CARIRI,23020,20ª REGIÃO CRATO,231195,2311959,SALITRE
NORDESTE,CE,2309,2ª MACRO - SOBRAL,23011,11ª REGIÃO SOBRAL,231200,2312007,SANTANA DO ACARAU
NORDESTE,CE,2308,3ª MACRO - CARIRI,23020,20ª REGIÃO CRATO,231210,2312106,SANTANA DO CARIRI
NORDESTE,CE,2309,2ª MACRO - SOBRAL,23011,11ª REGIÃO SOBRAL,231220,2312205,SANTA QUITERIA
NORDESTE,CE,2309,2ª MACRO - SOBRAL,23013,13ª REGIÃO TIANGUÁ,231230,2312304,SAO BENEDITO
NORDESTE,CE,2310,1ª MACRO - FORTALEZA,23002,2ª REGIÃO CAUCAIA,231240,2312403,SAO GONCALO DO AMARANTE
NORDESTE,CE,2306,5ª MACRO - LITORAL LESTE/JAGUARIBE,23010,10ª REGIÃO LIMOEIRO DO NORTE,231250,2312502,SAO JOAO DO JAGUARIBE
NORDESTE,CE,2310,1ª MACRO - FORTALEZA,23002,2ª REGIÃO CAUCAIA,231260,2312601,SAO LUIS DO CURU
NORDESTE,CE,2307,4ª MACRO - SERTAO CENTRAL,23008,8ª REGIÃO QUIXADÁ,231270,2312700,SENADOR POMPEU
NORDESTE,CE,2309,2ª MACRO - SOBRAL,23011,11ª REGIÃO SOBRAL,231280,2312809,SENADOR SA
NORDESTE,CE,2309,2ª MACRO - SOBRAL,23011,11ª REGIÃO SOBRAL,231290,2312908,SOBRAL
NORDESTE,CE,2307,4ª MACRO - SERTAO CENTRAL,23008,8ª REGIÃO QUIXADÁ,231300,2313005,SOLONOPOLE
NORDESTE,CE,2306,5ª MACRO - LITORAL LESTE/JAGUARIBE,23010,10ª REGIÃO LIMOEIRO DO NORTE,231310,2313104,TABULEIRO DO NORTE
NORDESTE,CE,2309,2ª MACRO - SOBRAL,23015,15ª REGIÃO CRATEÚS,231320,2313203,TAMBORIL
NORDESTE,CE,2308,3ª MACRO - CARIRI,23020,20ª REGIÃO CRATO,231325,2313252,TARRAFAS
NORDESTE,CE,2307,4ª MACRO - SERTAO CENTRAL,23014,14ª REGIÃO TAUÁ,231330,2313302,TAUA
NORDESTE,CE,2310,1ª MACRO - FORTALEZA,23002,2ª REGIÃO CAUCAIA,231335,2313351,TEJUCUOCA
NORDESTE,CE,2309,2ª MACRO - SOBRAL,23013,13ª REGIÃO TIANGUÁ,231340,2313401,TIANGUA
NORDESTE,CE,2310,1ª MACRO - FORTALEZA,23006,6ª REGIÃO ITAPIPOCA,231350,2313500,TRAIRI
NORDESTE,CE,2310,1ª MACRO - FORTALEZA,23006,6ª REGIÃO ITAPIPOCA,231355,2313559,TURURU
NORDESTE,CE,2309,2ª MACRO - SOBRAL,23013,13ª REGIÃO TIANGUÁ,231360,2313609,UBAJARA
NORDESTE,CE,2308,3ª MACRO - CARIRI,23017,17ª REGIÃO ICÓ,231370,2313708,UMARI
NORDESTE,CE,2310,1ª MACRO - FORTALEZA,23006,6ª REGIÃO ITAPIPOCA,231375,2313757,UMIRIM
NORDESTE,CE,2310,1ª MACRO - FORTALEZA,23006,6ª REGIÃO ITAPIPOCA,231380,2313807,URUBURETAMA
NORDESTE,CE,2309,2ª MACRO - SOBRAL,23011,11ª REGIÃO SOBRAL,231390,2313906,URUOCA
NORDESTE,CE,2309,2ª MACRO - SOBRAL,23011,11ª REGIÃO SOBRAL,231395,2313955,VARJOTA
NORDESTE,CE,2308,3ª MACRO - CARIRI,23020,20ª REGIÃO CRATO,231400,2314003,VARZEA ALEGRE
NORDESTE,CE,2309,2ª MACRO - SOBRAL,23013,13ª REGIÃO TIANGUÁ,231410,2314102,VICOSA DO CEARA
NORDESTE,RN,2402,MACRORREGIAO I,24004,4ª REGIÃO DE SAÚDE - CAICÓ,240010,2400109,ACARI
NORDESTE,RN,2401,MACRORREGIAO II,24008,8ª REGIÃO DE SAÚDE - AÇU,240020,2400208,ACU
NORDESTE,RN,2402,MACRORREGIAO I,24003,3ª REGIÃO DE SAÚDE - JOÃO CÂMARA,240030,2400307,AFONSO BEZERRA
NORDESTE,RN,2401,MACRORREGIAO II,24006,6ª REGIÃO DE SAÚDE - PAU DOS FERROS,240040,2400406,AGUA NOVA
NORDESTE,RN,2401,MACRORREGIAO II,24006,6ª REGIÃO DE SAÚDE - PAU DOS FERROS,240050,2400505,ALEXANDRIA
NORDESTE,RN,2401,MACRORREGIAO II,24006,6ª REGIÃO DE SAÚDE - PAU DOS FERROS,240060,2400604,ALMINO AFONSO
NORDESTE,RN,2401,MACRORREGIAO II,24008,8ª REGIÃO DE SAÚDE - AÇU,240070,2400703,ALTO DO RODRIGUES
NORDESTE,RN,2401,MACRORREGIAO II,24008,8ª REGIÃO DE SAÚDE - AÇU,240080,2400802,ANGICOS
NORDESTE,RN,2401,MACRORREGIAO II,24006,6ª REGIÃO DE SAÚDE - PAU DOS FERROS,240090,2400901,ANTONIO MARTINS
NORDESTE,RN,2401,MACRORREGIAO II,24002,2ª REGIÃO DE SAÚDE - MOSSORÓ,240100,2401008,APODI
NORDESTE,RN,2401,MACRORREGIAO II,24002,2ª REGIÃO DE SAÚDE - MOSSORÓ,240110,2401107,AREIA BRANCA
NORDESTE,RN,2402,MACRORREGIAO I,24001,1ª REGIÃO DE SAÚDE - SÃO JOSÉ DE MIPIBU,240120,2401206,ARES
NORDESTE,RN,2401,MACRORREGIAO II,24002,2ª REGIÃO DE SAÚDE - MOSSORÓ,240130,2401305,AUGUSTO SEVERO
NORDESTE,RN,2402,MACRORREGIAO I,24001,1ª REGIÃO DE SAÚDE - SÃO JOSÉ DE MIPIBU,240140,2401404,BAIA FORMOSA
NORDESTE,RN,2401,MACRORREGIAO II,24002,2ª REGIÃO DE SAÚDE - MOSSORÓ,240145,2401453,BARAUNA
NORDESTE,RN,2402,MACRORREGIAO I,24005,5ª REGIÃO DE SAÚDE - SANTA CRUZ,240150,2401503,BARCELONA
NORDESTE,RN,2402,MACRORREGIAO I,24003,3ª REGIÃO DE SAÚDE - JOÃO CÂMARA,240160,2401602,BENTO FERNANDES
NORDESTE,RN,2402,MACRORREGIAO I,24004,4ª REGIÃO DE SAÚDE - CAICÓ,240165,2401651,BODO
NORDESTE,RN,2402,MACRORREGIAO I,24005,5ª REGIÃO DE SAÚDE - SANTA CRUZ,240170,2401701,BOM JESUS
NORDESTE,RN,2402,MACRORREGIAO I,24001,1ª REGIÃO DE SAÚDE - SÃO JOSÉ DE MIPIBU,240180,2401800,BREJINHO
NORDESTE,RN,2402,MACRORREGIAO I,24003,3ª REGIÃO DE SAÚDE - JOÃO CÂMARA,240185,2401859,CAICARA DO NORTE
NORDESTE,RN,2402,MACRORREGIAO I,24003,3ª REGIÃO DE SAÚDE - JOÃO CÂMARA,240190,2401909,CAICARA DO RIO DO VENTO
NORDESTE,RN,2402,MACRORREGIAO I,24004,4ª REGIÃO DE SAÚDE - CAICÓ,240200,2402006,CAICO
NORDESTE,RN,2402,MACRORREGIAO I,24005,5ª REGIÃO DE SAÚDE - SANTA CRUZ,240210,2402105,CAMPO REDONDO
NORDESTE,RN,2402,MACRORREGIAO I,24001,1ª REGIÃO DE SAÚDE - SÃO JOSÉ DE MIPIBU,240220,2402204,CANGUARETAMA
NORDESTE,RN,2401,MACRORREGIAO II,24002,2ª REGIÃO DE SAÚDE - MOSSORÓ,240230,2402303,CARAUBAS
NORDESTE,RN,2402,MACRORREGIAO I,24004,4ª REGIÃO DE SAÚDE - CAICÓ,240240,2402402,CARNAUBA DOS DANTAS
NORDESTE,RN,2401,MACRORREGIAO II,24008,8ª REGIÃO DE SAÚDE - AÇU,240250,2402501,CARNAUBAIS
NORDESTE,RN,2402,MACRORREGIAO I,24003,3ª REGIÃO DE SAÚDE - JOÃO CÂMARA,240260,2402600,CEARA-MIRIM
NORDESTE,RN,2402,MACRORREGIAO I,24004,4ª REGIÃO DE SAÚDE - CAICÓ,240270,2402709,CERRO CORA
NORDESTE,RN,2402,MACRORREGIAO I,24005,5ª REGIÃO DE SAÚDE - SANTA CRUZ,240280,2402808,CORONEL EZEQUIEL
NORDESTE,RN,2401,MACRORREGIAO II,24006,6ª REGIÃO DE SAÚDE - PAU DOS FERROS,240290,2402907,CORONEL JOAO PESSOA
NORDESTE,RN,2402,MACRORREGIAO I,24004,4ª REGIÃO DE SAÚDE - CAICÓ,240300,2403004,CRUZETA
NORDESTE,RN,2402,MACRORREGIAO I,24004,4ª REGIÃO DE SAÚDE - CAICÓ,240310,2403103,CURRAIS NOVOS
NORDESTE,RN,2401,MACRORREGIAO II,24006,6ª REGIÃO DE SAÚDE - PAU DOS FERROS,240320,2403202,DOUTOR SEVERIANO
NORDESTE,RN,2402,MACRORREGIAO I,24007,7ª REGIÃO DE SAÚDE - METROPOLITANA,240325,2403251,PARNAMIRIM
NORDESTE,RN,2401,MACRORREGIAO II,24006,6ª REGIÃO DE SAÚDE - PAU DOS FERROS,240330,2403301,ENCANTO
NORDESTE,RN,2402,MACRORREGIAO I,24004,4ª REGIÃO DE SAÚDE - CAICÓ,240340,2403400,EQUADOR
NORDESTE,RN,2402,MACRORREGIAO I,24001,1ª REGIÃO DE SAÚDE - SÃO JOSÉ DE MIPIBU,240350,2403509,ESPIRITO SANTO
NORDESTE,RN,2402,MACRORREGIAO I,24007,7ª REGIÃO DE SAÚDE - METROPOLITANA,240360,2403608,EXTREMOZ
NORDESTE,RN,2401,MACRORREGIAO II,24002,2ª REGIÃO DE SAÚDE - MOSSORÓ,240370,2403707,FELIPE GUERRA
NORDESTE,RN,2401,MACRORREGIAO II,24008,8ª REGIÃO DE SAÚDE - AÇU,240375,2403756,FERNANDO PEDROZA
NORDESTE,RN,2402,MACRORREGIAO I,24004,4ª REGIÃO DE SAÚDE - CAICÓ,240380,2403806,FLORANIA
NORDESTE,RN,2401,MACRORREGIAO II,24006,6ª REGIÃO DE SAÚDE - PAU DOS FERROS,240390,2403905,FRANCISCO DANTAS
NORDESTE,RN,2401,MACRORREGIAO II,24006,6ª REGIÃO DE SAÚDE - PAU DOS FERROS,240400,2404002,FRUTUOSO GOMES
NORDESTE,RN,2402,MACRORREGIAO I,24003,3ª REGIÃO DE SAÚDE - JOÃO CÂMARA,240410,2404101,GALINHOS
NORDESTE,RN,2402,MACRORREGIAO I,24001,1ª REGIÃO DE SAÚDE - SÃO JOSÉ DE MIPIBU,240420,2404200,GOIANINHA
NORDESTE,RN,2401,MACRORREGIAO II,24002,2ª REGIÃO DE SAÚDE - MOSSORÓ,240430,2404309,GOVERNADOR DIX-SEPT ROSADO
NORDESTE,RN,2401,MACRORREGIAO II,24002,2ª REGIÃO DE SAÚDE - MOSSORÓ,240440,2404408,GROSSOS
NORDESTE,RN,2402,MACRORREGIAO I,24003,3ª REGIÃO DE SAÚDE - JOÃO CÂMARA,240450,2404507,GUAMARE
NORDESTE,RN,2402,MACRORREGIAO I,24003,3ª REGIÃO DE SAÚDE - JOÃO CÂMARA,240460,2404606,IELMO MARINHO
NORDESTE,RN,2401,MACRORREGIAO II,24008,8ª REGIÃO DE SAÚDE - AÇU,240470,2404705,IPANGUACU
NORDESTE,RN,2402,MACRORREGIAO I,24004,4ª REGIÃO DE SAÚDE - CAICÓ,240480,2404804,IPUEIRA
NORDESTE,RN,2401,MACRORREGIAO II,24008,8ª REGIÃO DE SAÚDE - AÇU,240485,2404853,ITAJA
NORDESTE,RN,2401,MACRORREGIAO II,24006,6ª REGIÃO DE SAÚDE - PAU DOS FERROS,240490,2404903,ITAU
NORDESTE,RN,2402,MACRORREGIAO I,24005,5ª REGIÃO DE SAÚDE - SANTA CRUZ,240500,2405009,JACANA
NORDESTE,RN,2402,MACRORREGIAO I,24003,3ª REGIÃO DE SAÚDE - JOÃO CÂMARA,240510,2405108,JANDAIRA
NORDESTE,RN,2401,MACRORREGIAO II,24002,2ª REGIÃO DE SAÚDE - MOSSORÓ,240520,2405207,JANDUIS
NORDESTE,RN,2402,MACRORREGIAO I,24005,5ª REGIÃO DE SAÚDE - SANTA CRUZ,240530,2405306,JANUARIO CICCO
NORDESTE,RN,2402,MACRORREGIAO I,24005,5ª REGIÃO DE SAÚDE - SANTA CRUZ,240540,2405405,JAPI
NORDESTE,RN,2402,MACRORREGIAO I,24003,3ª REGIÃO DE SAÚDE - JOÃO CÂMARA,240550,2405504,JARDIM DE ANGICOS
NORDESTE,RN,2402,MACRORREGIAO I,24004,4ª REGIÃO DE SAÚDE - CAICÓ,240560,2405603,JARDIM DE PIRANHAS
NORDESTE,RN,2402,MACRORREGIAO I,24004,4ª REGIÃO DE SAÚDE - CAICÓ,240570,2405702,JARDIM DO SERIDO
NORDESTE,RN,2402,MACRORREGIAO I,24003,3ª REGIÃO DE SAÚDE - JOÃO CÂMARA,240580,2405801,JOAO CAMARA
NORDESTE,RN,2401,MACRORREGIAO II,24006,6ª REGIÃO DE SAÚDE - PAU DOS FERROS,240590,2405900,JOAO DIAS
NORDESTE,RN,2401,MACRORREGIAO II,24006,6ª REGIÃO DE SAÚDE - PAU DOS FERROS,240600,2406007,JOSE DA PENHA
NORDESTE,RN,2402,MACRORREGIAO I,24004,4ª REGIÃO DE SAÚDE - CAICÓ,240610,2406106,JUCURUTU
NORDESTE,RN,2402,MACRORREGIAO I,24001,1ª REGIÃO DE SAÚDE - SÃO JOSÉ DE MIPIBU,240615,2406155,JUNDIA
NORDESTE,RN,2402,MACRORREGIAO I,24001,1ª REGIÃO DE SAÚDE - SÃO JOSÉ DE MIPIBU,240620,2406205,LAGOA D'ANTA
NORDESTE,RN,2402,MACRORREGIAO I,24001,1ª REGIÃO DE SAÚDE - SÃO JOSÉ DE MIPIBU,240630,2406304,LAGOA DE PEDRAS
NORDESTE,RN,2402,MACRORREGIAO I,24005,5ª REGIÃO DE SAÚDE - SANTA CRUZ,240640,2406403,LAGOA DE VELHOS
NORDESTE,RN,2402,MACRORREGIAO I,24004,4ª REGIÃO DE SAÚDE - CAICÓ,240650,2406502,LAGOA NOVA
NORDESTE,RN,2402,MACRORREGIAO I,24001,1ª REGIÃO DE SAÚDE - SÃO JOSÉ DE MIPIBU,240660,2406601,LAGOA SALGADA
NORDESTE,RN,2402,MACRORREGIAO I,24003,3ª REGIÃO DE SAÚDE - JOÃO CÂMARA,240670,2406700,LAJES
NORDESTE,RN,2402,MACRORREGIAO I,24005,5ª REGIÃO DE SAÚDE - SANTA CRUZ,240680,2406809,LAJES PINTADAS
NORDESTE,RN,2401,MACRORREGIAO II,24006,6ª REGIÃO DE SAÚDE - PAU DOS FERROS,240690,2406908,LUCRECIA
NORDESTE,RN,2401,MACRORREGIAO II,24006,6ª REGIÃO DE SAÚDE - PAU DOS FERROS,240700,2407005,LUIS GOMES
NORDESTE,RN,2402,MACRORREGIAO I,24007,7ª REGIÃO DE SAÚDE - METROPOLITANA,240710,2407104,MACAIBA
NORDESTE,RN,2402,MACRORREGIAO I,24003,3ª REGIÃO DE SAÚDE - JOÃO CÂMARA,240720,2407203,MACAU
NORDESTE,RN,2401,MACRORREGIAO II,24006,6ª REGIÃO DE SAÚDE - PAU DOS FERROS,240725,2407252,MAJOR SALES
NORDESTE,RN,2401,MACRORREGIAO II,24006,6ª REGIÃO DE SAÚDE - PAU DOS FERROS,240730,2407302,MARCELINO VIEIRA
NORDESTE,RN,2401,MACRORREGIAO II,24006,6ª REGIÃO DE SAÚDE - PAU DOS FERROS,240740,2407401,MARTINS
NORDESTE,RN,2402,MACRORREGIAO I,24003,3ª REGIÃO DE SAÚDE - JOÃO CÂMARA,240750,2407500,MAXARANGUAPE
NORDESTE,RN,2401,MACRORREGIAO II,24002,2ª REGIÃO DE SAÚDE - MOSSORÓ,240760,2407609,MESSIAS TARGINO
NORDESTE,RN,2402,MACRORREGIAO I,24001,1ª REGIÃO DE SAÚDE - SÃO JOSÉ DE MIPIBU,240770,2407708,MONTANHAS
NORDESTE,RN,2402,MACRORREGIAO I,24001,1ª REGIÃO DE SAÚDE - SÃO JOSÉ DE MIPIBU,240780,2407807,MONTE ALEGRE
NORDESTE,RN,2402,MACRORREGIAO I,24001,1ª REGIÃO DE SAÚDE - SÃO JOSÉ DE MIPIBU,240790,2407906,MONTE DAS GAMELEIRAS
NORDESTE,RN,2401,MACRORREGIAO II,24002,2ª REGIÃO DE SAÚDE - MOSSORÓ,240800,2408003,MOSSORO
NORDESTE,RN,2402,MACRORREGIAO I,24007,7ª REGIÃO DE SAÚDE - METROPOLITANA,240810,2408102,NATAL
NORDESTE,RN,2402,MACRORREGIAO I,24001,1ª REGIÃO DE SAÚDE - SÃO JOSÉ DE MIPIBU,240820,2408201,NISIA FLORESTA
NORDESTE,RN,2402,MACRORREGIAO I,24001,1ª REGIÃO DE SAÚDE - SÃO JOSÉ DE MIPIBU,240830,2408300,NOVA CRUZ
NORDESTE,RN,2401,MACRORREGIAO II,24006,6ª REGIÃO DE SAÚDE - PAU DOS FERROS,240840,2408409,OLHO-D'AGUA DO BORGES
NORDESTE,RN,2402,MACRORREGIAO I,24004,4ª REGIÃO DE SAÚDE - CAICÓ,240850,2408508,OURO BRANCO
NORDESTE,RN,2401,MACRORREGIAO II,24006,6ª REGIÃO DE SAÚDE - PAU DOS FERROS,240860,2408607,PARANA
NORDESTE,RN,2401,MACRORREGIAO II,24008,8ª REGIÃO DE SAÚDE - AÇU,240870,2408706,PARAU
NORDESTE,RN,2402,MACRORREGIAO I,24003,3ª REGIÃO DE SAÚDE - JOÃO CÂMARA,240880,2408805,PARAZINHO
NORDESTE,RN,2402,MACRORREGIAO I,24004,4ª REGIÃO DE SAÚDE - CAICÓ,240890,2408904,PARELHAS
NORDESTE,RN,2402,MACRORREGIAO I,24003,3ª REGIÃO DE SAÚDE - JOÃO CÂMARA,240895,2408953,RIO DO FOGO
NORDESTE,RN,2402,MACRORREGIAO I,24001,1ª REGIÃO DE SAÚDE - SÃO JOSÉ DE MIPIBU,240910,2409100,PASSA E FICA
NORDESTE,RN,2402,MACRORREGIAO I,24001,1ª REGIÃO DE SAÚDE - SÃO JOSÉ DE MIPIBU,240920,2409209,PASSAGEM
NORDESTE,RN,2401,MACRORREGIAO II,24006,6ª REGIÃO DE SAÚDE - PAU DOS FERROS,240930,2409308,PATU
NORDESTE,RN,2402,MACRORREGIAO I,24005,5ª REGIÃO DE SAÚDE - SANTA CRUZ,240933,2409332,SANTA MARIA
NORDESTE,RN,2401,MACRORREGIAO II,24006,6ª REGIÃO DE SAÚDE - PAU DOS FERROS,240940,2409407,PAU DOS FERROS
NORDESTE,RN,2402,MACRORREGIAO I,24003,3ª REGIÃO DE SAÚDE - JOÃO CÂMARA,240950,2409506,PEDRA GRANDE
NORDESTE,RN,2402,MACRORREGIAO I,24003,3ª REGIÃO DE SAÚDE - JOÃO CÂMARA,240960,2409605,PEDRA PRETA
NORDESTE,RN,2402,MACRORREGIAO I,24003,3ª REGIÃO DE SAÚDE - JOÃO CÂMARA,240970,2409704,PEDRO AVELINO
NORDESTE,RN,2402,MACRORREGIAO I,24001,1ª REGIÃO DE SAÚDE - SÃO JOSÉ DE MIPIBU,240980,2409803,PEDRO VELHO
NORDESTE,RN,2401,MACRORREGIAO II,24008,8ª REGIÃO DE SAÚDE - AÇU,240990,2409902,PENDENCIAS
NORDESTE,RN,2401,MACRORREGIAO II,24006,6ª REGIÃO DE SAÚDE - PAU DOS FERROS,241000,2410009,PILOES
NORDESTE,RN,2402,MACRORREGIAO I,24003,3ª REGIÃO DE SAÚDE - JOÃO CÂMARA,241010,2410108,POCO BRANCO
NORDESTE,RN,2401,MACRORREGIAO II,24006,6ª REGIÃO DE SAÚDE - PAU DOS FERROS,241020,2410207,PORTALEGRE
NORDESTE,RN,2401,MACRORREGIAO II,24008,8ª REGIÃO DE SAÚDE - AÇU,241025,2410256,PORTO DO MANGUE
NORDESTE,RN,2402,MACRORREGIAO I,24005,5ª REGIÃO DE SAÚDE - SANTA CRUZ,241030,2410306,SERRA CAIADA
NORDESTE,RN,2402,MACRORREGIAO I,24003,3ª REGIÃO DE SAÚDE - JOÃO CÂMARA,241040,2410405,PUREZA
NORDESTE,RN,2401,MACRORREGIAO II,24006,6ª REGIÃO DE SAÚDE - PAU DOS FERROS,241050,2410504,RAFAEL FERNANDES
NORDESTE,RN,2401,MACRORREGIAO II,24006,6ª REGIÃO DE SAÚDE - PAU DOS FERROS,241060,2410603,RAFAEL GODEIRO
NORDESTE,RN,2401,MACRORREGIAO II,24006,6ª REGIÃO DE SAÚDE - PAU DOS FERROS,241070,2410702,RIACHO DA CRUZ
NORDESTE,RN,2401,MACRORREGIAO II,24006,6ª REGIÃO DE SAÚDE - PAU DOS FERROS,241080,2410801,RIACHO DE SANTANA
NORDESTE,RN,2402,MACRORREGIAO I,24003,3ª REGIÃO DE SAÚDE - JOÃO CÂMARA,241090,2410900,RIACHUELO
NORDESTE,RN,2401,MACRORREGIAO II,24006,6ª REGIÃO DE SAÚDE - PAU DOS FERROS,241100,2411007,RODOLFO FERNANDES
NORDESTE,RN,2401,MACRORREGIAO II,24002,2ª REGIÃO DE SAÚDE - MOSSORÓ,241105,2411056,TIBAU
NORDESTE,RN,2402,MACRORREGIAO I,24005,5ª REGIÃO DE SAÚDE - SANTA CRUZ,241110,2411106,RUY BARBOSA
NORDESTE,RN,2402,MACRORREGIAO I,24005,5ª REGIÃO DE SAÚDE - SANTA CRUZ,241120,2411205,SANTA CRUZ
NORDESTE,RN,2402,MACRORREGIAO I,24004,4ª REGIÃO DE SAÚDE - CAICÓ,241140,2411403,SANTANA DO MATOS
NORDESTE,RN,2402,MACRORREGIAO I,24004,4ª REGIÃO DE SAÚDE - CAICÓ,241142,2411429,SANTANA DO SERIDO
NORDESTE,RN,2402,MACRORREGIAO I,24001,1ª REGIÃO DE SAÚDE - SÃO JOSÉ DE MIPIBU,241150,2411502,SANTO ANTONIO
NORDESTE,RN,2402,MACRORREGIAO I,24003,3ª REGIÃO DE SAÚDE - JOÃO CÂMARA,241160,2411601,SAO BENTO DO NORTE
NORDESTE,RN,2402,MACRORREGIAO I,24005,5ª REGIÃO DE SAÚDE - SANTA CRUZ,241170,2411700,SAO BENTO DO TRAIRI
NORDESTE,RN,2402,MACRORREGIAO I,24004,4ª REGIÃO DE SAÚDE - CAICÓ,241180,2411809,SAO FERNANDO
NORDESTE,RN,2401,MACRORREGIAO II,24006,6ª REGIÃO DE SAÚDE - PAU DOS FERROS,241190,2411908,SAO FRANCISCO DO OESTE
NORDESTE,RN,2402,MACRORREGIAO I,24007,7ª REGIÃO DE SAÚDE - METROPOLITANA,241200,2412005,SAO GONCALO DO AMARANTE
NORDESTE,RN,2402,MACRORREGIAO I,24004,4ª REGIÃO DE SAÚDE - CAICÓ,241210,2412104,SAO JOAO DO SABUGI
NORDESTE,RN,2402,MACRORREGIAO I,24001,1ª REGIÃO DE SAÚDE - SÃO JOSÉ DE MIPIBU,241220,2412203,SAO JOSE DE MIPIBU
NORDESTE,RN,2402,MACRORREGIAO I,24005,5ª REGIÃO DE SAÚDE - SANTA CRUZ,241230,2412302,SAO JOSE DO CAMPESTRE
NORDESTE,RN,2402,MACRORREGIAO I,24004,4ª REGIÃO DE SAÚDE - CAICÓ,241240,2412401,SAO JOSE DO SERIDO
NORDESTE,RN,2401,MACRORREGIAO II,24006,6ª REGIÃO DE SAÚDE - PAU DOS FERROS,241250,2412500,SAO MIGUEL
NORDESTE,RN,2402,MACRORREGIAO I,24003,3ª REGIÃO DE SAÚDE - JOÃO CÂMARA,241255,2412559,SAO MIGUEL DO GOSTOSO
NORDESTE,RN,2402,MACRORREGIAO I,24005,5ª REGIÃO DE SAÚDE - SANTA CRUZ,241260,2412609,SAO PAULO DO POTENGI
NORDESTE,RN,2402,MACRORREGIAO I,24005,5ª REGIÃO DE SAÚDE - SANTA CRUZ,241270,2412708,SAO PEDRO
NORDESTE,RN,2401,MACRORREGIAO II,24008,8ª REGIÃO DE SAÚDE - AÇU,241280,2412807,SAO RAFAEL
NORDESTE,RN,2402,MACRORREGIAO I,24005,5ª REGIÃO DE SAÚDE - SANTA CRUZ,241290,2412906,SAO TOME
NORDESTE,RN,2402,MACRORREGIAO I,24004,4ª REGIÃO DE SAÚDE - CAICÓ,241300,2413003,SAO VICENTE
NORDESTE,RN,2402,MACRORREGIAO I,24005,5ª REGIÃO DE SAÚDE - SANTA CRUZ,241310,2413102,SENADOR ELOI DE SOUZA
NORDESTE,RN,2402,MACRORREGIAO I,24001,1ª REGIÃO DE SAÚDE - SÃO JOSÉ DE MIPIBU,241320,2413201,SENADOR GEORGINO AVELINO
NORDESTE,RN,2402,MACRORREGIAO I,24001,1ª REGIÃO DE SAÚDE - SÃO JOSÉ DE MIPIBU,241330,2413300,SERRA DE SAO BENTO
NORDESTE,RN,2401,MACRORREGIAO II,24002,2ª REGIÃO DE SAÚDE - MOSSORÓ,241335,2413359,SERRA DO MEL
NORDESTE,RN,2402,MACRORREGIAO I,24004,4ª REGIÃO DE SAÚDE - CAICÓ,241340,2413409,SERRA NEGRA DO NORTE
NORDESTE,RN,2402,MACRORREGIAO I,24001,1ª REGIÃO DE SAÚDE - SÃO JOSÉ DE MIPIBU,241350,2413508,SERRINHA
NORDESTE,RN,2401,MACRORREGIAO II,24006,6ª REGIÃO DE SAÚDE - PAU DOS FERROS,241355,2413557,SERRINHA DOS PINTOS
NORDESTE,RN,2401,MACRORREGIAO II,24006,6ª REGIÃO DE SAÚDE - PAU DOS FERROS,241360,2413607,SEVERIANO MELO
NORDESTE,RN,2402,MACRORREGIAO I,24005,5ª REGIÃO DE SAÚDE - SANTA CRUZ,241370,2413706,SITIO NOVO
NORDESTE,RN,2401,MACRORREGIAO II,24006,6ª REGIÃO DE SAÚDE - PAU DOS FERROS,241380,2413805,TABOLEIRO GRANDE
NORDESTE,RN,2402,MACRORREGIAO I,24003,3ª REGIÃO DE SAÚDE - JOÃO CÂMARA,241390,2413904,TAIPU
NORDESTE,RN,2402,MACRORREGIAO I,24005,5ª REGIÃO DE SAÚDE - SANTA CRUZ,241400,2414001,TANGARA
NORDESTE,RN,2401,MACRORREGIAO II,24006,6ª REGIÃO DE SAÚDE - PAU DOS FERROS,241410,2414100,TENENTE ANANIAS
NORDESTE,RN,2402,MACRORREGIAO I,24004,4ª REGIÃO DE SAÚDE - CAICÓ,241415,2414159,TENENTE LAURENTINO CRUZ
NORDESTE,RN,2402,MACRORREGIAO I,24001,1ª REGIÃO DE SAÚDE - SÃO JOSÉ DE MIPIBU,241420,2414209,TIBAU DO SUL
NORDESTE,RN,2402,MACRORREGIAO I,24004,4ª REGIÃO DE SAÚDE - CAICÓ,241430,2414308,TIMBAUBA DOS BATISTAS
NORDESTE,RN,2402,MACRORREGIAO I,24003,3ª REGIÃO DE SAÚDE - JOÃO CÂMARA,241440,2414407,TOUROS
NORDESTE,RN,2401,MACRORREGIAO II,24008,8ª REGIÃO DE SAÚDE - AÇU,241445,2414456,TRIUNFO POTIGUAR
NORDESTE,RN,2401,MACRORREGIAO II,24006,6ª REGIÃO DE SAÚDE - PAU DOS FERROS,241450,2414506,UMARIZAL
NORDESTE,RN,2401,MACRORREGIAO II,24002,2ª REGIÃO DE SAÚDE - MOSSORÓ,241460,2414605,UPANEMA
NORDESTE,RN,2402,MACRORREGIAO I,24001,1ª REGIÃO DE SAÚDE - SÃO JOSÉ DE MIPIBU,241470,2414704,VARZEA
NORDESTE,RN,2401,MACRORREGIAO II,24006,6ª REGIÃO DE SAÚDE - PAU DOS FERROS,241475,2414753,VENHA-VER
NORDESTE,RN,2402,MACRORREGIAO I,24001,1ª REGIÃO DE SAÚDE - SÃO JOSÉ DE MIPIBU,241480,2414803,VERA CRUZ
NORDESTE,RN,2401,MACRORREGIAO II,24006,6ª REGIÃO DE SAÚDE - PAU DOS FERROS,241490,2414902,VICOSA
NORDESTE,RN,2402,MACRORREGIAO I,24001,1ª REGIÃO DE SAÚDE - SÃO JOSÉ DE MIPIBU,241500,2415008,VILA FLOR
NORDESTE,PB,2501,MACRORREGIAO III - SERTAO/ALTO SERTAO,25011,11ª REGIÃO,250010,2500106,AGUA BRANCA
NORDESTE,PB,2501,MACRORREGIAO III - SERTAO/ALTO SERTAO,25007,7ª REGIÃO,250020,2500205,AGUIAR
NORDESTE,PB,2502,MACRORREGIAO II - CAMPINA GRANDE,25003,3ª REGIÃO,250030,2500304,ALAGOA GRANDE
NORDESTE,PB,2502,MACRORREGIAO II - CAMPINA GRANDE,25003,3ª REGIÃO,250040,2500403,ALAGOA NOVA
NORDESTE,PB,2503,MACRORREGIAO I - JOAO PESSOA,25002,2ª REGIÃO,250050,2500502,ALAGOINHA
NORDESTE,PB,2502,MACRORREGIAO II - CAMPINA GRANDE,25015,15ª REGIÃO,250053,2500536,ALCANTIL
NORDESTE,PB,2502,MACRORREGIAO II - CAMPINA GRANDE,25003,3ª REGIÃO,250057,2500577,ALGODAO DE JANDAIRA
NORDESTE,PB,2503,MACRORREGIAO I - JOAO PESSOA,25001,1ª REGIÃO MATA ATLÂNTICA,250060,2500601,ALHANDRA
NORDESTE,PB,2501,MACRORREGIAO III - SERTAO/ALTO SERTAO,25009,9ª REGIÃO,250070,2500700,SAO JOAO DO RIO DO PEIXE
NORDESTE,PB,2502,MACRORREGIAO II - CAMPINA GRANDE,25005,5ª REGIÃO,250073,2500734,AMPARO
NORDESTE,PB,2501,MACRORREGIAO III - SERTAO/ALTO SERTAO,25010,10ª REGIÃO,250077,2500775,APARECIDA
NORDESTE,PB,2503,MACRORREGIAO I - JOAO PESSOA,25002,2ª REGIÃO,250080,2500809,ARACAGI
NORDESTE,PB,2502,MACRORREGIAO II - CAMPINA GRANDE,25003,3ª REGIÃO,250090,2500908,ARARA
NORDESTE,PB,2503,MACRORREGIAO I - JOAO PESSOA,25002,2ª REGIÃO,250100,2501005,ARARUNA
NORDESTE,PB,2502,MACRORREGIAO II - CAMPINA GRANDE,25003,3ª REGIÃO,250110,2501104,AREIA
NORDESTE,PB,2501,MACRORREGIAO III - SERTAO/ALTO SERTAO,25006,6ª REGIÃO,250115,2501153,AREIA DE BARAUNAS
NORDESTE,PB,2502,MACRORREGIAO II - CAMPINA GRANDE,25003,3ª REGIÃO,250120,2501203,AREIAL
NORDESTE,PB,2502,MACRORREGIAO II - CAMPINA GRANDE,25015,15ª REGIÃO,250130,2501302,AROEIRAS
NORDESTE,PB,2502,MACRORREGIAO II - CAMPINA GRANDE,25016,16ª REGIÃO,250135,2501351,ASSUNCAO
NORDESTE,PB,2503,MACRORREGIAO I - JOAO PESSOA,25014,14ª REGIÃO,250140,2501401,BAIA DA TRAICAO
NORDESTE,PB,2503,MACRORREGIAO I - JOAO PESSOA,25002,2ª REGIÃO,250150,2501500,BANANEIRAS
NORDESTE,PB,2502,MACRORREGIAO II - CAMPINA GRANDE,25004,4ª REGIÃO,250153,2501534,BARAUNA
NORDESTE,PB,2502,MACRORREGIAO II - CAMPINA GRANDE,25015,15ª REGIÃO,250157,2501575,BARRA DE SANTANA
NORDESTE,PB,2502,MACRORREGIAO II - CAMPINA GRANDE,25004,4ª REGIÃO,250160,2501609,BARRA DE SANTA ROSA
NORDESTE,PB,2502,MACRORREGIAO II - CAMPINA GRANDE,25015,15ª REGIÃO,250170,2501708,BARRA DE SAO MIGUEL
NORDESTE,PB,2503,MACRORREGIAO I - JOAO PESSOA,25001,1ª REGIÃO MATA ATLÂNTICA,250180,2501807,BAYEUX
NORDESTE,PB,2503,MACRORREGIAO I - JOAO PESSOA,25002,2ª REGIÃO,250190,2501906,BELEM
NORDESTE,PB,2501,MACRORREGIAO III - SERTAO/ALTO SERTAO,25008,8ª REGIÃO,250200,2502003,BELEM DO BREJO DO CRUZ
NORDESTE,PB,2501,MACRORREGIAO III - SERTAO/ALTO SERTAO,25009,9ª REGIÃO,250205,2502052,BERNARDINO BATISTA
NORDESTE,PB,2501,MACRORREGIAO III - SERTAO/ALTO SERTAO,25007,7ª REGIÃO,250210,2502102,BOA VENTURA
NORDESTE,PB,2502,MACRORREGIAO II - CAMPINA GRANDE,25016,16ª REGIÃO,250215,2502151,BOA VISTA
NORDESTE,PB,2501,MACRORREGIAO III - SERTAO/ALTO SERTAO,25009,9ª REGIÃO,250220,2502201,BOM JESUS
NORDESTE,PB,2501,MACRORREGIAO III - SERTAO/ALTO SERTAO,25008,8ª REGIÃO,250230,2502300,BOM SUCESSO
NORDESTE,PB,2501,MACRORREGIAO III - SERTAO/ALTO SERTAO,25009,9ª REGIÃO,250240,2502409,BONITO DE SANTA FE
NORDESTE,PB,2502,MACRORREGIAO II - CAMPINA GRANDE,25015,15ª REGIÃO,250250,2502508,BOQUEIRAO
NORDESTE,PB,2501,MACRORREGIAO III - SERTAO/ALTO SERTAO,25007,7ª REGIÃO,250260,2502607,IGARACY
NORDESTE,PB,2503,MACRORREGIAO I - JOAO PESSOA,25002,2ª REGIÃO,250270,2502706,BORBOREMA
NORDESTE,PB,2501,MACRORREGIAO III - SERTAO/ALTO SERTAO,25008,8ª REGIÃO,250280,2502805,BREJO DO CRUZ
NORDESTE,PB,2501,MACRORREGIAO III - SERTAO/ALTO SERTAO,25008,8ª REGIÃO,250290,2502904,BREJO DOS SANTOS
NORDESTE,PB,2503,MACRORREGIAO I - JOAO PESSOA,25001,1ª REGIÃO MATA ATLÂNTICA,250300,2503001,CAAPORA
NORDESTE,PB,2502,MACRORREGIAO II - CAMPINA GRANDE,25015,15ª REGIÃO,250310,2503100,CABACEIRAS
NORDESTE,PB,2503,MACRORREGIAO I - JOAO PESSOA,25001,1ª REGIÃO MATA ATLÂNTICA,250320,2503209,CABEDELO
NORDESTE,PB,2501,MACRORREGIAO III - SERTAO/ALTO SERTAO,25009,9ª REGIÃO,250330,2503308,CACHOEIRA DOS INDIOS
NORDESTE,PB,2501,MACRORREGIAO III - SERTAO/ALTO SERTAO,25006,6ª REGIÃO,250340,2503407,CACIMBA DE AREIA
NORDESTE,PB,2503,MACRORREGIAO I - JOAO PESSOA,25002,2ª REGIÃO,250350,2503506,CACIMBA DE DENTRO
NORDESTE,PB,2501,MACRORREGIAO III - SERTAO/ALTO SERTAO,25006,6ª REGIÃO,250355,2503555,CACIMBAS
NORDESTE,PB,2503,MACRORREGIAO I - JOAO PESSOA,25002,2ª REGIÃO,250360,2503605,CAICARA
NORDESTE,PB,2501,MACRORREGIAO III - SERTAO/ALTO SERTAO,25009,9ª REGIÃO,250370,2503704,CAJAZEIRAS
NORDESTE,PB,2501,MACRORREGIAO III - SERTAO/ALTO SERTAO,25013,13ª REGIÃO,250375,2503753,CAJAZEIRINHAS
NORDESTE,PB,2503,MACRORREGIAO I - JOAO PESSOA,25012,12ª REGIÃO,250380,2503803,CALDAS BRANDAO
NORDESTE,PB,2502,MACRORREGIAO II - CAMPINA GRANDE,25005,5ª REGIÃO,250390,2503902,CAMALAU
NORDESTE,PB,2502,MACRORREGIAO II - CAMPINA GRANDE,25016,16ª REGIÃO,250400,2504009,CAMPINA GRANDE
NORDESTE,PB,2503,MACRORREGIAO I - JOAO PESSOA,25014,14ª REGIÃO,250403,2504033,CAPIM
NORDESTE,PB,2502,MACRORREGIAO II - CAMPINA GRANDE,25005,5ª REGIÃO,250407,2504074,CARAUBAS
NORDESTE,PB,2501,MACRORREGIAO III - SERTAO/ALTO SERTAO,25009,9ª REGIÃO,250410,2504108,CARRAPATEIRA
NORDESTE,PB,2503,MACRORREGIAO I - JOAO PESSOA,25002,2ª REGIÃO,250415,2504157,CASSERENGUE
NORDESTE,PB,2501,MACRORREGIAO III - SERTAO/ALTO SERTAO,25006,6ª REGIÃO,250420,2504207,CATINGUEIRA
NORDESTE,PB,2501,MACRORREGIAO III - SERTAO/ALTO SERTAO,25008,8ª REGIÃO,250430,2504306,CATOLE DO ROCHA
NORDESTE,PB,2502,MACRORREGIAO II - CAMPINA GRANDE,25015,15ª REGIÃO,250435,2504355,CATURITE
NORDESTE,PB,2501,MACRORREGIAO III - SERTAO/ALTO SERTAO,25007,7ª REGIÃO,250440,2504405,CONCEICAO
NORDESTE,PB,2501,MACRORREGIAO III - SERTAO/ALTO SERTAO,25006,6ª REGIÃO,250450,2504504,CONDADO
NORDESTE,PB,2503,MACRORREGIAO I - JOAO PESSOA,25001,1ª REGIÃO MATA ATLÂNTICA,250460,2504603,CONDE
NORDESTE,PB,2502,MACRORREGIAO II - CAMPINA GRANDE,25005,5ª REGIÃO,250470,2504702,CONGO
NORDESTE,PB,2501,MACRORREGIAO III - SERTAO/ALTO SERTAO,25007,7ª REGIÃO,250480,2504801,COREMAS
NORDESTE,PB,2502,MACRORREGIAO II - CAMPINA GRANDE,25005,5ª REGIÃO,250485,2504850,COXIXOLA
NORDESTE,PB,2503,MACRORREGIAO I - JOAO PESSOA,25001,1ª REGIÃO MATA ATLÂNTICA,250490,2504900,CRUZ DO ESPIRITO SANTO
NORDESTE,PB,2502,MACRORREGIAO II - CAMPINA GRANDE,25004,4ª REGIÃO,250500,2505006,CUBATI
NORDESTE,PB,2502,MACRORREGIAO II - CAMPINA GRANDE,25004,4ª REGIÃO,250510,2505105,CUITE
NORDESTE,PB,2503,MACRORREGIAO I - JOAO PESSOA,25002,2ª REGIÃO,250520,2505204,CUITEGI
NORDESTE,PB,2503,MACRORREGIAO I - JOAO PESSOA,25014,14ª REGIÃO,250523,2505238,CUITE DE MAMANGUAPE
NORDESTE,PB,2503,MACRORREGIAO I - JOAO PESSOA,25014,14ª REGIÃO,250527,2505279,CURRAL DE CIMA
NORDESTE,PB,2501,MACRORREGIAO III - SERTAO/ALTO SERTAO,25007,7ª REGIÃO,250530,2505303,CURRAL VELHO
NORDESTE,PB,2502,MACRORREGIAO II - CAMPINA GRANDE,25004,4ª REGIÃO,250535,2505352,DAMIAO
NORDESTE,PB,2501,MACRORREGIAO III - SERTAO/ALTO SERTAO,25006,6ª REGIÃO,250540,2505402,DESTERRO
NORDESTE,PB,2501,MACRORREGIAO III - SERTAO/ALTO SERTAO,25006,6ª REGIÃO,250550,2505501,VISTA SERRANA
NORDESTE,PB,2501,MACRORREGIAO III - SERTAO/ALTO SERTAO,25007,7ª REGIÃO,250560,2505600,DIAMANTE
NORDESTE,PB,2503,MACRORREGIAO I - JOAO PESSOA,25002,2ª REGIÃO,250570,2505709,DONA INES
NORDESTE,PB,2503,MACRORREGIAO I - JOAO PESSOA,25002,2ª REGIÃO,250580,2505808,DUAS ESTRADAS
NORDESTE,PB,2501,MACRORREGIAO III - SERTAO/ALTO SERTAO,25006,6ª REGIÃO,250590,2505907,EMAS
NORDESTE,PB,2502,MACRORREGIAO II - CAMPINA GRANDE,25003,3ª REGIÃO,250600,2506004,ESPERANCA
NORDESTE,PB,2502,MACRORREGIAO II - CAMPINA GRANDE,25016,16ª REGIÃO,250610,2506103,FAGUNDES
NORDESTE,PB,2502,MACRORREGIAO II - CAMPINA GRANDE,25004,4ª REGIÃO,250620,2506202,FREI MARTINHO
NORDESTE,PB,2502,MACRORREGIAO II - CAMPINA GRANDE,25015,15ª REGIÃO,250625,2506251,GADO BRAVO
NORDESTE,PB,2503,MACRORREGIAO I - JOAO PESSOA,25002,2ª REGIÃO,250630,2506301,GUARABIRA
NORDESTE,PB,2503,MACRORREGIAO I - JOAO PESSOA,25012,12ª REGIÃO,250640,2506400,GURINHEM
NORDESTE,PB,2502,MACRORREGIAO II - CAMPINA GRANDE,25005,5ª REGIÃO,250650,2506509,GURJAO
NORDESTE,PB,2501,MACRORREGIAO III - SERTAO/ALTO SERTAO,25007,7ª REGIÃO,250660,2506608,IBIARA
NORDESTE,PB,2501,MACRORREGIAO III - SERTAO/ALTO SERTAO,25011,11ª REGIÃO,250670,2506707,IMACULADA
NORDESTE,PB,2503,MACRORREGIAO I - JOAO PESSOA,25012,12ª REGIÃO,250680,2506806,INGA
NORDESTE,PB,2503,MACRORREGIAO I - JOAO PESSOA,25012,12ª REGIÃO,250690,2506905,ITABAIANA
NORDESTE,PB,2501,MACRORREGIAO III - SERTAO/ALTO SERTAO,25007,7ª REGIÃO,250700,2507002,ITAPORANGA
NORDESTE,PB,2503,MACRORREGIAO I - JOAO PESSOA,25014,14ª REGIÃO,250710,2507101,ITAPOROROCA
NORDESTE,PB,2503,MACRORREGIAO I - JOAO PESSOA,25012,12ª REGIÃO,250720,2507200,ITATUBA
NORDESTE,PB,2503,MACRORREGIAO I - JOAO PESSOA,25014,14ª REGIÃO,250730,2507309,JACARAU
NORDESTE,PB,2501,MACRORREGIAO III - SERTAO/ALTO SERTAO,25008,8ª REGIÃO,250740,2507408,JERICO
NORDESTE,PB,2503,MACRORREGIAO I - JOAO PESSOA,25001,1ª REGIÃO MATA ATLÂNTICA,250750,2507507,JOAO PESSOA
NORDESTE,PB,2503,MACRORREGIAO I - JOAO PESSOA,25012,12ª REGIÃO,250760,2507606,JUAREZ TAVORA
NORDESTE,PB,2502,MACRORREGIAO II - CAMPINA GRANDE,25016,16ª REGIÃO,250770,2507705,JUAZEIRINHO
NORDESTE,PB,2501,MACRORREGIAO III - SERTAO/ALTO SERTAO,25006,6ª REGIÃO,250780,2507804,JUNCO DO SERIDO
NORDESTE,PB,2503,MACRORREGIAO I - JOAO PESSOA,25012,12ª REGIÃO,250790,2507903,JURIPIRANGA
NORDESTE,PB,2501,MACRORREGIAO III - SERTAO/ALTO SERTAO,25011,11ª REGIÃO,250800,2508000,JURU
NORDESTE,PB,2501,MACRORREGIAO III - SERTAO/ALTO SERTAO,25013,13ª REGIÃO,250810,2508109,LAGOA
NORDESTE,PB,2503,MACRORREGIAO I - JOAO PESSOA,25002,2ª REGIÃO,250820,2508208,LAGOA DE DENTRO
NORDESTE,PB,2502,MACRORREGIAO II - CAMPINA GRANDE,25003,3ª REGIÃO,250830,2508307,LAGOA SECA
NORDESTE,PB,2501,MACRORREGIAO III - SERTAO/ALTO SERTAO,25010,10ª REGIÃO,250840,2508406,LASTRO
NORDESTE,PB,2502,MACRORREGIAO II - CAMPINA GRANDE,25005,5ª REGIÃO,250850,2508505,LIVRAMENTO
NORDESTE,PB,2503,MACRORREGIAO I - JOAO PESSOA,25002,2ª REGIÃO,250855,2508554,LOGRADOURO
NORDESTE,PB,2503,MACRORREGIAO I - JOAO PESSOA,25001,1ª REGIÃO MATA ATLÂNTICA,250860,2508604,LUCENA
NORDESTE,PB,2501,MACRORREGIAO III - SERTAO/ALTO SERTAO,25006,6ª REGIÃO,250870,2508703,MAE D'AGUA
NORDESTE,PB,2501,MACRORREGIAO III - SERTAO/ALTO SERTAO,25006,6ª REGIÃO,250880,2508802,MALTA
NORDESTE,PB,2503,MACRORREGIAO I - JOAO PESSOA,25014,14ª REGIÃO,250890,2508901,MAMANGUAPE
NORDESTE,PB,2501,MACRORREGIAO III - SERTAO/ALTO SERTAO,25011,11ª REGIÃO,250900,2509008,MANAIRA
NORDESTE,PB,2503,MACRORREGIAO I - JOAO PESSOA,25014,14ª REGIÃO,250905,2509057,MARCACAO
NORDESTE,PB,2503,MACRORREGIAO I - JOAO PESSOA,25001,1ª REGIÃO MATA ATLÂNTICA,250910,2509107,MARI
NORDESTE,PB,2501,MACRORREGIAO III - SERTAO/ALTO SERTAO,25010,10ª REGIÃO,250915,2509156,MARIZOPOLIS
NORDESTE,PB,2502,MACRORREGIAO II - CAMPINA GRANDE,25016,16ª REGIÃO,250920,2509206,MASSARANDUBA
NORDESTE,PB,2503,MACRORREGIAO I - JOAO PESSOA,25014,14ª REGIÃO,250930,2509305,MATARACA
NORDESTE,PB,2502,MACRORREGIAO II - CAMPINA GRANDE,25003,3ª REGIÃO,250933,2509339,MATINHAS
NORDESTE,PB,2501,MACRORREGIAO III - SERTAO/ALTO SERTAO,25008,8ª REGIÃO,250937,2509370,MATO GROSSO
NORDESTE,PB,2501,MACRORREGIAO III - SERTAO/ALTO SERTAO,25006,6ª REGIÃO,250939,2509396,MATUREIA
NORDESTE,PB,2503,MACRORREGIAO I - JOAO PESSOA,25012,12ª REGIÃO,250940,2509404,MOGEIRO
NORDESTE,PB,2502,MACRORREGIAO II - CAMPINA GRANDE,25003,3ª REGIÃO,250950,2509503,MONTADAS
NORDESTE,PB,2501,MACRORREGIAO III - SERTAO/ALTO SERTAO,25009,9ª REGIÃO,250960,2509602,MONTE HOREBE
NORDESTE,PB,2502,MACRORREGIAO II - CAMPINA GRANDE,25005,5ª REGIÃO,250970,2509701,MONTEIRO
NORDESTE,PB,2503,MACRORREGIAO I - JOAO PESSOA,25002,2ª REGIÃO,250980,2509800,MULUNGU
NORDESTE,PB,2502,MACRORREGIAO II - CAMPINA GRANDE,25015,15ª REGIÃO,250990,2509909,NATUBA
NORDESTE,PB,2501,MACRORREGIAO III - SERTAO/ALTO SERTAO,25010,10ª REGIÃO,251000,2510006,NAZAREZINHO
NORDESTE,PB,2502,MACRORREGIAO II - CAMPINA GRANDE,25004,4ª REGIÃO,251010,2510105,NOVA FLORESTA
NORDESTE,PB,2501,MACRORREGIAO III - SERTAO/ALTO SERTAO,25007,7ª REGIÃO,251020,2510204,NOVA OLINDA
NORDESTE,PB,2502,MACRORREGIAO II - CAMPINA GRANDE,25004,4ª REGIÃO,251030,2510303,NOVA PALMEIRA
NORDESTE,PB,2501,MACRORREGIAO III - SERTAO/ALTO SERTAO,25007,7ª REGIÃO,251040,2510402,OLHO D'AGUA
NORDESTE,PB,2502,MACRORREGIAO II - CAMPINA GRANDE,25016,16ª REGIÃO,251050,2510501,OLIVEDOS
NORDESTE,PB,2502,MACRORREGIAO II - CAMPINA GRANDE,25005,5ª REGIÃO,251060,2510600,OURO VELHO
NORDESTE,PB,2502,MACRORREGIAO II - CAMPINA GRANDE,25005,5ª REGIÃO,251065,2510659,PARARI
NORDESTE,PB,2501,MACRORREGIAO III - SERTAO/ALTO SERTAO,25006,6ª REGIÃO,251070,2510709,PASSAGEM
NORDESTE,PB,2501,MACRORREGIAO III - SERTAO/ALTO SERTAO,25006,6ª REGIÃO,251080,2510808,PATOS
NORDESTE,PB,2501,MACRORREGIAO III - SERTAO/ALTO SERTAO,25013,13ª REGIÃO,251090,2510907,PAULISTA
NORDESTE,PB,2501,MACRORREGIAO III - SERTAO/ALTO SERTAO,25007,7ª REGIÃO,251100,2511004,PEDRA BRANCA
NORDESTE,PB,2502,MACRORREGIAO II - CAMPINA GRANDE,25004,4ª REGIÃO,251110,2511103,PEDRA LAVRADA
NORDESTE,PB,2503,MACRORREGIAO I - JOAO PESSOA,25012,12ª REGIÃO,251120,2511202,PEDRAS DE FOGO
NORDESTE,PB,2501,MACRORREGIAO III - SERTAO/ALTO SERTAO,25007,7ª REGIÃO,251130,2511301,PIANCO
NORDESTE,PB,2502,MACRORREGIAO II - CAMPINA GRANDE,25004,4ª REGIÃO,251140,2511400,PICUI
NORDESTE,PB,2503,MACRORREGIAO I - JOAO PESSOA,25012,12ª REGIÃO,251150,2511509,PILAR
NORDESTE,PB,2503,MACRORREGIAO I - JOAO PESSOA,25002,2ª REGIÃO,251160,2511608,PILOES
NORDESTE,PB,2503,MACRORREGIAO I - JOAO PESSOA,25002,2ª REGIÃO,251170,2511707,PILOEZINHOS
NORDESTE,PB,2503,MACRORREGIAO I - JOAO PESSOA,25002,2ª REGIÃO,251180,2511806,PIRPIRITUBA
NORDESTE,PB,2503,MACRORREGIAO I - JOAO PESSOA,25001,1ª REGIÃO MATA ATLÂNTICA,251190,2511905,PITIMBU
NORDESTE,PB,2502,MACRORREGIAO II - CAMPINA GRANDE,25016,16ª REGIÃO,251200,2512002,POCINHOS
NORDESTE,PB,2501,MACRORREGIAO III - SERTAO/ALTO SERTAO,25009,9ª REGIÃO,251203,2512036,POCO DANTAS
NORDESTE,PB,2501,MACRORREGIAO III - SERTAO/ALTO SERTAO,25009,9ª REGIÃO,251207,2512077,POCO DE JOSE DE MOURA
NORDESTE,PB,2501,MACRORREGIAO III - SERTAO/ALTO SERTAO,25013,13ª REGIÃO,251210,2512101,POMBAL
NORDESTE,PB,2502,MACRORREGIAO II - CAMPINA GRANDE,25005,5ª REGIÃO,251220,2512200,PRATA
NORDESTE,PB,2501,MACRORREGIAO III - SERTAO/ALTO SERTAO,25011,11ª REGIÃO,251230,2512309,PRINCESA ISABEL
NORDESTE,PB,2502,MACRORREGIAO II - CAMPINA GRANDE,25016,16ª REGIÃO,251240,2512408,PUXINANA
NORDESTE,PB,2502,MACRORREGIAO II - CAMPINA GRANDE,25015,15ª REGIÃO,251250,2512507,QUEIMADAS
NORDESTE,PB,2501,MACRORREGIAO III - SERTAO/ALTO SERTAO,25006,6ª REGIÃO,251260,2512606,QUIXABA
NORDESTE,PB,2502,MACRORREGIAO II - CAMPINA GRANDE,25003,3ª REGIÃO,251270,2512705,REMIGIO
NORDESTE,PB,2503,MACRORREGIAO I - JOAO PESSOA,25014,14ª REGIÃO,251272,2512721,PEDRO REGIS
NORDESTE,PB,2503,MACRORREGIAO I - JOAO PESSOA,25002,2ª REGIÃO,251274,2512747,RIACHAO
NORDESTE,PB,2503,MACRORREGIAO I - JOAO PESSOA,25012,12ª REGIÃO,251275,2512754,RIACHAO DO BACAMARTE
NORDESTE,PB,2503,MACRORREGIAO I - JOAO PESSOA,25001,1ª REGIÃO MATA ATLÂNTICA,251276,2512762,RIACHAO DO POCO
NORDESTE,PB,2502,MACRORREGIAO II - CAMPINA GRANDE,25015,15ª REGIÃO,251278,2512788,RIACHO DE SANTO ANTONIO
NORDESTE,PB,2501,MACRORREGIAO III - SERTAO/ALTO SERTAO,25008,8ª REGIÃO,251280,2512804,RIACHO DOS CAVALOS
NORDESTE,PB,2503,MACRORREGIAO I - JOAO PESSOA,25014,14ª REGIÃO,251290,2512903,RIO TINTO
NORDESTE,PB,2501,MACRORREGIAO III - SERTAO/ALTO SERTAO,25006,6ª REGIÃO,251300,2513000,SALGADINHO
NORDESTE,PB,2503,MACRORREGIAO I - JOAO PESSOA,25012,12ª REGIÃO,251310,2513109,SALGADO DE SAO FELIX
NORDESTE,PB,2502,MACRORREGIAO II - CAMPINA GRANDE,25015,15ª REGIÃO,251315,2513158,SANTA CECILIA
NORDESTE,PB,2501,MACRORREGIAO III - SERTAO/ALTO SERTAO,25010,10ª REGIÃO,251320,2513208,SANTA CRUZ
NORDESTE,PB,2501,MACRORREGIAO III - SERTAO/ALTO SERTAO,25009,9ª REGIÃO,251330,2513307,SANTA HELENA
NORDESTE,PB,2501,MACRORREGIAO III - SERTAO/ALTO SERTAO,25007,7ª REGIÃO,251335,2513356,SANTA INES
NORDESTE,PB,2501,MACRORREGIAO III - SERTAO/ALTO SERTAO,25006,6ª REGIÃO,251340,2513406,SANTA LUZIA
NORDESTE,PB,2501,MACRORREGIAO III - SERTAO/ALTO SERTAO,25007,7ª REGIÃO,251350,2513505,SANTANA DE MANGUEIRA
NORDESTE,PB,2501,MACRORREGIAO III - SERTAO/ALTO SERTAO,25007,7ª REGIÃO,251360,2513604,SANTANA DOS GARROTES
NORDESTE,PB,2501,MACRORREGIAO III - SERTAO/ALTO SERTAO,25009,9ª REGIÃO,251365,2513653,JOCA CLAUDINO
NORDESTE,PB,2503,MACRORREGIAO I - JOAO PESSOA,25001,1ª REGIÃO MATA ATLÂNTICA,251370,2513703,SANTA RITA
NORDESTE,PB,2501,MACRORREGIAO III - SERTAO/ALTO SERTAO,25006,6ª REGIÃO,251380,2513802,SANTA TERESINHA
NORDESTE,PB,2502,MACRORREGIAO II - CAMPINA GRANDE,25016,16ª REGIÃO,251385,2513851,SANTO ANDRE
NORDESTE,PB,2501,MACRORREGIAO III - SERTAO/ALTO SERTAO,25008,8ª REGIÃO,251390,2513901,SAO BENTO
NORDESTE,PB,2501,MACRORREGIAO III - SERTAO/ALTO SERTAO,25013,13ª REGIÃO,251392,2513927,SAO BENTINHO
NORDESTE,PB,2502,MACRORREGIAO II - CAMPINA GRANDE,25015,15ª REGIÃO,251394,2513943,SAO DOMINGOS DO CARIRI
NORDESTE,PB,2501,MACRORREGIAO III - SERTAO/ALTO SERTAO,25013,13ª REGIÃO,251396,2513968,SAO DOMINGOS
NORDESTE,PB,2501,MACRORREGIAO III - SERTAO/ALTO SERTAO,25010,10ª REGIÃO,251398,2513984,SAO FRANCISCO
NORDESTE,PB,2502,MACRORREGIAO II - CAMPINA GRANDE,25005,5ª REGIÃO,251400,2514008,SAO JOAO DO CARIRI
NORDESTE,PB,2502,MACRORREGIAO II - CAMPINA GRANDE,25005,5ª REGIÃO,251410,2514107,SAO JOAO DO TIGRE
NORDESTE,PB,2501,MACRORREGIAO III - SERTAO/ALTO SERTAO,25010,10ª REGIÃO,251420,2514206,SAO JOSE DA LAGOA TAPADA
NORDESTE,PB,2501,MACRORREGIAO III - SERTAO/ALTO SERTAO,25007,7ª REGIÃO,251430,2514305,SAO JOSE DE CAIANA
NORDESTE,PB,2501,MACRORREGIAO III - SERTAO/ALTO SERTAO,25006,6ª REGIÃO,251440,2514404,SAO JOSE DE ESPINHARAS
NORDESTE,PB,2503,MACRORREGIAO I - JOAO PESSOA,25012,12ª REGIÃO,251445,2514453,SAO JOSE DOS RAMOS
NORDESTE,PB,2501,MACRORREGIAO III - SERTAO/ALTO SERTAO,25009,9ª REGIÃO,251450,2514503,SAO JOSE DE PIRANHAS
NORDESTE,PB,2501,MACRORREGIAO III - SERTAO/ALTO SERTAO,25011,11ª REGIÃO,251455,2514552,SAO JOSE DE PRINCESA
NORDESTE,PB,2501,MACRORREGIAO III - SERTAO/ALTO SERTAO,25006,6ª REGIÃO,251460,2514602,SAO JOSE DO BONFIM
NORDESTE,PB,2501,MACRORREGIAO III - SERTAO/ALTO SERTAO,25008,8ª REGIÃO,251465,2514651,SAO JOSE DO BREJO DO CRUZ
NORDESTE,PB,2501,MACRORREGIAO III - SERTAO/ALTO SERTAO,25006,6ª REGIÃO,251470,2514701,SAO JOSE DO SABUGI
NORDESTE,PB,2502,MACRORREGIAO II - CAMPINA GRANDE,25005,5ª REGIÃO,251480,2514800,SAO JOSE DOS CORDEIROS
NORDESTE,PB,2501,MACRORREGIAO III - SERTAO/ALTO SERTAO,25006,6ª REGIÃO,251490,2514909,SAO MAMEDE
NORDESTE,PB,2503,MACRORREGIAO I - JOAO PESSOA,25012,12ª REGIÃO,251500,2515005,SAO MIGUEL DE TAIPU
NORDESTE,PB,2502,MACRORREGIAO II - CAMPINA GRANDE,25003,3ª REGIÃO,251510,2515104,SAO SEBASTIAO DE LAGOA DE ROCA
NORDESTE,PB,2502,MACRORREGIAO II - CAMPINA GRANDE,25005,5ª REGIÃO,251520,2515203,SAO SEBASTIAO DO UMBUZEIRO
NORDESTE,PB,2503,MACRORREGIAO I - JOAO PESSOA,25001,1ª REGIÃO MATA ATLÂNTICA,251530,2515302,SAPE
NORDESTE,PB,2502,MACRORREGIAO II - CAMPINA GRANDE,25004,4ª REGIÃO,251540,2515401,SAO VICENTE DO SERIDO
NORDESTE,PB,2502,MACRORREGIAO II - CAMPINA GRANDE,25005,5ª REGIÃO,251550,2515500,SERRA BRANCA
NORDESTE,PB,2503,MACRORREGIAO I - JOAO PESSOA,25002,2ª REGIÃO,251560,2515609,SERRA DA RAIZ
NORDESTE,PB,2501,MACRORREGIAO III - SERTAO/ALTO SERTAO,25007,7ª REGIÃO,251570,2515708,SERRA GRANDE
NORDESTE,PB,2502,MACRORREGIAO II - CAMPINA GRANDE,25016,16ª REGIÃO,251580,2515807,SERRA REDONDA
NORDESTE,PB,2503,MACRORREGIAO I - JOAO PESSOA,25002,2ª REGIÃO,251590,2515906,SERRARIA
NORDESTE,PB,2503,MACRORREGIAO I - JOAO PESSOA,25002,2ª REGIÃO,251593,2515930,SERTAOZINHO
NORDESTE,PB,2503,MACRORREGIAO I - JOAO PESSOA,25001,1ª REGIÃO MATA ATLÂNTICA,251597,2515971,SOBRADO
NORDESTE,PB,2503,MACRORREGIAO I - JOAO PESSOA,25002,2ª REGIÃO,251600,2516003,SOLANEA
NORDESTE,PB,2502,MACRORREGIAO II - CAMPINA GRANDE,25016,16ª REGIÃO,251610,2516102,SOLEDADE
NORDESTE,PB,2502,MACRORREGIAO II - CAMPINA GRANDE,25004,4ª REGIÃO,251615,2516151,SOSSEGO
NORDESTE,PB,2501,MACRORREGIAO III - SERTAO/ALTO SERTAO,25010,10ª REGIÃO,251620,2516201,SOUSA
NORDESTE,PB,2502,MACRORREGIAO II - CAMPINA GRANDE,25005,5ª REGIÃO,251630,2516300,SUME
NORDESTE,PB,2503,MACRORREGIAO I - JOAO PESSOA,25002,2ª REGIÃO,251640,2516409,TACIMA
NORDESTE,PB,2502,MACRORREGIAO II - CAMPINA GRANDE,25016,16ª REGIÃO,251650,2516508,TAPEROA
NORDESTE,PB,2501,MACRORREGIAO III - SERTAO/ALTO SERTAO,25011,11ª REGIÃO,251660,2516607,TAVARES
NORDESTE,PB,2501,MACRORREGIAO III - SERTAO/ALTO SERTAO,25006,6ª REGIÃO,251670,2516706,TEIXEIRA
NORDESTE,PB,2502,MACRORREGIAO II - CAMPINA GRANDE,25016,16ª REGIÃO,251675,2516755,TENORIO
NORDESTE,PB,2501,MACRORREGIAO III - SERTAO/ALTO SERTAO,25009,9ª REGIÃO,251680,2516805,TRIUNFO
NORDESTE,PB,2501,MACRORREGIAO III - SERTAO/ALTO SERTAO,25009,9ª REGIÃO,251690,2516904,UIRAUNA
NORDESTE,PB,2502,MACRORREGIAO II - CAMPINA GRANDE,25015,15ª REGIÃO,251700,2517001,UMBUZEIRO
NORDESTE,PB,2501,MACRORREGIAO III - SERTAO/ALTO SERTAO,25006,6ª REGIÃO,251710,2517100,VARZEA
NORDESTE,PB,2501,MACRORREGIAO III - SERTAO/ALTO SERTAO,25010,10ª REGIÃO,251720,2517209,VIEIROPOLIS
NORDESTE,PB,2502,MACRORREGIAO II - CAMPINA GRANDE,25005,5ª REGIÃO,251740,2517407,ZABELE
NORDESTE,PE,2607,METROPOLITANA,26010,RECIFE,260005,2600054,ABREU E LIMA
NORDESTE,PE,2606,SERTAO,26001,AFOGADOS DA INGAZEIRA,260010,2600104,AFOGADOS DA INGAZEIRA
NORDESTE,PE,2605,VALE DO S.FRANCISCO E ARARIPE,26009,PETROLINA,260020,2600203,AFRANIO
NORDESTE,PE,2608,AGRESTE,26003,CARUARU,260030,2600302,AGRESTINA
NORDESTE,PE,2607,METROPOLITANA,26008,PALMARES,260040,2600401,AGUA PRETA
NORDESTE,PE,2608,AGRESTE,26004,GARANHUNS,260050,2600500,AGUAS BELAS
NORDESTE,PE,2608,AGRESTE,26003,CARUARU,260060,2600609,ALAGOINHA
NORDESTE,PE,2607,METROPOLITANA,26005,GOIANA,260070,2600708,ALIANCA
NORDESTE,PE,2608,AGRESTE,26003,CARUARU,260080,2600807,ALTINHO
NORDESTE,PE,2607,METROPOLITANA,26008,PALMARES,260090,2600906,AMARAJI
NORDESTE,PE,2608,AGRESTE,26004,GARANHUNS,260100,2601003,ANGELIM
NORDESTE,PE,2607,METROPOLITANA,26010,RECIFE,260105,2601052,ARACOIABA
NORDESTE,PE,2605,VALE DO S.FRANCISCO E ARARIPE,26007,OURICURI,260110,2601102,ARARIPINA
NORDESTE,PE,2606,SERTAO,26002,ARCOVERDE,260120,2601201,ARCOVERDE
NORDESTE,PE,2608,AGRESTE,26003,CARUARU,260130,2601300,BARRA DE GUABIRABA
NORDESTE,PE,2607,METROPOLITANA,26008,PALMARES,260140,2601409,BARREIROS
NORDESTE,PE,2607,METROPOLITANA,26008,PALMARES,260150,2601508,BELEM DE MARIA
NORDESTE,PE,2605,VALE DO S.FRANCISCO E ARARIPE,26011,SALGUEIRO,260160,2601607,BELEM DE SAO FRANCISCO
NORDESTE,PE,2608,AGRESTE,26003,CARUARU,260170,2601706,BELO JARDIM
NORDESTE,PE,2606,SERTAO,26012,SERRA TALHADA,260180,2601805,BETANIA
NORDESTE,PE,2608,AGRESTE,26003,CARUARU,260190,2601904,BEZERROS
NORDESTE,PE,2605,VALE DO S.FRANCISCO E ARARIPE,26007,OURICURI,260200,2602001,BODOCO
NORDESTE,PE,2608,AGRESTE,26004,GARANHUNS,260210,2602100,BOM CONSELHO
NORDESTE,PE,2607,METROPOLITANA,26006,LIMOEIRO,260220,2602209,BOM JARDIM
NORDESTE,PE,2608,AGRESTE,26003,CARUARU,260230,2602308,BONITO
NORDESTE,PE,2608,AGRESTE,26004,GARANHUNS,260240,2602407,BREJAO
NORDESTE,PE,2606,SERTAO,26001,AFOGADOS DA INGAZEIRA,260250,2602506,BREJINHO
NORDESTE,PE,2608,AGRESTE,26003,CARUARU,260260,2602605,BREJO DA MADRE DE DEUS
NORDESTE,PE,2607,METROPOLITANA,26006,LIMOEIRO,260270,2602704,BUENOS AIRES
NORDESTE,PE,2606,SERTAO,26002,ARCOVERDE,260280,2602803,BUIQUE
NORDESTE,PE,2607,METROPOLITANA,26010,RECIFE,260290,2602902,CABO DE SANTO AGOSTINHO
NORDESTE,PE,2605,VALE DO S.FRANCISCO E ARARIPE,26009,PETROLINA,260300,2603009,CABROBO
NORDESTE,PE,2608,AGRESTE,26003,CARUARU,260310,2603108,CACHOEIRINHA
NORDESTE,PE,2608,AGRESTE,26004,GARANHUNS,260320,2603207,CAETES
NORDESTE,PE,2608,AGRESTE,26004,GARANHUNS,260330,2603306,CALCADO
NORDESTE,PE,2606,SERTAO,26012,SERRA TALHADA,260340,2603405,CALUMBI
NORDESTE,PE,2607,METROPOLITANA,26010,RECIFE,260345,2603454,CAMARAGIBE
NORDESTE,PE,2608,AGRESTE,26003,CARUARU,260350,2603504,CAMOCIM DE SAO FELIX
NORDESTE,PE,2607,METROPOLITANA,26005,GOIANA,260360,2603603,CAMUTANGA
NORDESTE,PE,2608,AGRESTE,26004,GARANHUNS,260370,2603702,CANHOTINHO
NORDESTE,PE,2608,AGRESTE,26004,GARANHUNS,260380,2603801,CAPOEIRAS
NORDESTE,PE,2606,SERTAO,26001,AFOGADOS DA INGAZEIRA,260390,2603900,CARNAIBA
NORDESTE,PE,2606,SERTAO,26012,SERRA TALHADA,260392,2603926,CARNAUBEIRA DA PENHA
NORDESTE,PE,2607,METROPOLITANA,26006,LIMOEIRO,260400,2604007,CARPINA
NORDESTE,PE,2608,AGRESTE,26003,CARUARU,260410,2604106,CARUARU
NORDESTE,PE,2607,METROPOLITANA,26006,LIMOEIRO,260415,2604155,CASINHAS
NORDESTE,PE,2607,METROPOLITANA,26008,PALMARES,260420,2604205,CATENDE
NORDESTE,PE,2605,VALE DO S.FRANCISCO E ARARIPE,26011,SALGUEIRO,260430,2604304,CEDRO
NORDESTE,PE,2607,METROPOLITANA,26010,RECIFE,260440,2604403,CHA DE ALEGRIA
NORDESTE,PE,2607,METROPOLITANA,26010,RECIFE,260450,2604502,CHA GRANDE
NORDESTE,PE,2607,METROPOLITANA,26005,GOIANA,260460,2604601,CONDADO
NORDESTE,PE,2608,AGRESTE,26004,GARANHUNS,260470,2604700,CORRENTES
NORDESTE,PE,2607,METROPOLITANA,26008,PALMARES,260480,2604809,CORTES
NORDESTE,PE,2607,METROPOLITANA,26006,LIMOEIRO,260490,2604908,CUMARU
NORDESTE,PE,2608,AGRESTE,26003,CARUARU,260500,2605004,CUPIRA
NORDESTE,PE,2606,SERTAO,26002,ARCOVERDE,260510,2605103,CUSTODIA
NORDESTE,PE,2605,VALE DO S.FRANCISCO E ARARIPE,26009,PETROLINA,260515,2605152,DORMENTES
NORDESTE,PE,2607,METROPOLITANA,26008,PALMARES,260520,2605202,ESCADA
NORDESTE,PE,2605,VALE DO S.FRANCISCO E ARARIPE,26007,OURICURI,260530,2605301,EXU
NORDESTE,PE,2607,METROPOLITANA,26006,LIMOEIRO,260540,2605400,FEIRA NOVA
NORDESTE,PE,2607,METROPOLITANA,26010,RECIFE,260545,2605459,FERNANDO DE NORONHA
NORDESTE,PE,2607,METROPOLITANA,26005,GOIANA,260550,2605509,FERREIROS
NORDESTE,PE,2606,SERTAO,26012,SERRA TALHADA,260560,2605608,FLORES
NORDESTE,PE,2606,SERTAO,26012,SERRA TALHADA,260570,2605707,FLORESTA
NORDESTE,PE,2608,AGRESTE,26003,CARUARU,260580,2605806,FREI MIGUELINHO
NORDESTE,PE,2607,METROPOLITANA,26008,PALMARES,260590,2605905,GAMELEIRA
NORDESTE,PE,2608,AGRESTE,26004,GARANHUNS,260600,2606002,GARANHUNS
NORDESTE,PE,2607,METROPOLITANA,26010,RECIFE,260610,2606101,GLORIA DO GOITA
NORDESTE,PE,2607,METROPOLITANA,26005,GOIANA,260620,2606200,GOIANA
NORDESTE,PE,2605,VALE DO S.FRANCISCO E ARARIPE,26007,OURICURI,260630,2606309,GRANITO
NORDESTE,PE,2608,AGRESTE,26003,CARUARU,260640,2606408,GRAVATA
NORDESTE,PE,2608,AGRESTE,26004,GARANHUNS,260650,2606507,IATI
NORDESTE,PE,2606,SERTAO,26002,ARCOVERDE,260660,2606606,IBIMIRIM
NORDESTE,PE,2608,AGRESTE,26003,CARUARU,260670,2606705,IBIRAJUBA
NORDESTE,PE,2607,METROPOLITANA,26010,RECIFE,260680,2606804,IGARASSU
NORDESTE,PE,2606,SERTAO,26001,AFOGADOS DA INGAZEIRA,260690,2606903,IGUARACY
NORDESTE,PE,2606,SERTAO,26002,ARCOVERDE,260700,2607000,INAJA
NORDESTE,PE,2606,SERTAO,26001,AFOGADOS DA INGAZEIRA,260710,2607109,INGAZEIRA
NORDESTE,PE,2607,METROPOLITANA,26010,RECIFE,260720,2607208,IPOJUCA
NORDESTE,PE,2605,VALE DO S.FRANCISCO E ARARIPE,26007,OURICURI,260730,2607307,IPUBI
NORDESTE,PE,2606,SERTAO,26012,SERRA TALHADA,260740,2607406,ITACURUBA
NORDESTE,PE,2608,AGRESTE,26004,GARANHUNS,260750,2607505,ITAIBA
NORDESTE,PE,2607,METROPOLITANA,26010,RECIFE,260760,2607604,ILHA DE ITAMARACA
NORDESTE,PE,2607,METROPOLITANA,26005,GOIANA,260765,2607653,ITAMBE
NORDESTE,PE,2606,SERTAO,26001,AFOGADOS DA INGAZEIRA,260770,2607703,ITAPETIM
NORDESTE,PE,2607,METROPOLITANA,26010,RECIFE,260775,2607752,ITAPISSUMA
NORDESTE,PE,2607,METROPOLITANA,26005,GOIANA,260780,2607802,ITAQUITINGA
NORDESTE,PE,2607,METROPOLITANA,26010,RECIFE,260790,2607901,JABOATAO DOS GUARARAPES
NORDESTE,PE,2607,METROPOLITANA,26008,PALMARES,260795,2607950,JAQUEIRA
NORDESTE,PE,2608,AGRESTE,26003,CARUARU,260800,2608008,JATAUBA
NORDESTE,PE,2606,SERTAO,26002,ARCOVERDE,260805,2608057,JATOBA
NORDESTE,PE,2607,METROPOLITANA,26006,LIMOEIRO,260810,2608107,JOAO ALFREDO
NORDESTE,PE,2607,METROPOLITANA,26008,PALMARES,260820,2608206,JOAQUIM NABUCO
NORDESTE,PE,2608,AGRESTE,26004,GARANHUNS,260825,2608255,JUCATI
NORDESTE,PE,2608,AGRESTE,26004,GARANHUNS,260830,2608305,JUPI
NORDESTE,PE,2608,AGRESTE,26003,CARUARU,260840,2608404,JUREMA
NORDESTE,PE,2607,METROPOLITANA,26006,LIMOEIRO,260845,2608453,LAGOA DO CARRO
NORDESTE,PE,2607,METROPOLITANA,26006,LIMOEIRO,260850,2608503,LAGOA DE ITAENGA
NORDESTE,PE,2608,AGRESTE,26004,GARANHUNS,260860,2608602,LAGOA DO OURO
NORDESTE,PE,2607,METROPOLITANA,26008,PALMARES,260870,2608701,LAGOA DOS GATOS
NORDESTE,PE,2605,VALE DO S.FRANCISCO E ARARIPE,26009,PETROLINA,260875,2608750,LAGOA GRANDE
NORDESTE,PE,2608,AGRESTE,26004,GARANHUNS,260880,2608800,LAJEDO
NORDESTE,PE,2607,METROPOLITANA,26006,LIMOEIRO,260890,2608909,LIMOEIRO
NORDESTE,PE,2607,METROPOLITANA,26005,GOIANA,260900,2609006,MACAPARANA
NORDESTE,PE,2607,METROPOLITANA,26006,LIMOEIRO,260910,2609105,MACHADOS
NORDESTE,PE,2606,SERTAO,26002,ARCOVERDE,260915,2609154,MANARI
NORDESTE,PE,2607,METROPOLITANA,26008,PALMARES,260920,2609204,MARAIAL
NORDESTE,PE,2605,VALE DO S.FRANCISCO E ARARIPE,26011,SALGUEIRO,260930,2609303,MIRANDIBA
NORDESTE,PE,2607,METROPOLITANA,26010,RECIFE,260940,2609402,MORENO
NORDESTE,PE,2607,METROPOLITANA,26006,LIMOEIRO,260950,2609501,NAZARE DA MATA
NORDESTE,PE,2607,METROPOLITANA,26010,RECIFE,260960,2609600,OLINDA
NORDESTE,PE,2607,METROPOLITANA,26006,LIMOEIRO,260970,2609709,OROBO
NORDESTE,PE,2605,VALE DO S.FRANCISCO E ARARIPE,26009,PETROLINA,260980,2609808,OROCO
NORDESTE,PE,2605,VALE DO S.FRANCISCO E ARARIPE,26007,OURICURI,260990,2609907,OURICURI
NORDESTE,PE,2607,METROPOLITANA,26008,PALMARES,261000,2610004,PALMARES
NORDESTE,PE,2608,AGRESTE,26004,GARANHUNS,261010,2610103,PALMEIRINA
NORDESTE,PE,2608,AGRESTE,26003,CARUARU,261020,2610202,PANELAS
NORDESTE,PE,2608,AGRESTE,26004,GARANHUNS,261030,2610301,PARANATAMA
NORDESTE,PE,2605,VALE DO S.FRANCISCO E ARARIPE,26007,OURICURI,261040,2610400,PARNAMIRIM
NORDESTE,PE,2607,METROPOLITANA,26006,LIMOEIRO,261050,2610509,PASSIRA
NORDESTE,PE,2607,METROPOLITANA,26006,LIMOEIRO,261060,2610608,PAUDALHO
NORDESTE,PE,2607,METROPOLITANA,26010,RECIFE,261070,2610707,PAULISTA
NORDESTE,PE,2606,SERTAO,26002,ARCOVERDE,261080,2610806,PEDRA
NORDESTE,PE,2608,AGRESTE,26003,CARUARU,261090,2610905,PESQUEIRA
NORDESTE,PE,2606,SERTAO,26002,ARCOVERDE,261100,2611002,PETROLANDIA
NORDESTE,PE,2605,VALE DO S.FRANCISCO E ARARIPE,26009,PETROLINA,261110,2611101,PETROLINA
NORDESTE,PE,2608,AGRESTE,26003,CARUARU,261120,2611200,POCAO
NORDESTE,PE,2607,METROPOLITANA,26010,RECIFE,261130,2611309,POMBOS
NORDESTE,PE,2607,METROPOLITANA,26008,PALMARES,261140,2611408,PRIMAVERA
NORDESTE,PE,2607,METROPOLITANA,26008,PALMARES,261150,2611507,QUIPAPA
NORDESTE,PE,2606,SERTAO,26001,AFOGADOS DA INGAZEIRA,261153,2611533,QUIXABA
NORDESTE,PE,2607,METROPOLITANA,26010,RECIFE,261160,2611606,RECIFE
NORDESTE,PE,2608,AGRESTE,26003,CARUARU,261170,2611705,RIACHO DAS ALMAS
NORDESTE,PE,2607,METROPOLITANA,26008,PALMARES,261180,2611804,RIBEIRAO
NORDESTE,PE,2607,METROPOLITANA,26008,PALMARES,261190,2611903,RIO FORMOSO
NORDESTE,PE,2608,AGRESTE,26003,CARUARU,261200,2612000,SAIRE
NORDESTE,PE,2607,METROPOLITANA,26006,LIMOEIRO,261210,2612109,SALGADINHO
NORDESTE,PE,2605,VALE DO S.FRANCISCO E ARARIPE,26011,SALGUEIRO,261220,2612208,SALGUEIRO
NORDESTE,PE,2608,AGRESTE,26004,GARANHUNS,261230,2612307,SALOA
NORDESTE,PE,2608,AGRESTE,26003,CARUARU,261240,2612406,SANHARO
NORDESTE,PE,2605,VALE DO S.FRANCISCO E ARARIPE,26007,OURICURI,261245,2612455,SANTA CRUZ
NORDESTE,PE,2606,SERTAO,26012,SERRA TALHADA,261247,2612471,SANTA CRUZ DA BAIXA VERDE
NORDESTE,PE,2608,AGRESTE,26003,CARUARU,261250,2612505,SANTA CRUZ DO CAPIBARIBE
NORDESTE,PE,2605,VALE DO S.FRANCISCO E ARARIPE,26007,OURICURI,261255,2612554,SANTA FILOMENA
NORDESTE,PE,2605,VALE DO S.FRANCISCO E ARARIPE,26009,PETROLINA,261260,2612604,SANTA MARIA DA BOA VISTA
NORDESTE,PE,2608,AGRESTE,26003,CARUARU,261270,2612703,SANTA MARIA DO CAMBUCA
NORDESTE,PE,2606,SERTAO,26001,AFOGADOS DA INGAZEIRA,261280,2612802,SANTA TEREZINHA
NORDESTE,PE,2607,METROPOLITANA,26008,PALMARES,261290,2612901,SAO BENEDITO DO SUL
NORDESTE,PE,2608,AGRESTE,26003,CARUARU,261300,2613008,SAO BENTO DO UNA
NORDESTE,PE,2608,AGRESTE,26003,CARUARU,261310,2613107,SAO CAITANO
NORDESTE,PE,2608,AGRESTE,26004,GARANHUNS,261320,2613206,SAO JOAO
NORDESTE,PE,2608,AGRESTE,26003,CARUARU,261330,2613305,SAO JOAQUIM DO MONTE
NORDESTE,PE,2607,METROPOLITANA,26008,PALMARES,261340,2613404,SAO JOSE DA COROA GRANDE
NORDESTE,PE,2606,SERTAO,26012,SERRA TALHADA,261350,2613503,SAO JOSE DO BELMONTE
NORDESTE,PE,2606,SERTAO,26001,AFOGADOS DA INGAZEIRA,261360,2613602,SAO JOSE DO EGITO
NORDESTE,PE,2607,METROPOLITANA,26010,RECIFE,261370,2613701,SAO LOURENCO DA MATA
NORDESTE,PE,2607,METROPOLITANA,26005,GOIANA,261380,2613800,SAO VICENTE FERRER
NORDESTE,PE,2606,SERTAO,26012,SERRA TALHADA,261390,2613909,SERRA TALHADA
NORDESTE,PE,2605,VALE DO S.FRANCISCO E ARARIPE,26011,SALGUEIRO,261400,2614006,SERRITA
NORDESTE,PE,2606,SERTAO,26002,ARCOVERDE,261410,2614105,SERTANIA
NORDESTE,PE,2607,METROPOLITANA,26008,PALMARES,261420,2614204,SIRINHAEM
NORDESTE,PE,2605,VALE DO S.FRANCISCO E ARARIPE,26007,OURICURI,261430,2614303,MOREILANDIA
NORDESTE,PE,2606,SERTAO,26001,AFOGADOS DA INGAZEIRA,261440,2614402,SOLIDAO
NORDESTE,PE,2607,METROPOLITANA,26006,LIMOEIRO,261450,2614501,SURUBIM
NORDESTE,PE,2606,SERTAO,26001,AFOGADOS DA INGAZEIRA,261460,2614600,TABIRA
NORDESTE,PE,2608,AGRESTE,26003,CARUARU,261470,2614709,TACAIMBO
NORDESTE,PE,2606,SERTAO,26002,ARCOVERDE,261480,2614808,TACARATU
NORDESTE,PE,2607,METROPOLITANA,26008,PALMARES,261485,2614857,TAMANDARE
NORDESTE,PE,2608,AGRESTE,26003,CARUARU,261500,2615003,TAQUARITINGA DO NORTE
NORDESTE,PE,2608,AGRESTE,26004,GARANHUNS,261510,2615102,TEREZINHA
NORDESTE,PE,2605,VALE DO S.FRANCISCO E ARARIPE,26011,SALGUEIRO,261520,2615201,TERRA NOVA
NORDESTE,PE,2607,METROPOLITANA,26005,GOIANA,261530,2615300,TIMBAUBA
NORDESTE,PE,2608,AGRESTE,26003,CARUARU,261540,2615409,TORITAMA
NORDESTE,PE,2607,METROPOLITANA,26006,LIMOEIRO,261550,2615508,TRACUNHAEM
NORDESTE,PE,2605,VALE DO S.FRANCISCO E ARARIPE,26007,OURICURI,261560,2615607,TRINDADE
NORDESTE,PE,2606,SERTAO,26012,SERRA TALHADA,261570,2615706,TRIUNFO
NORDESTE,PE,2606,SERTAO,26002,ARCOVERDE,261580,2615805,TUPANATINGA
NORDESTE,PE,2606,SERTAO,26001,AFOGADOS DA INGAZEIRA,261590,2615904,TUPARETAMA
NORDESTE,PE,2606,SERTAO,26002,ARCOVERDE,261600,2616001,VENTUROSA
NORDESTE,PE,2605,VALE DO S.FRANCISCO E ARARIPE,26011,SALGUEIRO,261610,2616100,VERDEJANTE
NORDESTE,PE,2607,METROPOLITANA,26006,LIMOEIRO,261618,2616183,VERTENTE DO LERIO
NORDESTE,PE,2608,AGRESTE,26003,CARUARU,261620,2616209,VERTENTES
NORDESTE,PE,2607,METROPOLITANA,26006,LIMOEIRO,261630,2616308,VICENCIA
NORDESTE,PE,2607,METROPOLITANA,26010,RECIFE,261640,2616407,VITORIA DE SANTO ANTAO
NORDESTE,PE,2607,METROPOLITANA,26008,PALMARES,261650,2616506,XEXEU
NORDESTE,AL,2703,2ª MACRORREGIAO DE SAUDE,27010,10ª REGIÃO DE SAÚDE,270010,2700102,AGUA BRANCA
NORDESTE,AL,2704,1ª MACRORREGIAO DE SAUDE,27005,5ª REGIÃO DE SAÚDE,270020,2700201,ANADIA
NORDESTE,AL,2703,2ª MACRORREGIAO DE SAUDE,27007,7ª REGIÃO DE SAÚDE,270030,2700300,ARAPIRACA
NORDESTE,AL,2704,1ª MACRORREGIAO DE SAUDE,27004,4ª REGIÃO DE SAÚDE,270040,2700409,ATALAIA
NORDESTE,AL,2704,1ª MACRORREGIAO DE SAUDE,27001,1ª REGIÃO DE SAÚDE,270050,2700508,BARRA DE SANTO ANTONIO
NORDESTE,AL,2704,1ª MACRORREGIAO DE SAUDE,27001,1ª REGIÃO DE SAÚDE,270060,2700607,BARRA DE SAO MIGUEL
NORDESTE,AL,2703,2ª MACRORREGIAO DE SAUDE,27007,7ª REGIÃO DE SAÚDE,270070,2700706,BATALHA
NORDESTE,AL,2703,2ª MACRORREGIAO DE SAUDE,27008,8ª REGIÃO DE SAÚDE,270080,2700805,BELEM
NORDESTE,AL,2703,2ª MACRORREGIAO DE SAUDE,27007,7ª REGIÃO DE SAÚDE,270090,2700904,BELO MONTE
NORDESTE,AL,2704,1ª MACRORREGIAO DE SAUDE,27005,5ª REGIÃO DE SAÚDE,270100,2701001,BOCA DA MATA
NORDESTE,AL,2704,1ª MACRORREGIAO DE SAUDE,27003,3ª REGIÃO DE SAÚDE,270110,2701100,BRANQUINHA
NORDESTE,AL,2703,2ª MACRORREGIAO DE SAUDE,27008,8ª REGIÃO DE SAÚDE,270120,2701209,CACIMBINHAS
NORDESTE,AL,2704,1ª MACRORREGIAO DE SAUDE,27004,4ª REGIÃO DE SAÚDE,270130,2701308,CAJUEIRO
NORDESTE,AL,2704,1ª MACRORREGIAO DE SAUDE,27003,3ª REGIÃO DE SAÚDE,270135,2701357,CAMPESTRE
NORDESTE,AL,2704,1ª MACRORREGIAO DE SAUDE,27005,5ª REGIÃO DE SAÚDE,270140,2701407,CAMPO ALEGRE
NORDESTE,AL,2703,2ª MACRORREGIAO DE SAUDE,27007,7ª REGIÃO DE SAÚDE,270150,2701506,CAMPO GRANDE
NORDESTE,AL,2703,2ª MACRORREGIAO DE SAUDE,27009,9ª REGIÃO DE SAÚDE,270160,2701605,CANAPI
NORDESTE,AL,2704,1ª MACRORREGIAO DE SAUDE,27004,4ª REGIÃO DE SAÚDE,270170,2701704,CAPELA
NORDESTE,AL,2703,2ª MACRORREGIAO DE SAUDE,27009,9ª REGIÃO DE SAÚDE,270180,2701803,CARNEIROS
NORDESTE,AL,2704,1ª MACRORREGIAO DE SAUDE,27004,4ª REGIÃO DE SAÚDE,270190,2701902,CHA PRETA
NORDESTE,AL,2703,2ª MACRORREGIAO DE SAUDE,27007,7ª REGIÃO DE SAÚDE,270200,2702009,COITE DO NOIA
NORDESTE,AL,2704,1ª MACRORREGIAO DE SAUDE,27003,3ª REGIÃO DE SAÚDE,270210,2702108,COLONIA LEOPOLDINA
NORDESTE,AL,2704,1ª MACRORREGIAO DE SAUDE,27001,1ª REGIÃO DE SAÚDE,270220,2702207,COQUEIRO SECO
NORDESTE,AL,2704,1ª MACRORREGIAO DE SAUDE,27006,6ª REGIÃO DE SAÚDE,270230,2702306,CORURIPE
NORDESTE,AL,2703,2ª MACRORREGIAO DE SAUDE,27007,7ª REGIÃO DE SAÚDE,270235,2702355,CRAIBAS
NORDESTE,AL,2703,2ª MACRORREGIAO DE SAUDE,27010,10ª REGIÃO DE SAÚDE,270240,2702405,DELMIRO GOUVEIA
NORDESTE,AL,2703,2ª MACRORREGIAO DE SAUDE,27009,9ª REGIÃO DE SAÚDE,270250,2702504,DOIS RIACHOS
NORDESTE,AL,2703,2ª MACRORREGIAO DE SAUDE,27008,8ª REGIÃO DE SAÚDE,270255,2702553,ESTRELA DE ALAGOAS
NORDESTE,AL,2703,2ª MACRORREGIAO DE SAUDE,27007,7ª REGIÃO DE SAÚDE,270260,2702603,FEIRA GRANDE
NORDESTE,AL,2704,1ª MACRORREGIAO DE SAUDE,27006,6ª REGIÃO DE SAÚDE,270270,2702702,FELIZ DESERTO
NORDESTE,AL,2704,1ª MACRORREGIAO DE SAUDE,27001,1ª REGIÃO DE SAÚDE,270280,2702801,FLEXEIRAS
NORDESTE,AL,2703,2ª MACRORREGIAO DE SAUDE,27007,7ª REGIÃO DE SAÚDE,270290,2702900,GIRAU DO PONCIANO
NORDESTE,AL,2704,1ª MACRORREGIAO DE SAUDE,27003,3ª REGIÃO DE SAÚDE,270300,2703007,IBATEGUARA
NORDESTE,AL,2703,2ª MACRORREGIAO DE SAUDE,27008,8ª REGIÃO DE SAÚDE,270310,2703106,IGACI
NORDESTE,AL,2704,1ª MACRORREGIAO DE SAUDE,27006,6ª REGIÃO DE SAÚDE,270320,2703205,IGREJA NOVA
NORDESTE,AL,2703,2ª MACRORREGIAO DE SAUDE,27010,10ª REGIÃO DE SAÚDE,270330,2703304,INHAPI
NORDESTE,AL,2703,2ª MACRORREGIAO DE SAUDE,27007,7ª REGIÃO DE SAÚDE,270340,2703403,JACARE DOS HOMENS
NORDESTE,AL,2704,1ª MACRORREGIAO DE SAUDE,27002,2ª REGIÃO DE SAÚDE,270350,2703502,JACUIPE
NORDESTE,AL,2704,1ª MACRORREGIAO DE SAUDE,27002,2ª REGIÃO DE SAÚDE,270360,2703601,JAPARATINGA
NORDESTE,AL,2703,2ª MACRORREGIAO DE SAUDE,27007,7ª REGIÃO DE SAÚDE,270370,2703700,JARAMATAIA
NORDESTE,AL,2704,1ª MACRORREGIAO DE SAUDE,27006,6ª REGIÃO DE SAÚDE,270375,2703759,JEQUIA DA PRAIA
NORDESTE,AL,2704,1ª MACRORREGIAO DE SAUDE,27003,3ª REGIÃO DE SAÚDE,270380,2703809,JOAQUIM GOMES
NORDESTE,AL,2704,1ª MACRORREGIAO DE SAUDE,27003,3ª REGIÃO DE SAÚDE,270390,2703908,JUNDIA
NORDESTE,AL,2704,1ª MACRORREGIAO DE SAUDE,27005,5ª REGIÃO DE SAÚDE,270400,2704005,JUNQUEIRO
NORDESTE,AL,2703,2ª MACRORREGIAO DE SAUDE,27007,7ª REGIÃO DE SAÚDE,270410,2704104,LAGOA DA CANOA
NORDESTE,AL,2703,2ª MACRORREGIAO DE SAUDE,27007,7ª REGIÃO DE SAÚDE,270420,2704203,LIMOEIRO DE ANADIA
NORDESTE,AL,2704,1ª MACRORREGIAO DE SAUDE,27001,1ª REGIÃO DE SAÚDE,270430,2704302,MACEIO
NORDESTE,AL,2703,2ª MACRORREGIAO DE SAUDE,27007,7ª REGIÃO DE SAÚDE,270440,2704401,MAJOR ISIDORO
NORDESTE,AL,2704,1ª MACRORREGIAO DE SAUDE,27002,2ª REGIÃO DE SAÚDE,270450,2704500,MARAGOGI
NORDESTE,AL,2703,2ª MACRORREGIAO DE SAUDE,27009,9ª REGIÃO DE SAÚDE,270460,2704609,MARAVILHA
NORDESTE,AL,2704,1ª MACRORREGIAO DE SAUDE,27001,1ª REGIÃO DE SAÚDE,270470,2704708,MARECHAL DEODORO
NORDESTE,AL,2703,2ª MACRORREGIAO DE SAUDE,27008,8ª REGIÃO DE SAÚDE,270480,2704807,MARIBONDO
NORDESTE,AL,2704,1ª MACRORREGIAO DE SAUDE,27004,4ª REGIÃO DE SAÚDE,270490,2704906,MAR VERMELHO
NORDESTE,AL,2703,2ª MACRORREGIAO DE SAUDE,27010,10ª REGIÃO DE SAÚDE,270500,2705002,MATA GRANDE
NORDESTE,AL,2704,1ª MACRORREGIAO DE SAUDE,27002,2ª REGIÃO DE SAÚDE,270510,2705101,MATRIZ DE CAMARAGIBE
NORDESTE,AL,2704,1ª MACRORREGIAO DE SAUDE,27001,1ª REGIÃO DE SAÚDE,270520,2705200,MESSIAS
NORDESTE,AL,2703,2ª MACRORREGIAO DE SAUDE,27008,8ª REGIÃO DE SAÚDE,270530,2705309,MINADOR DO NEGRAO
NORDESTE,AL,2703,2ª MACRORREGIAO DE SAUDE,27009,9ª REGIÃO DE SAÚDE,270540,2705408,MONTEIROPOLIS
NORDESTE,AL,2704,1ª MACRORREGIAO DE SAUDE,27003,3ª REGIÃO DE SAÚDE,270550,2705507,MURICI
NORDESTE,AL,2704,1ª MACRORREGIAO DE SAUDE,27003,3ª REGIÃO DE SAÚDE,270560,2705606,NOVO LINO
NORDESTE,AL,2703,2ª MACRORREGIAO DE SAUDE,27009,9ª REGIÃO DE SAÚDE,270570,2705705,OLHO D'AGUA DAS FLORES
NORDESTE,AL,2703,2ª MACRORREGIAO DE SAUDE,27010,10ª REGIÃO DE SAÚDE,270580,2705804,OLHO D'AGUA DO CASADO
NORDESTE,AL,2703,2ª MACRORREGIAO DE SAUDE,27007,7ª REGIÃO DE SAÚDE,270590,2705903,OLHO D'AGUA GRANDE
NORDESTE,AL,2703,2ª MACRORREGIAO DE SAUDE,27009,9ª REGIÃO DE SAÚDE,270600,2706000,OLIVENCA
NORDESTE,AL,2703,2ª MACRORREGIAO DE SAUDE,27009,9ª REGIÃO DE SAÚDE,270610,2706109,OURO BRANCO
NORDESTE,AL,2703,2ª MACRORREGIAO DE SAUDE,27009,9ª REGIÃO DE SAÚDE,270620,2706208,PALESTINA
NORDESTE,AL,2703,2ª MACRORREGIAO DE SAUDE,27008,8ª REGIÃO DE SAÚDE,270630,2706307,PALMEIRA DOS INDIOS
NORDESTE,AL,2703,2ª MACRORREGIAO DE SAUDE,27009,9ª REGIÃO DE SAÚDE,270640,2706406,PAO DE ACUCAR
NORDESTE,AL,2703,2ª MACRORREGIAO DE SAUDE,27010,10ª REGIÃO DE SAÚDE,270642,2706422,PARICONHA
NORDESTE,AL,2704,1ª MACRORREGIAO DE SAUDE,27001,1ª REGIÃO DE SAÚDE,270644,2706448,PARIPUEIRA
NORDESTE,AL,2704,1ª MACRORREGIAO DE SAUDE,27002,2ª REGIÃO DE SAÚDE,270650,2706505,PASSO DE CAMARAGIBE
NORDESTE,AL,2704,1ª MACRORREGIAO DE SAUDE,27004,4ª REGIÃO DE SAÚDE,270660,2706604,PAULO JACINTO
NORDESTE,AL,2704,1ª MACRORREGIAO DE SAUDE,27006,6ª REGIÃO DE SAÚDE,270670,2706703,PENEDO
NORDESTE,AL,2704,1ª MACRORREGIAO DE SAUDE,27006,6ª REGIÃO DE SAÚDE,270680,2706802,PIACABUCU
NORDESTE,AL,2704,1ª MACRORREGIAO DE SAUDE,27001,1ª REGIÃO DE SAÚDE,270690,2706901,PILAR
NORDESTE,AL,2704,1ª MACRORREGIAO DE SAUDE,27004,4ª REGIÃO DE SAÚDE,270700,2707008,PINDOBA
NORDESTE,AL,2703,2ª MACRORREGIAO DE SAUDE,27010,10ª REGIÃO DE SAÚDE,270710,2707107,PIRANHAS
NORDESTE,AL,2703,2ª MACRORREGIAO DE SAUDE,27009,9ª REGIÃO DE SAÚDE,270720,2707206,POCO DAS TRINCHEIRAS
NORDESTE,AL,2704,1ª MACRORREGIAO DE SAUDE,27002,2ª REGIÃO DE SAÚDE,270730,2707305,PORTO CALVO
NORDESTE,AL,2704,1ª MACRORREGIAO DE SAUDE,27002,2ª REGIÃO DE SAÚDE,270740,2707404,PORTO DE PEDRAS
NORDESTE,AL,2704,1ª MACRORREGIAO DE SAUDE,27006,6ª REGIÃO DE SAÚDE,270750,2707503,PORTO REAL DO COLEGIO
NORDESTE,AL,2704,1ª MACRORREGIAO DE SAUDE,27004,4ª REGIÃO DE SAÚDE,270760,2707602,QUEBRANGULO
NORDESTE,AL,2704,1ª MACRORREGIAO DE SAUDE,27001,1ª REGIÃO DE SAÚDE,270770,2707701,RIO LARGO
NORDESTE,AL,2704,1ª MACRORREGIAO DE SAUDE,27005,5ª REGIÃO DE SAÚDE,270780,2707800,ROTEIRO
NORDESTE,AL,2704,1ª MACRORREGIAO DE SAUDE,27001,1ª REGIÃO DE SAÚDE,270790,2707909,SANTA LUZIA DO NORTE
NORDESTE,AL,2703,2ª MACRORREGIAO DE SAUDE,27009,9ª REGIÃO DE SAÚDE,270800,2708006,SANTANA DO IPANEMA
NORDESTE,AL,2704,1ª MACRORREGIAO DE SAUDE,27003,3ª REGIÃO DE SAÚDE,270810,2708105,SANTANA DO MUNDAU
NORDESTE,AL,2704,1ª MACRORREGIAO DE SAUDE,27006,6ª REGIÃO DE SAÚDE,270820,2708204,SAO BRAS
NORDESTE,AL,2704,1ª MACRORREGIAO DE SAUDE,27003,3ª REGIÃO DE SAÚDE,270830,2708303,SAO JOSE DA LAJE
NORDESTE,AL,2703,2ª MACRORREGIAO DE SAUDE,27009,9ª REGIÃO DE SAÚDE,270840,2708402,SAO JOSE DA TAPERA
NORDESTE,AL,2704,1ª MACRORREGIAO DE SAUDE,27002,2ª REGIÃO DE SAÚDE,270850,2708501,SAO LUIS DO QUITUNDE
NORDESTE,AL,2704,1ª MACRORREGIAO DE SAUDE,27005,5ª REGIÃO DE SAÚDE,270860,2708600,SAO MIGUEL DOS CAMPOS
NORDESTE,AL,2704,1ª MACRORREGIAO DE SAUDE,27002,2ª REGIÃO DE SAÚDE,270870,2708709,SAO MIGUEL DOS MILAGRES
NORDESTE,AL,2703,2ª MACRORREGIAO DE SAUDE,27007,7ª REGIÃO DE SAÚDE,270880,2708808,SAO SEBASTIAO
NORDESTE,AL,2704,1ª MACRORREGIAO DE SAUDE,27001,1ª REGIÃO DE SAÚDE,270890,2708907,SATUBA
NORDESTE,AL,2703,2ª MACRORREGIAO DE SAUDE,27009,9ª REGIÃO DE SAÚDE,270895,2708956,SENADOR RUI PALMEIRA
NORDESTE,AL,2703,2ª MACRORREGIAO DE SAUDE,27008,8ª REGIÃO DE SAÚDE,270900,2709004,TANQUE D'ARCA
NORDESTE,AL,2703,2ª MACRORREGIAO DE SAUDE,27007,7ª REGIÃO DE SAÚDE,270910,2709103,TAQUARANA
NORDESTE,AL,2704,1ª MACRORREGIAO DE SAUDE,27005,5ª REGIÃO DE SAÚDE,270915,2709152,TEOTONIO VILELA
NORDESTE,AL,2703,2ª MACRORREGIAO DE SAUDE,27007,7ª REGIÃO DE SAÚDE,270920,2709202,TRAIPU
NORDESTE,AL,2704,1ª MACRORREGIAO DE SAUDE,27003,3ª REGIÃO DE SAÚDE,270930,2709301,UNIAO DOS PALMARES
NORDESTE,AL,2704,1ª MACRORREGIAO DE SAUDE,27004,4ª REGIÃO DE SAÚDE,270940,2709400,VICOSA
NORDESTE,SE,2801,MACRO UNICA,28007,PROPRIÁ,280010,2800100,AMPARO DE SAO FRANCISCO
NORDESTE,SE,2801,MACRO UNICA,28007,PROPRIÁ,280020,2800209,AQUIDABA
NORDESTE,SE,2801,MACRO UNICA,28001,ARACAJU,280030,2800308,ARACAJU
NORDESTE,SE,2801,MACRO UNICA,28002,ESTÂNCIA,280040,2800407,ARAUA
NORDESTE,SE,2801,MACRO UNICA,28003,ITABAIANA,280050,2800506,AREIA BRANCA
NORDESTE,SE,2801,MACRO UNICA,28001,ARACAJU,280060,2800605,BARRA DOS COQUEIROS
NORDESTE,SE,2801,MACRO UNICA,28002,ESTÂNCIA,280067,2800670,BOQUIM
NORDESTE,SE,2801,MACRO UNICA,28007,PROPRIÁ,280070,2800704,BREJO GRANDE
NORDESTE,SE,2801,MACRO UNICA,28003,ITABAIANA,280100,2801009,CAMPO DO BRITO
NORDESTE,SE,2801,MACRO UNICA,28007,PROPRIÁ,280110,2801108,CANHOBA
NORDESTE,SE,2801,MACRO UNICA,28005,NOSSA SENHORA DA GLÓRIA,280120,2801207,CANINDE DE SAO FRANCISCO
NORDESTE,SE,2801,MACRO UNICA,28006,NOSSA SENHORA DO SOCORRO,280130,2801306,CAPELA
NORDESTE,SE,2801,MACRO UNICA,28003,ITABAIANA,280140,2801405,CARIRA
NORDESTE,SE,2801,MACRO UNICA,28006,NOSSA SENHORA DO SOCORRO,280150,2801504,CARMOPOLIS
NORDESTE,SE,2801,MACRO UNICA,28007,PROPRIÁ,280160,2801603,CEDRO DE SAO JOAO
NORDESTE,SE,2801,MACRO UNICA,28002,ESTÂNCIA,280170,2801702,CRISTINAPOLIS
NORDESTE,SE,2801,MACRO UNICA,28006,NOSSA SENHORA DO SOCORRO,280190,2801900,CUMBE
NORDESTE,SE,2801,MACRO UNICA,28001,ARACAJU,280200,2802007,DIVINA PASTORA
NORDESTE,SE,2801,MACRO UNICA,28002,ESTÂNCIA,280210,2802106,ESTANCIA
NORDESTE,SE,2801,MACRO UNICA,28005,NOSSA SENHORA DA GLÓRIA,280220,2802205,FEIRA NOVA
NORDESTE,SE,2801,MACRO UNICA,28003,ITABAIANA,280230,2802304,FREI PAULO
NORDESTE,SE,2801,MACRO UNICA,28005,NOSSA SENHORA DA GLÓRIA,280240,2802403,GARARU
NORDESTE,SE,2801,MACRO UNICA,28006,NOSSA SENHORA DO SOCORRO,280250,2802502,GENERAL MAYNARD
NORDESTE,SE,2801,MACRO UNICA,28005,NOSSA SENHORA DA GLÓRIA,280260,2802601,GRACHO CARDOSO
NORDESTE,SE,2801,MACRO UNICA,28007,PROPRIÁ,280270,2802700,ILHA DAS FLORES
NORDESTE,SE,2801,MACRO UNICA,28002,ESTÂNCIA,280280,2802809,INDIAROBA
NORDESTE,SE,2801,MACRO UNICA,28003,ITABAIANA,280290,2802908,ITABAIANA
NORDESTE,SE,2801,MACRO UNICA,28002,ESTÂNCIA,280300,2803005,ITABAIANINHA
NORDESTE,SE,2801,MACRO UNICA,28005,NOSSA SENHORA DA GLÓRIA,280310,2803104,ITABI
NORDESTE,SE,2801,MACRO UNICA,28001,ARACAJU,280320,2803203,ITAPORANGA D'AJUDA
NORDESTE,SE,2801,MACRO UNICA,28006,NOSSA SENHORA DO SOCORRO,280330,2803302,JAPARATUBA
NORDESTE,SE,2801,MACRO UNICA,28007,PROPRIÁ,280340,2803401,JAPOATA
NORDESTE,SE,2801,MACRO UNICA,28004,LAGARTO,280350,2803500,LAGARTO
NORDESTE,SE,2801,MACRO UNICA,28001,ARACAJU,280360,2803609,LARANJEIRAS
NORDESTE,SE,2801,MACRO UNICA,28003,ITABAIANA,280370,2803708,MACAMBIRA
NORDESTE,SE,2801,MACRO UNICA,28007,PROPRIÁ,280380,2803807,MALHADA DOS BOIS
NORDESTE,SE,2801,MACRO UNICA,28003,ITABAIANA,280390,2803906,MALHADOR
NORDESTE,SE,2801,MACRO UNICA,28006,NOSSA SENHORA DO SOCORRO,280400,2804003,MARUIM
NORDESTE,SE,2801,MACRO UNICA,28003,ITABAIANA,280410,2804102,MOITA BONITA
NORDESTE,SE,2801,MACRO UNICA,28005,NOSSA SENHORA DA GLÓRIA,280420,2804201,MONTE ALEGRE DE SERGIPE
NORDESTE,SE,2801,MACRO UNICA,28007,PROPRIÁ,280430,2804300,MURIBECA
NORDESTE,SE,2801,MACRO UNICA,28007,PROPRIÁ,280440,2804409,NEOPOLIS
NORDESTE,SE,2801,MACRO UNICA,28003,ITABAIANA,280445,2804458,NOSSA SENHORA APARECIDA
NORDESTE,SE,2801,MACRO UNICA,28005,NOSSA SENHORA DA GLÓRIA,280450,2804508,NOSSA SENHORA DA GLORIA
NORDESTE,SE,2801,MACRO UNICA,28006,NOSSA SENHORA DO SOCORRO,280460,2804607,NOSSA SENHORA DAS DORES
NORDESTE,SE,2801,MACRO UNICA,28007,PROPRIÁ,280470,2804706,NOSSA SENHORA DE LOURDES
NORDESTE,SE,2801,MACRO UNICA,28006,NOSSA SENHORA DO SOCORRO,280480,2804805,NOSSA SENHORA DO SOCORRO
NORDESTE,SE,2801,MACRO UNICA,28007,PROPRIÁ,280490,2804904,PACATUBA
NORDESTE,SE,2801,MACRO UNICA,28003,ITABAIANA,280500,2805000,PEDRA MOLE
NORDESTE,SE,2801,MACRO UNICA,28002,ESTÂNCIA,280510,2805109,PEDRINHAS
NORDESTE,SE,2801,MACRO UNICA,28003,ITABAIANA,280520,2805208,PINHAO
NORDESTE,SE,2801,MACRO UNICA,28006,NOSSA SENHORA DO SOCORRO,280530,2805307,PIRAMBU
NORDESTE,SE,2801,MACRO UNICA,28005,NOSSA SENHORA DA GLÓRIA,280540,2805406,POCO REDONDO
NORDESTE,SE,2801,MACRO UNICA,28004,LAGARTO,280550,2805505,POCO VERDE
NORDESTE,SE,2801,MACRO UNICA,28005,NOSSA SENHORA DA GLÓRIA,280560,2805604,PORTO DA FOLHA
NORDESTE,SE,2801,MACRO UNICA,28007,PROPRIÁ,280570,2805703,PROPRIA
NORDESTE,SE,2801,MACRO UNICA,28004,LAGARTO,280580,2805802,RIACHAO DO DANTAS
NORDESTE,SE,2801,MACRO UNICA,28001,ARACAJU,280590,2805901,RIACHUELO
NORDESTE,SE,2801,MACRO UNICA,28003,ITABAIANA,280600,2806008,RIBEIROPOLIS
NORDESTE,SE,2801,MACRO UNICA,28006,NOSSA SENHORA DO SOCORRO,280610,2806107,ROSARIO DO CATETE
NORDESTE,SE,2801,MACRO UNICA,28004,LAGARTO,280620,2806206,SALGADO
NORDESTE,SE,2801,MACRO UNICA,28002,ESTÂNCIA,280630,2806305,SANTA LUZIA DO ITANHY
NORDESTE,SE,2801,MACRO UNICA,28007,PROPRIÁ,280640,2806404,SANTANA DO SAO FRANCISCO
NORDESTE,SE,2801,MACRO UNICA,28001,ARACAJU,280650,2806503,SANTA ROSA DE LIMA
NORDESTE,SE,2801,MACRO UNICA,28006,NOSSA SENHORA DO SOCORRO,280660,2806602,SANTO AMARO DAS BROTAS
NORDESTE,SE,2801,MACRO UNICA,28001,ARACAJU,280670,2806701,SAO CRISTOVAO
NORDESTE,SE,2801,MACRO UNICA,28003,ITABAIANA,280680,2806800,SAO DOMINGOS
NORDESTE,SE,2801,MACRO UNICA,28007,PROPRIÁ,280690,2806909,SAO FRANCISCO
NORDESTE,SE,2801,MACRO UNICA,28003,ITABAIANA,280700,2807006,SAO MIGUEL DO ALEIXO
NORDESTE,SE,2801,MACRO UNICA,28004,LAGARTO,280710,2807105,SIMAO DIAS
NORDESTE,SE,2801,MACRO UNICA,28006,NOSSA SENHORA DO SOCORRO,280720,2807204,SIRIRI
NORDESTE,SE,2801,MACRO UNICA,28007,PROPRIÁ,280730,2807303,TELHA
NORDESTE,SE,2801,MACRO UNICA,28004,LAGARTO,280740,2807402,TOBIAS BARRETO
NORDESTE,SE,2801,MACRO UNICA,28002,ESTÂNCIA,280750,2807501,TOMAR DO GERU
NORDESTE,SE,2801,MACRO UNICA,28002,ESTÂNCIA,280760,2807600,UMBAUBA
NORDESTE,BA,2917,CENTRO-LESTE (NRS - FEIRA SANTANA),29023,SEABRA,290010,2900108,ABAIRA
NORDESTE,BA,2913,NORTE - (NRS - JUAZEIRO),29017,PAULO AFONSO,290020,2900207,ABARE
NORDESTE,BA,2914,NORDESTE (NRS - ALAGOINHAS),29001,ALAGOINHAS,290030,2900306,ACAJUTIBA
NORDESTE,BA,2914,NORDESTE (NRS - ALAGOINHAS),29019,RIBEIRA DO POMBAL,290035,2900355,ADUSTINA
NORDESTE,BA,2917,CENTRO-LESTE (NRS - FEIRA SANTANA),29025,SERRINHA,290040,2900405,AGUA FRIA
NORDESTE,BA,2911,SUDOESTE (NBS - VITORIA CONQUISTA),29003,BRUMADO,290050,2900504,ERICO CARDOSO
NORDESTE,BA,2910,SUL (NBS - ILHEUS),29015,JEQUIÉ,290060,2900603,AIQUARA
NORDESTE,BA,2914,NORDESTE (NRS - ALAGOINHAS),29001,ALAGOINHAS,290070,2900702,ALAGOINHAS
NORDESTE,BA,2916,EXTREMO SUL (NRS - TEIXEIRA FREITAS),29026,TEIXEIRA DE FREITAS,290080,2900801,ALCOBACA
NORDESTE,BA,2910,SUL (NBS - ILHEUS),29012,ITABUNA,290090,2900900,ALMADINA
NORDESTE,BA,2915,LESTE - (NRS - SALVADOR),29022,SANTO ANTÔNIO DE JESUS,290100,2901007,AMARGOSA
NORDESTE,BA,2917,CENTRO-LESTE (NRS - FEIRA SANTANA),29006,FEIRA DE SANTANA,290110,2901106,AMELIA RODRIGUES
NORDESTE,BA,2918,CENTRO - NORTE (NRS - JACOBINA),29010,IRECÊ,290115,2901155,AMERICA DOURADA
NORDESTE,BA,2911,SUDOESTE (NBS - VITORIA CONQUISTA),29028,VITÓRIA DA CONQUISTA,290120,2901205,ANAGE
NORDESTE,BA,2917,CENTRO-LESTE (NRS - FEIRA SANTANA),29011,ITABERABA,290130,2901304,ANDARAI
NORDESTE,BA,2913,NORTE - (NRS - JUAZEIRO),29024,SENHOR DO BONFIM,290135,2901353,ANDORINHA
NORDESTE,BA,2912,OESTE (NBS - BARREIRAS),29002,BARREIRAS,290140,2901403,ANGICAL
NORDESTE,BA,2917,CENTRO-LESTE (NRS - FEIRA SANTANA),29006,FEIRA DE SANTANA,290150,2901502,ANGUERA
NORDESTE,BA,2914,NORDESTE (NRS - ALAGOINHAS),29019,RIBEIRA DO POMBAL,290160,2901601,ANTAS
NORDESTE,BA,2917,CENTRO-LESTE (NRS - FEIRA SANTANA),29006,FEIRA DE SANTANA,290170,2901700,ANTONIO CARDOSO
NORDESTE,BA,2913,NORTE - (NRS - JUAZEIRO),29024,SENHOR DO BONFIM,290180,2901809,ANTONIO GONCALVES
NORDESTE,BA,2914,NORDESTE (NRS - ALAGOINHAS),29001,ALAGOINHAS,290190,2901908,APORA
NORDESTE,BA,2910,SUL (NBS - ILHEUS),29015,JEQUIÉ,290195,2901957,APUAREMA
NORDESTE,BA,2911,SUDOESTE (NBS - VITORIA CONQUISTA),29003,BRUMADO,290200,2902005,ARACATU
NORDESTE,BA,2914,NORDESTE (NRS - ALAGOINHAS),29001,ALAGOINHAS,290205,2902054,ARACAS
NORDESTE,BA,2917,CENTRO-LESTE (NRS - FEIRA SANTANA),29025,SERRINHA,290210,2902104,ARACI
NORDESTE,BA,2914,NORDESTE (NRS - ALAGOINHAS),29001,ALAGOINHAS,290220,2902203,ARAMARI
NORDESTE,BA,2910,SUL (NBS - ILHEUS),29009,ILHÉUS,290225,2902252,ARATACA
NORDESTE,BA,2915,LESTE - (NRS - SALVADOR),29022,SANTO ANTÔNIO DE JESUS,290230,2902302,ARATUIPE
NORDESTE,BA,2910,SUL (NBS - ILHEUS),29012,ITABUNA,290240,2902401,AURELINO LEAL
NORDESTE,BA,2912,OESTE (NBS - BARREIRAS),29002,BARREIRAS,290250,2902500,BAIANOPOLIS
NORDESTE,BA,2917,CENTRO-LESTE (NRS - FEIRA SANTANA),29006,FEIRA DE SANTANA,290260,2902609,BAIXA GRANDE
NORDESTE,BA,2914,NORDESTE (NRS - ALAGOINHAS),29019,RIBEIRA DO POMBAL,290265,2902658,BANZAE
NORDESTE,BA,2912,OESTE (NBS - BARREIRAS),29008,IBOTIRAMA,290270,2902708,BARRA
NORDESTE,BA,2911,SUDOESTE (NBS - VITORIA CONQUISTA),29003,BRUMADO,290280,2902807,BARRA DA ESTIVA
NORDESTE,BA,2911,SUDOESTE (NBS - VITORIA CONQUISTA),29028,VITÓRIA DA CONQUISTA,290290,2902906,BARRA DO CHOCA
NORDESTE,BA,2918,CENTRO - NORTE (NRS - JACOBINA),29010,IRECÊ,290300,2903003,BARRA DO MENDES
NORDESTE,BA,2910,SUL (NBS - ILHEUS),29015,JEQUIÉ,290310,2903102,BARRA DO ROCHA
NORDESTE,BA,2912,OESTE (NBS - BARREIRAS),29002,BARREIRAS,290320,2903201,BARREIRAS
NORDESTE,BA,2918,CENTRO - NORTE (NRS - JACOBINA),29010,IRECÊ,290323,2903235,BARRO ALTO
NORDESTE,BA,2917,CENTRO-LESTE (NRS - FEIRA SANTANA),29025,SERRINHA,290327,2903276,BARROCAS
NORDESTE,BA,2910,SUL (NBS - ILHEUS),29012,ITABUNA,290330,2903300,BARRO PRETO
NORDESTE,BA,2916,EXTREMO SUL (NRS - TEIXEIRA FREITAS),29018,PORTO SEGURO,290340,2903409,BELMONTE
NORDESTE,BA,2911,SUDOESTE (NBS - VITORIA CONQUISTA),29028,VITÓRIA DA CONQUISTA,290350,2903508,BELO CAMPO
NORDESTE,BA,2917,CENTRO-LESTE (NRS - FEIRA SANTANA),29025,SERRINHA,290360,2903607,BIRITINGA
NORDESTE,BA,2910,SUL (NBS - ILHEUS),29015,JEQUIÉ,290370,2903706,BOA NOVA
NORDESTE,BA,2917,CENTRO-LESTE (NRS - FEIRA SANTANA),29011,ITABERABA,290380,2903805,BOA VISTA DO TUPIM
NORDESTE,BA,2912,OESTE (NBS - BARREIRAS),29021,SANTA MARIA DA VITÓRIA,290390,2903904,BOM JESUS DA LAPA
NORDESTE,BA,2911,SUDOESTE (NBS - VITORIA CONQUISTA),29028,VITÓRIA DA CONQUISTA,290395,2903953,BOM JESUS DA SERRA
NORDESTE,BA,2917,CENTRO-LESTE (NRS - FEIRA SANTANA),29023,SEABRA,290400,2904001,BONINAL
NORDESTE,BA,2917,CENTRO-LESTE (NRS - FEIRA SANTANA),29011,ITABERABA,290405,2904050,BONITO
NORDESTE,BA,2911,SUDOESTE (NBS - VITORIA CONQUISTA),29003,BRUMADO,290410,2904100,BOQUIRA
NORDESTE,BA,2911,SUDOESTE (NBS - VITORIA CONQUISTA),29003,BRUMADO,290420,2904209,BOTUPORA
NORDESTE,BA,2910,SUL (NBS - ILHEUS),29015,JEQUIÉ,290430,2904308,BREJOES
NORDESTE,BA,2912,OESTE (NBS - BARREIRAS),29002,BARREIRAS,290440,2904407,BREJOLANDIA
NORDESTE,BA,2912,OESTE (NBS - BARREIRAS),29008,IBOTIRAMA,290450,2904506,BROTAS DE MACAUBAS
NORDESTE,BA,2911,SUDOESTE (NBS - VITORIA CONQUISTA),29003,BRUMADO,290460,2904605,BRUMADO
NORDESTE,BA,2910,SUL (NBS - ILHEUS),29012,ITABUNA,290470,2904704,BUERAREMA
NORDESTE,BA,2912,OESTE (NBS - BARREIRAS),29008,IBOTIRAMA,290475,2904753,BURITIRAMA
NORDESTE,BA,2911,SUDOESTE (NBS - VITORIA CONQUISTA),29013,ITAPETINGA,290480,2904803,CAATIBA
NORDESTE,BA,2915,LESTE - (NRS - SALVADOR),29005,CRUZ DAS ALMAS,290485,2904852,CABACEIRAS DO PARAGUACU
NORDESTE,BA,2915,LESTE - (NRS - SALVADOR),29005,CRUZ DAS ALMAS,290490,2904902,CACHOEIRA
NORDESTE,BA,2911,SUDOESTE (NBS - VITORIA CONQUISTA),29007,GUANAMBI,290500,2905008,CACULE
NORDESTE,BA,2918,CENTRO - NORTE (NRS - JACOBINA),29014,JACOBINA,290510,2905107,CAEM
NORDESTE,BA,2911,SUDOESTE (NBS - VITORIA CONQUISTA),29028,VITÓRIA DA CONQUISTA,290515,2905156,CAETANOS
NORDESTE,BA,2911,SUDOESTE (NBS - VITORIA CONQUISTA),29007,GUANAMBI,290520,2905206,CAETITE
NORDESTE,BA,2918,CENTRO - NORTE (NRS - JACOBINA),29010,IRECÊ,290530,2905305,CAFARNAUM
NORDESTE,BA,2910,SUL (NBS - ILHEUS),29027,VALENÇA,290540,2905404,CAIRU
NORDESTE,BA,2918,CENTRO - NORTE (NRS - JACOBINA),29014,JACOBINA,290550,2905503,CALDEIRAO GRANDE
NORDESTE,BA,2910,SUL (NBS - ILHEUS),29012,ITABUNA,290560,2905602,CAMACAN
NORDESTE,BA,2915,LESTE - (NRS - SALVADOR),29004,CAMAÇARI,290570,2905701,CAMACARI
NORDESTE,BA,2910,SUL (NBS - ILHEUS),29027,VALENÇA,290580,2905800,CAMAMU
NORDESTE,BA,2913,NORTE - (NRS - JUAZEIRO),29016,JUAZEIRO,290590,2905909,CAMPO ALEGRE DE LOURDES
NORDESTE,BA,2913,NORTE - (NRS - JUAZEIRO),29024,SENHOR DO BONFIM,290600,2906006,CAMPO FORMOSO
NORDESTE,BA,2912,OESTE (NBS - BARREIRAS),29021,SANTA MARIA DA VITÓRIA,290610,2906105,CANAPOLIS
NORDESTE,BA,2918,CENTRO - NORTE (NRS - JACOBINA),29010,IRECÊ,290620,2906204,CANARANA
NORDESTE,BA,2910,SUL (NBS - ILHEUS),29009,ILHÉUS,290630,2906303,CANAVIEIRAS
NORDESTE,BA,2917,CENTRO-LESTE (NRS - FEIRA SANTANA),29006,FEIRA DE SANTANA,290640,2906402,CANDEAL
NORDESTE,BA,2915,LESTE - (NRS - SALVADOR),29020,SALVADOR,290650,2906501,CANDEIAS
NORDESTE,BA,2911,SUDOESTE (NBS - VITORIA CONQUISTA),29007,GUANAMBI,290660,2906600,CANDIBA
NORDESTE,BA,2911,SUDOESTE (NBS - VITORIA CONQUISTA),29028,VITÓRIA DA CONQUISTA,290670,2906709,CANDIDO SALES
NORDESTE,BA,2917,CENTRO-LESTE (NRS - FEIRA SANTANA),29025,SERRINHA,290680,2906808,CANSANCAO
NORDESTE,BA,2913,NORTE - (NRS - JUAZEIRO),29016,JUAZEIRO,290682,2906824,CANUDOS
NORDESTE,BA,2917,CENTRO-LESTE (NRS - FEIRA SANTANA),29006,FEIRA DE SANTANA,290685,2906857,CAPELA DO ALTO ALEGRE
NORDESTE,BA,2918,CENTRO - NORTE (NRS - JACOBINA),29014,JACOBINA,290687,2906873,CAPIM GROSSO
NORDESTE,BA,2911,SUDOESTE (NBS - VITORIA CONQUISTA),29028,VITÓRIA DA CONQUISTA,290689,2906899,CARAIBAS
NORDESTE,BA,2916,EXTREMO SUL (NRS - TEIXEIRA FREITAS),29026,TEIXEIRA DE FREITAS,290690,2906907,CARAVELAS
NORDESTE,BA,2914,NORDESTE (NRS - ALAGOINHAS),29001,ALAGOINHAS,290700,2907004,CARDEAL DA SILVA
NORDESTE,BA,2911,SUDOESTE (NBS - VITORIA CONQUISTA),29007,GUANAMBI,290710,2907103,CARINHANHA
NORDESTE,BA,2913,NORTE - (NRS - JUAZEIRO),29016,JUAZEIRO,290720,2907202,CASA NOVA
NORDESTE,BA,2915,LESTE - (NRS - SALVADOR),29022,SANTO ANTÔNIO DE JESUS,290730,2907301,CASTRO ALVES
NORDESTE,BA,2912,OESTE (NBS - BARREIRAS),29002,BARREIRAS,290740,2907400,CATOLANDIA
NORDESTE,BA,2914,NORDESTE (NRS - ALAGOINHAS),29001,ALAGOINHAS,290750,2907509,CATU
NORDESTE,BA,2911,SUDOESTE (NBS - VITORIA CONQUISTA),29003,BRUMADO,290755,2907558,CATURAMA
NORDESTE,BA,2918,CENTRO - NORTE (NRS - JACOBINA),29010,IRECÊ,290760,2907608,CENTRAL
NORDESTE,BA,2913,NORTE - (NRS - JUAZEIRO),29017,PAULO AFONSO,290770,2907707,CHORROCHO
NORDESTE,BA,2914,NORDESTE (NRS - ALAGOINHAS),29019,RIBEIRA DO POMBAL,290780,2907806,CICERO DANTAS
NORDESTE,BA,2914,NORDESTE (NRS - ALAGOINHAS),29019,RIBEIRA DO POMBAL,290790,2907905,CIPO
NORDESTE,BA,2910,SUL (NBS - ILHEUS),29012,ITABUNA,290800,2908002,COARACI
NORDESTE,BA,2912,OESTE (NBS - BARREIRAS),29021,SANTA MARIA DA VITÓRIA,290810,2908101,COCOS
NORDESTE,BA,2915,LESTE - (NRS - SALVADOR),29005,CRUZ DAS ALMAS,290820,2908200,CONCEICAO DA FEIRA
NORDESTE,BA,2915,LESTE - (NRS - SALVADOR),29022,SANTO ANTÔNIO DE JESUS,290830,2908309,CONCEICAO DO ALMEIDA
NORDESTE,BA,2917,CENTRO-LESTE (NRS - FEIRA SANTANA),29025,SERRINHA,290840,2908408,CONCEICAO DO COITE
NORDESTE,BA,2917,CENTRO-LESTE (NRS - FEIRA SANTANA),29006,FEIRA DE SANTANA,290850,2908507,CONCEICAO DO JACUIPE
NORDESTE,BA,2915,LESTE - (NRS - SALVADOR),29004,CAMAÇARI,290860,2908606,CONDE
NORDESTE,BA,2911,SUDOESTE (NBS - VITORIA CONQUISTA),29028,VITÓRIA DA CONQUISTA,290870,2908705,CONDEUBA
NORDESTE,BA,2911,SUDOESTE (NBS - VITORIA CONQUISTA),29003,BRUMADO,290880,2908804,CONTENDAS DO SINCORA
NORDESTE,BA,2917,CENTRO-LESTE (NRS - FEIRA SANTANA),29006,FEIRA DE SANTANA,290890,2908903,CORACAO DE MARIA
NORDESTE,BA,2911,SUDOESTE (NBS - VITORIA CONQUISTA),29028,VITÓRIA DA CONQUISTA,290900,2909000,CORDEIROS
NORDESTE,BA,2912,OESTE (NBS - BARREIRAS),29021,SANTA MARIA DA VITÓRIA,290910,2909109,CORIBE
NORDESTE,BA,2914,NORDESTE (NRS - ALAGOINHAS),29019,RIBEIRA DO POMBAL,290920,2909208,CORONEL JOAO SA
NORDESTE,BA,2912,OESTE (NBS - BARREIRAS),29021,SANTA MARIA DA VITÓRIA,290930,2909307,CORRENTINA
NORDESTE,BA,2912,OESTE (NBS - BARREIRAS),29002,BARREIRAS,290940,2909406,COTEGIPE
NORDESTE,BA,2910,SUL (NBS - ILHEUS),29015,JEQUIÉ,290950,2909505,CRAVOLANDIA
NORDESTE,BA,2914,NORDESTE (NRS - ALAGOINHAS),29001,ALAGOINHAS,290960,2909604,CRISOPOLIS
NORDESTE,BA,2912,OESTE (NBS - BARREIRAS),29002,BARREIRAS,290970,2909703,CRISTOPOLIS
NORDESTE,BA,2915,LESTE - (NRS - SALVADOR),29005,CRUZ DAS ALMAS,290980,2909802,CRUZ DAS ALMAS
NORDESTE,BA,2913,NORTE - (NRS - JUAZEIRO),29016,JUAZEIRO,290990,2909901,CURACA
NORDESTE,BA,2910,SUL (NBS - ILHEUS),29015,JEQUIÉ,291000,2910008,DARIO MEIRA
NORDESTE,BA,2915,LESTE - (NRS - SALVADOR),29004,CAMAÇARI,291005,2910057,DIAS D'AVILA
NORDESTE,BA,2911,SUDOESTE (NBS - VITORIA CONQUISTA),29003,BRUMADO,291010,2910107,DOM BASILIO
NORDESTE,BA,2915,LESTE - (NRS - SALVADOR),29022,SANTO ANTÔNIO DE JESUS,291020,2910206,DOM MACEDO COSTA
NORDESTE,BA,2915,LESTE - (NRS - SALVADOR),29022,SANTO ANTÔNIO DE JESUS,291030,2910305,ELISIO MEDRADO
NORDESTE,BA,2911,SUDOESTE (NBS - VITORIA CONQUISTA),29028,VITÓRIA DA CONQUISTA,291040,2910404,ENCRUZILHADA
NORDESTE,BA,2914,NORDESTE (NRS - ALAGOINHAS),29001,ALAGOINHAS,291050,2910503,ENTRE RIOS
NORDESTE,BA,2914,NORDESTE (NRS - ALAGOINHAS),29001,ALAGOINHAS,291060,2910602,ESPLANADA
NORDESTE,BA,2917,CENTRO-LESTE (NRS - FEIRA SANTANA),29025,SERRINHA,291070,2910701,EUCLIDES DA CUNHA
NORDESTE,BA,2916,EXTREMO SUL (NRS - TEIXEIRA FREITAS),29018,PORTO SEGURO,291072,2910727,EUNAPOLIS
NORDESTE,BA,2914,NORDESTE (NRS - ALAGOINHAS),29019,RIBEIRA DO POMBAL,291075,2910750,FATIMA
NORDESTE,BA,2912,OESTE (NBS - BARREIRAS),29021,SANTA MARIA DA VITÓRIA,291077,2910776,FEIRA DA MATA
NORDESTE,BA,2917,CENTRO-LESTE (NRS - FEIRA SANTANA),29006,FEIRA DE SANTANA,291080,2910800,FEIRA DE SANTANA
NORDESTE,BA,2913,NORTE - (NRS - JUAZEIRO),29024,SENHOR DO BONFIM,291085,2910859,FILADELFIA
NORDESTE,BA,2911,SUDOESTE (NBS - VITORIA CONQUISTA),29013,ITAPETINGA,291090,2910909,FIRMINO ALVES
NORDESTE,BA,2910,SUL (NBS - ILHEUS),29012,ITABUNA,291100,2911006,FLORESTA AZUL
NORDESTE,BA,2912,OESTE (NBS - BARREIRAS),29002,BARREIRAS,291110,2911105,FORMOSA DO RIO PRETO
NORDESTE,BA,2910,SUL (NBS - ILHEUS),29027,VALENÇA,291120,2911204,GANDU
NORDESTE,BA,2917,CENTRO-LESTE (NRS - FEIRA SANTANA),29006,FEIRA DE SANTANA,291125,2911253,GAVIAO
NORDESTE,BA,2918,CENTRO - NORTE (NRS - JACOBINA),29010,IRECÊ,291130,2911303,GENTIO DO OURO
NORDESTE,BA,2913,NORTE - (NRS - JUAZEIRO),29017,PAULO AFONSO,291140,2911402,GLORIA
NORDESTE,BA,2910,SUL (NBS - ILHEUS),29012,ITABUNA,291150,2911501,GONGOGI
NORDESTE,BA,2915,LESTE - (NRS - SALVADOR),29005,CRUZ DAS ALMAS,291160,2911600,GOVERNADOR MANGABEIRA
NORDESTE,BA,2911,SUDOESTE (NBS - VITORIA CONQUISTA),29003,BRUMADO,291165,2911659,GUAJERU
NORDESTE,BA,2911,SUDOESTE (NBS - VITORIA CONQUISTA),29007,GUANAMBI,291170,2911709,GUANAMBI
NORDESTE,BA,2916,EXTREMO SUL (NRS - TEIXEIRA FREITAS),29018,PORTO SEGURO,291180,2911808,GUARATINGA
NORDESTE,BA,2914,NORDESTE (NRS - ALAGOINHAS),29019,RIBEIRA DO POMBAL,291185,2911857,HELIOPOLIS
NORDESTE,BA,2917,CENTRO-LESTE (NRS - FEIRA SANTANA),29011,ITABERABA,291190,2911907,IACU
NORDESTE,BA,2911,SUDOESTE (NBS - VITORIA CONQUISTA),29007,GUANAMBI,291200,2912004,IBIASSUCE
NORDESTE,BA,2910,SUL (NBS - ILHEUS),29012,ITABUNA,291210,2912103,IBICARAI
NORDESTE,BA,2911,SUDOESTE (NBS - VITORIA CONQUISTA),29003,BRUMADO,291220,2912202,IBICOARA
NORDESTE,BA,2911,SUDOESTE (NBS - VITORIA CONQUISTA),29013,ITAPETINGA,291230,2912301,IBICUI
NORDESTE,BA,2918,CENTRO - NORTE (NRS - JACOBINA),29010,IRECÊ,291240,2912400,IBIPEBA
NORDESTE,BA,2911,SUDOESTE (NBS - VITORIA CONQUISTA),29003,BRUMADO,291250,2912509,IBIPITANGA
NORDESTE,BA,2917,CENTRO-LESTE (NRS - FEIRA SANTANA),29011,ITABERABA,291260,2912608,IBIQUERA
NORDESTE,BA,2910,SUL (NBS - ILHEUS),29012,ITABUNA,291270,2912707,IBIRAPITANGA
NORDESTE,BA,2916,EXTREMO SUL (NRS - TEIXEIRA FREITAS),29026,TEIXEIRA DE FREITAS,291280,2912806,IBIRAPUA
NORDESTE,BA,2910,SUL (NBS - ILHEUS),29015,JEQUIÉ,291290,2912905,IBIRATAIA
NORDESTE,BA,2917,CENTRO-LESTE (NRS - FEIRA SANTANA),29023,SEABRA,291300,2913002,IBITIARA
NORDESTE,BA,2918,CENTRO - NORTE (NRS - JACOBINA),29010,IRECÊ,291310,2913101,IBITITA
NORDESTE,BA,2912,OESTE (NBS - BARREIRAS),29008,IBOTIRAMA,291320,2913200,IBOTIRAMA
NORDESTE,BA,2917,CENTRO-LESTE (NRS - FEIRA SANTANA),29006,FEIRA DE SANTANA,291330,2913309,ICHU
NORDESTE,BA,2911,SUDOESTE (NBS - VITORIA CONQUISTA),29007,GUANAMBI,291340,2913408,IGAPORA
NORDESTE,BA,2910,SUL (NBS - ILHEUS),29027,VALENÇA,291345,2913457,IGRAPIUNA
NORDESTE,BA,2911,SUDOESTE (NBS - VITORIA CONQUISTA),29013,ITAPETINGA,291350,2913507,IGUAI
NORDESTE,BA,2910,SUL (NBS - ILHEUS),29009,ILHÉUS,291360,2913606,ILHEUS
NORDESTE,BA,2914,NORDESTE (NRS - ALAGOINHAS),29001,ALAGOINHAS,291370,2913705,INHAMBUPE
NORDESTE,BA,2917,CENTRO-LESTE (NRS - FEIRA SANTANA),29006,FEIRA DE SANTANA,291380,2913804,IPECAETA
NORDESTE,BA,2910,SUL (NBS - ILHEUS),29015,JEQUIÉ,291390,2913903,IPIAU
NORDESTE,BA,2917,CENTRO-LESTE (NRS - FEIRA SANTANA),29006,FEIRA DE SANTANA,291400,2914000,IPIRA
NORDESTE,BA,2912,OESTE (NBS - BARREIRAS),29008,IBOTIRAMA,291410,2914109,IPUPIARA
NORDESTE,BA,2910,SUL (NBS - ILHEUS),29015,JEQUIÉ,291420,2914208,IRAJUBA
NORDESTE,BA,2910,SUL (NBS - ILHEUS),29015,JEQUIÉ,291430,2914307,IRAMAIA
NORDESTE,BA,2917,CENTRO-LESTE (NRS - FEIRA SANTANA),29023,SEABRA,291440,2914406,IRAQUARA
NORDESTE,BA,2917,CENTRO-LESTE (NRS - FEIRA SANTANA),29006,FEIRA DE SANTANA,291450,2914505,IRARA
NORDESTE,BA,2918,CENTRO - NORTE (NRS - JACOBINA),29010,IRECÊ,291460,2914604,IRECE
NORDESTE,BA,2916,EXTREMO SUL (NRS - TEIXEIRA FREITAS),29018,PORTO SEGURO,291465,2914653,ITABELA
NORDESTE,BA,2917,CENTRO-LESTE (NRS - FEIRA SANTANA),29011,ITABERABA,291470,2914703,ITABERABA
NORDESTE,BA,2910,SUL (NBS - ILHEUS),29012,ITABUNA,291480,2914802,ITABUNA
NORDESTE,BA,2910,SUL (NBS - ILHEUS),29009,ILHÉUS,291490,2914901,ITACARE
NORDESTE,BA,2917,CENTRO-LESTE (NRS - FEIRA SANTANA),29011,ITABERABA,291500,2915007,ITAETE
NORDESTE,BA,2910,SUL (NBS - ILHEUS),29015,JEQUIÉ,291510,2915106,ITAGI
NORDESTE,BA,2910,SUL (NBS - ILHEUS),29015,JEQUIÉ,291520,2915205,ITAGIBA
NORDESTE,BA,2916,EXTREMO SUL (NRS - TEIXEIRA FREITAS),29018,PORTO SEGURO,291530,2915304,ITAGIMIRIM
NORDESTE,BA,2918,CENTRO - NORTE (NRS - JACOBINA),29010,IRECÊ,291535,2915353,ITAGUACU DA BAHIA
NORDESTE,BA,2910,SUL (NBS - ILHEUS),29012,ITABUNA,291540,2915403,ITAJU DO COLONIA
NORDESTE,BA,2910,SUL (NBS - ILHEUS),29012,ITABUNA,291550,2915502,ITAJUIPE
NORDESTE,BA,2916,EXTREMO SUL (NRS - TEIXEIRA FREITAS),29026,TEIXEIRA DE FREITAS,291560,2915601,ITAMARAJU
NORDESTE,BA,2910,SUL (NBS - ILHEUS),29015,JEQUIÉ,291570,2915700,ITAMARI
NORDESTE,BA,2911,SUDOESTE (NBS - VITORIA CONQUISTA),29013,ITAPETINGA,291580,2915809,ITAMBE
NORDESTE,BA,2914,NORDESTE (NRS - ALAGOINHAS),29001,ALAGOINHAS,291590,2915908,ITANAGRA
NORDESTE,BA,2916,EXTREMO SUL (NRS - TEIXEIRA FREITAS),29026,TEIXEIRA DE FREITAS,291600,2916005,ITANHEM
NORDESTE,BA,2915,LESTE - (NRS - SALVADOR),29020,SALVADOR,291610,2916104,ITAPARICA
NORDESTE,BA,2910,SUL (NBS - ILHEUS),29012,ITABUNA,291620,2916203,ITAPE
NORDESTE,BA,2916,EXTREMO SUL (NRS - TEIXEIRA FREITAS),29018,PORTO SEGURO,291630,2916302,ITAPEBI
NORDESTE,BA,2911,SUDOESTE (NBS - VITORIA CONQUISTA),29013,ITAPETINGA,291640,2916401,ITAPETINGA
NORDESTE,BA,2914,NORDESTE (NRS - ALAGOINHAS),29001,ALAGOINHAS,291650,2916500,ITAPICURU
NORDESTE,BA,2910,SUL (NBS - ILHEUS),29012,ITABUNA,291660,2916609,ITAPITANGA
NORDESTE,BA,2910,SUL (NBS - ILHEUS),29015,JEQUIÉ,291670,2916708,ITAQUARA
NORDESTE,BA,2911,SUDOESTE (NBS - VITORIA CONQUISTA),29013,ITAPETINGA,291680,2916807,ITARANTIM
NORDESTE,BA,2915,LESTE - (NRS - SALVADOR),29022,SANTO ANTÔNIO DE JESUS,291685,2916856,ITATIM
NORDESTE,BA,2910,SUL (NBS - ILHEUS),29015,JEQUIÉ,291690,2916906,ITIRUCU
NORDESTE,BA,2913,NORTE - (NRS - JUAZEIRO),29024,SENHOR DO BONFIM,291700,2917003,ITIUBA
NORDESTE,BA,2911,SUDOESTE (NBS - VITORIA CONQUISTA),29013,ITAPETINGA,291710,2917102,ITORORO
NORDESTE,BA,2911,SUDOESTE (NBS - VITORIA CONQUISTA),29003,BRUMADO,291720,2917201,ITUACU
NORDESTE,BA,2910,SUL (NBS - ILHEUS),29027,VALENÇA,291730,2917300,ITUBERA
NORDESTE,BA,2911,SUDOESTE (NBS - VITORIA CONQUISTA),29007,GUANAMBI,291733,2917334,IUIU
NORDESTE,BA,2912,OESTE (NBS - BARREIRAS),29021,SANTA MARIA DA VITÓRIA,291735,2917359,JABORANDI
NORDESTE,BA,2911,SUDOESTE (NBS - VITORIA CONQUISTA),29007,GUANAMBI,291740,2917409,JACARACI
NORDESTE,BA,2918,CENTRO - NORTE (NRS - JACOBINA),29014,JACOBINA,291750,2917508,JACOBINA
NORDESTE,BA,2910,SUL (NBS - ILHEUS),29015,JEQUIÉ,291760,2917607,JAGUAQUARA
NORDESTE,BA,2913,NORTE - (NRS - JUAZEIRO),29024,SENHOR DO BONFIM,291770,2917706,JAGUARARI
NORDESTE,BA,2915,LESTE - (NRS - SALVADOR),29022,SANTO ANTÔNIO DE JESUS,291780,2917805,JAGUARIPE
NORDESTE,BA,2914,NORDESTE (NRS - ALAGOINHAS),29001,ALAGOINHAS,291790,2917904,JANDAIRA
NORDESTE,BA,2910,SUL (NBS - ILHEUS),29015,JEQUIÉ,291800,2918001,JEQUIE
NORDESTE,BA,2913,NORTE - (NRS - JUAZEIRO),29017,PAULO AFONSO,291810,2918100,JEREMOABO
NORDESTE,BA,2915,LESTE - (NRS - SALVADOR),29022,SANTO ANTÔNIO DE JESUS,291820,2918209,JIQUIRICA
NORDESTE,BA,2910,SUL (NBS - ILHEUS),29015,JEQUIÉ,291830,2918308,JITAUNA
NORDESTE,BA,2918,CENTRO - NORTE (NRS - JACOBINA),29010,IRECÊ,291835,2918357,JOAO DOURADO
NORDESTE,BA,2913,NORTE - (NRS - JUAZEIRO),29016,JUAZEIRO,291840,2918407,JUAZEIRO
NORDESTE,BA,2916,EXTREMO SUL (NRS - TEIXEIRA FREITAS),29026,TEIXEIRA DE FREITAS,291845,2918456,JUCURUCU
NORDESTE,BA,2918,CENTRO - NORTE (NRS - JACOBINA),29010,IRECÊ,291850,2918506,JUSSARA
NORDESTE,BA,2910,SUL (NBS - ILHEUS),29012,ITABUNA,291855,2918555,JUSSARI
NORDESTE,BA,2911,SUDOESTE (NBS - VITORIA CONQUISTA),29003,BRUMADO,291860,2918605,JUSSIAPE
NORDESTE,BA,2910,SUL (NBS - ILHEUS),29015,JEQUIÉ,291870,2918704,LAFAIETE COUTINHO
NORDESTE,BA,2911,SUDOESTE (NBS - VITORIA CONQUISTA),29007,GUANAMBI,291875,2918753,LAGOA REAL
NORDESTE,BA,2915,LESTE - (NRS - SALVADOR),29022,SANTO ANTÔNIO DE JESUS,291880,2918803,LAJE
NORDESTE,BA,2916,EXTREMO SUL (NRS - TEIXEIRA FREITAS),29026,TEIXEIRA DE FREITAS,291890,2918902,LAJEDAO
NORDESTE,BA,2917,CENTRO-LESTE (NRS - FEIRA SANTANA),29011,ITABERABA,291900,2919009,LAJEDINHO
NORDESTE,BA,2910,SUL (NBS - ILHEUS),29015,JEQUIÉ,291905,2919058,LAJEDO DO TABOCAL
NORDESTE,BA,2917,CENTRO-LESTE (NRS - FEIRA SANTANA),29025,SERRINHA,291910,2919108,LAMARAO
NORDESTE,BA,2918,CENTRO - NORTE (NRS - JACOBINA),29010,IRECÊ,291915,2919157,LAPAO
NORDESTE,BA,2915,LESTE - (NRS - SALVADOR),29020,SALVADOR,291920,2919207,LAURO DE FREITAS
NORDESTE,BA,2917,CENTRO-LESTE (NRS - FEIRA SANTANA),29023,SEABRA,291930,2919306,LENCOIS
NORDESTE,BA,2911,SUDOESTE (NBS - VITORIA CONQUISTA),29007,GUANAMBI,291940,2919405,LICINIO DE ALMEIDA
NORDESTE,BA,2911,SUDOESTE (NBS - VITORIA CONQUISTA),29003,BRUMADO,291950,2919504,LIVRAMENTO DE NOSSA SENHORA
NORDESTE,BA,2912,OESTE (NBS - BARREIRAS),29002,BARREIRAS,291955,2919553,LUIS EDUARDO MAGALHAES
NORDESTE,BA,2917,CENTRO-LESTE (NRS - FEIRA SANTANA),29011,ITABERABA,291960,2919603,MACAJUBA
NORDESTE,BA,2911,SUDOESTE (NBS - VITORIA CONQUISTA),29013,ITAPETINGA,291970,2919702,MACARANI
NORDESTE,BA,2911,SUDOESTE (NBS - VITORIA CONQUISTA),29003,BRUMADO,291980,2919801,MACAUBAS
NORDESTE,BA,2913,NORTE - (NRS - JUAZEIRO),29017,PAULO AFONSO,291990,2919900,MACURURE
NORDESTE,BA,2915,LESTE - (NRS - SALVADOR),29020,SALVADOR,291992,2919926,MADRE DE DEUS
NORDESTE,BA,2911,SUDOESTE (NBS - VITORIA CONQUISTA),29028,VITÓRIA DA CONQUISTA,291995,2919959,MAETINGA
NORDESTE,BA,2911,SUDOESTE (NBS - VITORIA CONQUISTA),29013,ITAPETINGA,292000,2920007,MAIQUINIQUE
NORDESTE,BA,2918,CENTRO - NORTE (NRS - JACOBINA),29014,JACOBINA,292010,2920106,MAIRI
NORDESTE,BA,2911,SUDOESTE (NBS - VITORIA CONQUISTA),29007,GUANAMBI,292020,2920205,MALHADA
NORDESTE,BA,2911,SUDOESTE (NBS - VITORIA CONQUISTA),29003,BRUMADO,292030,2920304,MALHADA DE PEDRAS
NORDESTE,BA,2910,SUL (NBS - ILHEUS),29015,JEQUIÉ,292040,2920403,MANOEL VITORINO
NORDESTE,BA,2912,OESTE (NBS - BARREIRAS),29002,BARREIRAS,292045,2920452,MANSIDAO
NORDESTE,BA,2910,SUL (NBS - ILHEUS),29015,JEQUIÉ,292050,2920502,MARACAS
NORDESTE,BA,2915,LESTE - (NRS - SALVADOR),29005,CRUZ DAS ALMAS,292060,2920601,MARAGOGIPE
NORDESTE,BA,2910,SUL (NBS - ILHEUS),29012,ITABUNA,292070,2920700,MARAU
NORDESTE,BA,2917,CENTRO-LESTE (NRS - FEIRA SANTANA),29011,ITABERABA,292080,2920809,MARCIONILIO SOUZA
NORDESTE,BA,2910,SUL (NBS - ILHEUS),29009,ILHÉUS,292090,2920908,MASCOTE
NORDESTE,BA,2915,LESTE - (NRS - SALVADOR),29004,CAMAÇARI,292100,2921005,MATA DE SAO JOAO
NORDESTE,BA,2911,SUDOESTE (NBS - VITORIA CONQUISTA),29007,GUANAMBI,292105,2921054,MATINA
NORDESTE,BA,2916,EXTREMO SUL (NRS - TEIXEIRA FREITAS),29026,TEIXEIRA DE FREITAS,292110,2921104,MEDEIROS NETO
NORDESTE,BA,2918,CENTRO - NORTE (NRS - JACOBINA),29014,JACOBINA,292120,2921203,MIGUEL CALMON
NORDESTE,BA,2915,LESTE - (NRS - SALVADOR),29022,SANTO ANTÔNIO DE JESUS,292130,2921302,MILAGRES
NORDESTE,BA,2918,CENTRO - NORTE (NRS - JACOBINA),29014,JACOBINA,292140,2921401,MIRANGABA
NORDESTE,BA,2911,SUDOESTE (NBS - VITORIA CONQUISTA),29028,VITÓRIA DA CONQUISTA,292145,2921450,MIRANTE
NORDESTE,BA,2917,CENTRO-LESTE (NRS - FEIRA SANTANA),29025,SERRINHA,292150,2921500,MONTE SANTO
NORDESTE,BA,2912,OESTE (NBS - BARREIRAS),29008,IBOTIRAMA,292160,2921609,MORPARA
NORDESTE,BA,2918,CENTRO - NORTE (NRS - JACOBINA),29014,JACOBINA,292170,2921708,MORRO DO CHAPEU
NORDESTE,BA,2911,SUDOESTE (NBS - VITORIA CONQUISTA),29007,GUANAMBI,292180,2921807,MORTUGABA
NORDESTE,BA,2917,CENTRO-LESTE (NRS - FEIRA SANTANA),29023,SEABRA,292190,2921906,MUCUGE
NORDESTE,BA,2916,EXTREMO SUL (NRS - TEIXEIRA FREITAS),29026,TEIXEIRA DE FREITAS,292200,2922003,MUCURI
NORDESTE,BA,2918,CENTRO - NORTE (NRS - JACOBINA),29010,IRECÊ,292205,2922052,MULUNGU DO MORRO
NORDESTE,BA,2917,CENTRO-LESTE (NRS - FEIRA SANTANA),29006,FEIRA DE SANTANA,292210,2922102,MUNDO NOVO
NORDESTE,BA,2915,LESTE - (NRS - SALVADOR),29022,SANTO ANTÔNIO DE JESUS,292220,2922201,MUNIZ FERREIRA
NORDESTE,BA,2912,OESTE (NBS - BARREIRAS),29008,IBOTIRAMA,292225,2922250,MUQUEM DE SAO FRANCISCO
NORDESTE,BA,2915,LESTE - (NRS - SALVADOR),29005,CRUZ DAS ALMAS,292230,2922300,MURITIBA
NORDESTE,BA,2915,LESTE - (NRS - SALVADOR),29022,SANTO ANTÔNIO DE JESUS,292240,2922409,MUTUIPE
NORDESTE,BA,2915,LESTE - (NRS - SALVADOR),29022,SANTO ANTÔNIO DE JESUS,292250,2922508,NAZARE
NORDESTE,BA,2910,SUL (NBS - ILHEUS),29027,VALENÇA,292260,2922607,NILO PECANHA
NORDESTE,BA,2917,CENTRO-LESTE (NRS - FEIRA SANTANA),29025,SERRINHA,292265,2922656,NORDESTINA
NORDESTE,BA,2911,SUDOESTE (NBS - VITORIA CONQUISTA),29013,ITAPETINGA,292270,2922706,NOVA CANAA
NORDESTE,BA,2917,CENTRO-LESTE (NRS - FEIRA SANTANA),29006,FEIRA DE SANTANA,292273,2922730,NOVA FATIMA
NORDESTE,BA,2910,SUL (NBS - ILHEUS),29027,VALENÇA,292275,2922755,NOVA IBIA
NORDESTE,BA,2910,SUL (NBS - ILHEUS),29022,SANTO ANTÔNIO DE JESUS,292280,2922805,NOVA ITARANA
NORDESTE,BA,2917,CENTRO-LESTE (NRS - FEIRA SANTANA),29011,ITABERABA,292285,2922854,NOVA REDENCAO
NORDESTE,BA,2914,NORDESTE (NRS - ALAGOINHAS),29019,RIBEIRA DO POMBAL,292290,2922904,NOVA SOURE
NORDESTE,BA,2916,EXTREMO SUL (NRS - TEIXEIRA FREITAS),29026,TEIXEIRA DE FREITAS,292300,2923001,NOVA VICOSA
NORDESTE,BA,2917,CENTRO-LESTE (NRS - FEIRA SANTANA),29023,SEABRA,292303,2923035,NOVO HORIZONTE
NORDESTE,BA,2914,NORDESTE (NRS - ALAGOINHAS),29019,RIBEIRA DO POMBAL,292305,2923050,NOVO TRIUNFO
NORDESTE,BA,2914,NORDESTE (NRS - ALAGOINHAS),29019,RIBEIRA DO POMBAL,292310,2923100,OLINDINA
NORDESTE,BA,2912,OESTE (NBS - BARREIRAS),29008,IBOTIRAMA,292320,2923209,OLIVEIRA DOS BREJINHOS
NORDESTE,BA,2914,NORDESTE (NRS - ALAGOINHAS),29001,ALAGOINHAS,292330,2923308,OURICANGAS
NORDESTE,BA,2918,CENTRO - NORTE (NRS - JACOBINA),29014,JACOBINA,292335,2923357,OUROLANDIA
NORDESTE,BA,2911,SUDOESTE (NBS - VITORIA CONQUISTA),29007,GUANAMBI,292340,2923407,PALMAS DE MONTE ALTO
NORDESTE,BA,2917,CENTRO-LESTE (NRS - FEIRA SANTANA),29023,SEABRA,292350,2923506,PALMEIRAS
NORDESTE,BA,2911,SUDOESTE (NBS - VITORIA CONQUISTA),29003,BRUMADO,292360,2923605,PARAMIRIM
NORDESTE,BA,2912,OESTE (NBS - BARREIRAS),29008,IBOTIRAMA,292370,2923704,PARATINGA
NORDESTE,BA,2914,NORDESTE (NRS - ALAGOINHAS),29019,RIBEIRA DO POMBAL,292380,2923803,PARIPIRANGA
NORDESTE,BA,2910,SUL (NBS - ILHEUS),29012,ITABUNA,292390,2923902,PAU BRASIL
NORDESTE,BA,2913,NORTE - (NRS - JUAZEIRO),29017,PAULO AFONSO,292400,2924009,PAULO AFONSO
NORDESTE,BA,2917,CENTRO-LESTE (NRS - FEIRA SANTANA),29006,FEIRA DE SANTANA,292405,2924058,PE DE SERRA
NORDESTE,BA,2914,NORDESTE (NRS - ALAGOINHAS),29001,ALAGOINHAS,292410,2924108,PEDRAO
NORDESTE,BA,2913,NORTE - (NRS - JUAZEIRO),29017,PAULO AFONSO,292420,2924207,PEDRO ALEXANDRE
NORDESTE,BA,2917,CENTRO-LESTE (NRS - FEIRA SANTANA),29023,SEABRA,292430,2924306,PIATA
NORDESTE,BA,2913,NORTE - (NRS - JUAZEIRO),29016,JUAZEIRO,292440,2924405,PILAO ARCADO
NORDESTE,BA,2911,SUDOESTE (NBS - VITORIA CONQUISTA),29007,GUANAMBI,292450,2924504,PINDAI
NORDESTE,BA,2913,NORTE - (NRS - JUAZEIRO),29024,SENHOR DO BONFIM,292460,2924603,PINDOBACU
NORDESTE,BA,2917,CENTRO-LESTE (NRS - FEIRA SANTANA),29006,FEIRA DE SANTANA,292465,2924652,PINTADAS
NORDESTE,BA,2910,SUL (NBS - ILHEUS),29027,VALENÇA,292467,2924678,PIRAI DO NORTE
NORDESTE,BA,2911,SUDOESTE (NBS - VITORIA CONQUISTA),29028,VITÓRIA DA CONQUISTA,292470,2924702,PIRIPA
NORDESTE,BA,2918,CENTRO - NORTE (NRS - JACOBINA),29014,JACOBINA,292480,2924801,PIRITIBA
NORDESTE,BA,2910,SUL (NBS - ILHEUS),29015,JEQUIÉ,292490,2924900,PLANALTINO
NORDESTE,BA,2911,SUDOESTE (NBS - VITORIA CONQUISTA),29028,VITÓRIA DA CONQUISTA,292500,2925006,PLANALTO
NORDESTE,BA,2911,SUDOESTE (NBS - VITORIA CONQUISTA),29028,VITÓRIA DA CONQUISTA,292510,2925105,POCOES
NORDESTE,BA,2915,LESTE - (NRS - SALVADOR),29004,CAMAÇARI,292520,2925204,POJUCA
NORDESTE,BA,2913,NORTE - (NRS - JUAZEIRO),29024,SENHOR DO BONFIM,292525,2925253,PONTO NOVO
NORDESTE,BA,2916,EXTREMO SUL (NRS - TEIXEIRA FREITAS),29018,PORTO SEGURO,292530,2925303,PORTO SEGURO
NORDESTE,BA,2911,SUDOESTE (NBS - VITORIA CONQUISTA),29013,ITAPETINGA,292540,2925402,POTIRAGUA
NORDESTE,BA,2916,EXTREMO SUL (NRS - TEIXEIRA FREITAS),29026,TEIXEIRA DE FREITAS,292550,2925501,PRADO
NORDESTE,BA,2918,CENTRO - NORTE (NRS - JACOBINA),29010,IRECÊ,292560,2925600,PRESIDENTE DUTRA
NORDESTE,BA,2911,SUDOESTE (NBS - VITORIA CONQUISTA),29028,VITÓRIA DA CONQUISTA,292570,2925709,PRESIDENTE JANIO QUADROS
NORDESTE,BA,2915,LESTE - (NRS - SALVADOR),29022,SANTO ANTÔNIO DE JESUS,292575,2925758,PRESIDENTE TANCREDO NEVES
NORDESTE,BA,2917,CENTRO-LESTE (NRS - FEIRA SANTANA),29025,SERRINHA,292580,2925808,QUEIMADAS
NORDESTE,BA,2917,CENTRO-LESTE (NRS - FEIRA SANTANA),29025,SERRINHA,292590,2925907,QUIJINGUE
NORDESTE,BA,2918,CENTRO - NORTE (NRS - JACOBINA),29014,JACOBINA,292593,2925931,QUIXABEIRA
NORDESTE,BA,2917,CENTRO-LESTE (NRS - FEIRA SANTANA),29006,FEIRA DE SANTANA,292595,2925956,RAFAEL JAMBEIRO
NORDESTE,BA,2913,NORTE - (NRS - JUAZEIRO),29016,JUAZEIRO,292600,2926004,REMANSO
NORDESTE,BA,2917,CENTRO-LESTE (NRS - FEIRA SANTANA),29025,SERRINHA,292610,2926103,RETIROLANDIA
NORDESTE,BA,2912,OESTE (NBS - BARREIRAS),29002,BARREIRAS,292620,2926202,RIACHAO DAS NEVES
NORDESTE,BA,2917,CENTRO-LESTE (NRS - FEIRA SANTANA),29006,FEIRA DE SANTANA,292630,2926301,RIACHAO DO JACUIPE
NORDESTE,BA,2911,SUDOESTE (NBS - VITORIA CONQUISTA),29007,GUANAMBI,292640,2926400,RIACHO DE SANTANA
NORDESTE,BA,2914,NORDESTE (NRS - ALAGOINHAS),29019,RIBEIRA DO POMBAL,292650,2926509,RIBEIRA DO AMPARO
NORDESTE,BA,2914,NORDESTE (NRS - ALAGOINHAS),29019,RIBEIRA DO POMBAL,292660,2926608,RIBEIRA DO POMBAL
NORDESTE,BA,2911,SUDOESTE (NBS - VITORIA CONQUISTA),29028,VITÓRIA DA CONQUISTA,292665,2926657,RIBEIRAO DO LARGO
NORDESTE,BA,2911,SUDOESTE (NBS - VITORIA CONQUISTA),29003,BRUMADO,292670,2926707,RIO DE CONTAS
NORDESTE,BA,2911,SUDOESTE (NBS - VITORIA CONQUISTA),29007,GUANAMBI,292680,2926806,RIO DO ANTONIO
NORDESTE,BA,2911,SUDOESTE (NBS - VITORIA CONQUISTA),29003,BRUMADO,292690,2926905,RIO DO PIRES
NORDESTE,BA,2914,NORDESTE (NRS - ALAGOINHAS),29001,ALAGOINHAS,292700,2927002,RIO REAL
NORDESTE,BA,2913,NORTE - (NRS - JUAZEIRO),29017,PAULO AFONSO,292710,2927101,RODELAS
NORDESTE,BA,2917,CENTRO-LESTE (NRS - FEIRA SANTANA),29011,ITABERABA,292720,2927200,RUY BARBOSA
NORDESTE,BA,2915,LESTE - (NRS - SALVADOR),29022,SANTO ANTÔNIO DE JESUS,292730,2927309,SALINAS DA MARGARIDA
NORDESTE,BA,2915,LESTE - (NRS - SALVADOR),29020,SALVADOR,292740,2927408,SALVADOR
NORDESTE,BA,2917,CENTRO-LESTE (NRS - FEIRA SANTANA),29006,FEIRA DE SANTANA,292750,2927507,SANTA BARBARA
NORDESTE,BA,2913,NORTE - (NRS - JUAZEIRO),29017,PAULO AFONSO,292760,2927606,SANTA BRIGIDA
NORDESTE,BA,2916,EXTREMO SUL (NRS - TEIXEIRA FREITAS),29018,PORTO SEGURO,292770,2927705,SANTA CRUZ CABRALIA
NORDESTE,BA,2910,SUL (NBS - ILHEUS),29012,ITABUNA,292780,2927804,SANTA CRUZ DA VITORIA
NORDESTE,BA,2910,SUL (NBS - ILHEUS),29015,JEQUIÉ,292790,2927903,SANTA INES
NORDESTE,BA,2917,CENTRO-LESTE (NRS - FEIRA SANTANA),29025,SERRINHA,292800,2928000,SANTALUZ
NORDESTE,BA,2910,SUL (NBS - ILHEUS),29009,ILHÉUS,292805,2928059,SANTA LUZIA
NORDESTE,BA,2912,OESTE (NBS - BARREIRAS),29021,SANTA MARIA DA VITÓRIA,292810,2928109,SANTA MARIA DA VITORIA
NORDESTE,BA,2912,OESTE (NBS - BARREIRAS),29021,SANTA MARIA DA VITÓRIA,292820,2928208,SANTANA
NORDESTE,BA,2917,CENTRO-LESTE (NRS - FEIRA SANTANA),29006,FEIRA DE SANTANA,292830,2928307,SANTANOPOLIS
NORDESTE,BA,2912,OESTE (NBS - BARREIRAS),29002,BARREIRAS,292840,2928406,SANTA RITA DE CASSIA
NORDESTE,BA,2915,LESTE - (NRS - SALVADOR),29022,SANTO ANTÔNIO DE JESUS,292850,2928505,SANTA TERESINHA
NORDESTE,BA,2915,LESTE - (NRS - SALVADOR),29020,SALVADOR,292860,2928604,SANTO AMARO
NORDESTE,BA,2915,LESTE - (NRS - SALVADOR),29022,SANTO ANTÔNIO DE JESUS,292870,2928703,SANTO ANTONIO DE JESUS
NORDESTE,BA,2917,CENTRO-LESTE (NRS - FEIRA SANTANA),29006,FEIRA DE SANTANA,292880,2928802,SANTO ESTEVAO
NORDESTE,BA,2912,OESTE (NBS - BARREIRAS),29002,BARREIRAS,292890,2928901,SAO DESIDERIO
NORDESTE,BA,2917,CENTRO-LESTE (NRS - FEIRA SANTANA),29025,SERRINHA,292895,2928950,SAO DOMINGOS
NORDESTE,BA,2915,LESTE - (NRS - SALVADOR),29005,CRUZ DAS ALMAS,292900,2929008,SAO FELIX
NORDESTE,BA,2912,OESTE (NBS - BARREIRAS),29021,SANTA MARIA DA VITÓRIA,292905,2929057,SAO FELIX DO CORIBE
NORDESTE,BA,2915,LESTE - (NRS - SALVADOR),29022,SANTO ANTÔNIO DE JESUS,292910,2929107,SAO FELIPE
NORDESTE,BA,2915,LESTE - (NRS - SALVADOR),29020,SALVADOR,292920,2929206,SAO FRANCISCO DO CONDE
NORDESTE,BA,2918,CENTRO - NORTE (NRS - JACOBINA),29010,IRECÊ,292925,2929255,SAO GABRIEL
NORDESTE,BA,2917,CENTRO-LESTE (NRS - FEIRA SANTANA),29006,FEIRA DE SANTANA,292930,2929305,SAO GONCALO DOS CAMPOS
NORDESTE,BA,2910,SUL (NBS - ILHEUS),29012,ITABUNA,292935,2929354,SAO JOSE DA VITORIA
NORDESTE,BA,2918,CENTRO - NORTE (NRS - JACOBINA),29014,JACOBINA,292937,2929370,SAO JOSE DO JACUIPE
NORDESTE,BA,2915,LESTE - (NRS - SALVADOR),29022,SANTO ANTÔNIO DE JESUS,292940,2929404,SAO MIGUEL DAS MATAS
NORDESTE,BA,2915,LESTE - (NRS - SALVADOR),29020,SALVADOR,292950,2929503,SAO SEBASTIAO DO PASSE
NORDESTE,BA,2915,LESTE - (NRS - SALVADOR),29005,CRUZ DAS ALMAS,292960,2929602,SAPEACU
NORDESTE,BA,2914,NORDESTE (NRS - ALAGOINHAS),29001,ALAGOINHAS,292970,2929701,SATIRO DIAS
NORDESTE,BA,2915,LESTE - (NRS - SALVADOR),29020,SALVADOR,292975,2929750,SAUBARA
NORDESTE,BA,2918,CENTRO - NORTE (NRS - JACOBINA),29014,JACOBINA,292980,2929800,SAUDE
NORDESTE,BA,2917,CENTRO-LESTE (NRS - FEIRA SANTANA),29023,SEABRA,292990,2929909,SEABRA
NORDESTE,BA,2911,SUDOESTE (NBS - VITORIA CONQUISTA),29007,GUANAMBI,293000,2930006,SEBASTIAO LARANJEIRAS
NORDESTE,BA,2913,NORTE - (NRS - JUAZEIRO),29024,SENHOR DO BONFIM,293010,2930105,SENHOR DO BONFIM
NORDESTE,BA,2912,OESTE (NBS - BARREIRAS),29021,SANTA MARIA DA VITÓRIA,293015,2930154,SERRA DO RAMALHO
NORDESTE,BA,2913,NORTE - (NRS - JUAZEIRO),29016,JUAZEIRO,293020,2930204,SENTO SE
NORDESTE,BA,2912,OESTE (NBS - BARREIRAS),29021,SANTA MARIA DA VITÓRIA,293030,2930303,SERRA DOURADA
NORDESTE,BA,2917,CENTRO-LESTE (NRS - FEIRA SANTANA),29006,FEIRA DE SANTANA,293040,2930402,SERRA PRETA
NORDESTE,BA,2917,CENTRO-LESTE (NRS - FEIRA SANTANA),29025,SERRINHA,293050,2930501,SERRINHA
NORDESTE,BA,2918,CENTRO - NORTE (NRS - JACOBINA),29014,JACOBINA,293060,2930600,SERROLANDIA
NORDESTE,BA,2915,LESTE - (NRS - SALVADOR),29004,CAMAÇARI,293070,2930709,SIMOES FILHO
NORDESTE,BA,2912,OESTE (NBS - BARREIRAS),29021,SANTA MARIA DA VITÓRIA,293075,2930758,SITIO DO MATO
NORDESTE,BA,2914,NORDESTE (NRS - ALAGOINHAS),29019,RIBEIRA DO POMBAL,293076,2930766,SITIO DO QUINTO
NORDESTE,BA,2913,NORTE - (NRS - JUAZEIRO),29016,JUAZEIRO,293077,2930774,SOBRADINHO
NORDESTE,BA,2917,CENTRO-LESTE (NRS - FEIRA SANTANA),29023,SEABRA,293080,2930808,SOUTO SOARES
NORDESTE,BA,2912,OESTE (NBS - BARREIRAS),29002,BARREIRAS,293090,2930907,TABOCAS DO BREJO VELHO
NORDESTE,BA,2911,SUDOESTE (NBS - VITORIA CONQUISTA),29003,BRUMADO,293100,2931004,TANHACU
NORDESTE,BA,2911,SUDOESTE (NBS - VITORIA CONQUISTA),29007,GUANAMBI,293105,2931053,TANQUE NOVO
NORDESTE,BA,2917,CENTRO-LESTE (NRS - FEIRA SANTANA),29006,FEIRA DE SANTANA,293110,2931103,TANQUINHO
NORDESTE,BA,2910,SUL (NBS - ILHEUS),29027,VALENÇA,293120,2931202,TAPEROA
NORDESTE,BA,2918,CENTRO - NORTE (NRS - JACOBINA),29014,JACOBINA,293130,2931301,TAPIRAMUTA
NORDESTE,BA,2916,EXTREMO SUL (NRS - TEIXEIRA FREITAS),29026,TEIXEIRA DE FREITAS,293135,2931350,TEIXEIRA DE FREITAS
NORDESTE,BA,2917,CENTRO-LESTE (NRS - FEIRA SANTANA),29006,FEIRA DE SANTANA,293140,2931400,TEODORO SAMPAIO
NORDESTE,BA,2917,CENTRO-LESTE (NRS - FEIRA SANTANA),29025,SERRINHA,293150,2931509,TEOFILANDIA
NORDESTE,BA,2910,SUL (NBS - ILHEUS),29027,VALENÇA,293160,2931608,TEOLANDIA
NORDESTE,BA,2917,CENTRO-LESTE (NRS - FEIRA SANTANA),29006,FEIRA DE SANTANA,293170,2931707,TERRA NOVA
NORDESTE,BA,2911,SUDOESTE (NBS - VITORIA CONQUISTA),29028,VITÓRIA DA CONQUISTA,293180,2931806,TREMEDAL
NORDESTE,BA,2917,CENTRO-LESTE (NRS - FEIRA SANTANA),29025,SERRINHA,293190,2931905,TUCANO
NORDESTE,BA,2913,NORTE - (NRS - JUAZEIRO),29016,JUAZEIRO,293200,2932002,UAUA
NORDESTE,BA,2915,LESTE - (NRS - SALVADOR),29022,SANTO ANTÔNIO DE JESUS,293210,2932101,UBAIRA
NORDESTE,BA,2910,SUL (NBS - ILHEUS),29012,ITABUNA,293220,2932200,UBAITABA
NORDESTE,BA,2910,SUL (NBS - ILHEUS),29012,ITABUNA,293230,2932309,UBATA
NORDESTE,BA,2918,CENTRO - NORTE (NRS - JACOBINA),29010,IRECÊ,293240,2932408,UIBAI
NORDESTE,BA,2918,CENTRO - NORTE (NRS - JACOBINA),29014,JACOBINA,293245,2932457,UMBURANAS
NORDESTE,BA,2910,SUL (NBS - ILHEUS),29009,ILHÉUS,293250,2932507,UNA
NORDESTE,BA,2911,SUDOESTE (NBS - VITORIA CONQUISTA),29007,GUANAMBI,293260,2932606,URANDI
NORDESTE,BA,2910,SUL (NBS - ILHEUS),29009,ILHÉUS,293270,2932705,URUCUCA
NORDESTE,BA,2917,CENTRO-LESTE (NRS - FEIRA SANTANA),29011,ITABERABA,293280,2932804,UTINGA
NORDESTE,BA,2910,SUL (NBS - ILHEUS),29027,VALENÇA,293290,2932903,VALENCA
NORDESTE,BA,2917,CENTRO-LESTE (NRS - FEIRA SANTANA),29025,SERRINHA,293300,2933000,VALENTE
NORDESTE,BA,2918,CENTRO - NORTE (NRS - JACOBINA),29014,JACOBINA,293305,2933059,VARZEA DA ROCA
NORDESTE,BA,2918,CENTRO - NORTE (NRS - JACOBINA),29014,JACOBINA,293310,2933109,VARZEA DO POCO
NORDESTE,BA,2918,CENTRO - NORTE (NRS - JACOBINA),29014,JACOBINA,293315,2933158,VARZEA NOVA
NORDESTE,BA,2915,LESTE - (NRS - SALVADOR),29022,SANTO ANTÔNIO DE JESUS,293317,2933174,VARZEDO
NORDESTE,BA,2915,LESTE - (NRS - SALVADOR),29020,SALVADOR,293320,2933208,VERA CRUZ
NORDESTE,BA,2916,EXTREMO SUL (NRS - TEIXEIRA FREITAS),29026,TEIXEIRA DE FREITAS,293325,2933257,VEREDA
NORDESTE,BA,2911,SUDOESTE (NBS - VITORIA CONQUISTA),29028,VITÓRIA DA CONQUISTA,293330,2933307,VITORIA DA CONQUISTA
NORDESTE,BA,2917,CENTRO-LESTE (NRS - FEIRA SANTANA),29011,ITABERABA,293340,2933406,WAGNER
NORDESTE,BA,2912,OESTE (NBS - BARREIRAS),29002,BARREIRAS,293345,2933455,WANDERLEY
NORDESTE,BA,2910,SUL (NBS - ILHEUS),29027,VALENÇA,293350,2933505,WENCESLAU GUIMARAES
NORDESTE,BA,2918,CENTRO - NORTE (NRS - JACOBINA),29010,IRECÊ,293360,2933604,XIQUE-XIQUE
SUDESTE,MG,3113,TRIANGULO DO NORTE,31052,PATROCÍNIO MONTE CARMELO,310010,3100104,ABADIA DOS DOURADOS
SUDESTE,MG,3103,CENTRO,31067,SETE LAGOAS,310020,3100203,ABAETE
SUDESTE,MG,3110,LESTE DO SUL,31041,MANHUAÇU,310030,3100302,ABRE CAMPO
SUDESTE,MG,3110,LESTE DO SUL,31056,PONTE NOVA,310040,3100401,ACAIACA
SUDESTE,MG,3114,VALE DO ACO,31027,IPATINGA,310050,3100500,ACUCENA
SUDESTE,MG,3106,LESTE,31060,SANTA MARIA DO SUAÇUÍ SÃO JOÃO EVANGELISTA,310060,3100609,AGUA BOA
SUDESTE,MG,3112,TRIANGULO DO SUL,31072,UBERABA,310070,3100708,AGUA COMPRIDA
SUDESTE,MG,3105,OESTE,31061,SANTO ANTÔNIO DO AMPARO CAMPO BELO,310080,3100807,AGUANIL
SUDESTE,MG,3111,NORDESTE,31001,ÁGUAS FORMOSAS,310090,3100906,AGUAS FORMOSAS
SUDESTE,MG,3111,NORDESTE,31053,PEDRA AZUL,310100,3101003,AGUAS VERMELHAS
SUDESTE,MG,3106,LESTE,31058,RESPLENDOR,310110,3101102,AIMORES
SUDESTE,MG,3101,SUL,31065,SÃO LOURENÇO,310120,3101201,AIURUOCA
SUDESTE,MG,3101,SUL,31065,SÃO LOURENÇO,310130,3101300,ALAGOA
SUDESTE,MG,3101,SUL,31057,POUSO ALEGRE,310140,3101409,ALBERTINA
SUDESTE,MG,3107,SUDESTE,31002,ALÉM PARAÍBA,310150,3101508,ALEM PARAIBA
SUDESTE,MG,3101,SUL,31003,ALFENAS MACHADO,310160,3101607,ALFENAS
SUDESTE,MG,3102,CENTRO SUL,31007,BARBACENA,310163,3101631,ALFREDO VASCONCELOS
SUDESTE,MG,3111,NORDESTE,31004,ALMENARA,310170,3101706,ALMENARA
SUDESTE,MG,3106,LESTE,31024,GOVERNADOR VALADARES,310180,3101805,ALPERCATA
SUDESTE,MG,3101,SUL,31050,PASSOS PIUMHI,310190,3101904,ALPINOPOLIS
SUDESTE,MG,3101,SUL,31003,ALFENAS MACHADO,310200,3102001,ALTEROSA
SUDESTE,MG,3110,LESTE DO SUL,31041,MANHUAÇU,310205,3102050,ALTO CAPARAO
SUDESTE,MG,3102,CENTRO SUL,31007,BARBACENA,310210,3102100,ALTO RIO DOCE
SUDESTE,MG,3106,LESTE,31058,RESPLENDOR,310220,3102209,ALVARENGA
SUDESTE,MG,3110,LESTE DO SUL,31056,PONTE NOVA,310230,3102308,ALVINOPOLIS
SUDESTE,MG,3104,JEQUITINHONHA,31019,DIAMANTINA,310240,3102407,ALVORADA DE MINAS
SUDESTE,MG,3110,LESTE DO SUL,31056,PONTE NOVA,310250,3102506,AMPARO DO SERRA
SUDESTE,MG,3101,SUL,31055,POÇOS DE CALDAS,310260,3102605,ANDRADAS
SUDESTE,MG,3111,NORDESTE,31053,PEDRA AZUL,310270,3102704,CACHOEIRA DE PAJEU
SUDESTE,MG,3107,SUDESTE,31037,JUIZ DE FORA LIMA DUARTE BOM JARDIM MINAS,310280,3102803,ANDRELANDIA
SUDESTE,MG,3111,NORDESTE,31068,TEÓFILO OTONI MALACACHETA ITAMBACURI,310285,3102852,ANGELANDIA
SUDESTE,MG,3102,CENTRO SUL,31007,BARBACENA,310290,3102902,ANTONIO CARLOS
SUDESTE,MG,3114,VALE DO ACO,31017,CORONEL FABRICIANO TIMÓTEO,310300,3103009,ANTONIO DIAS
SUDESTE,MG,3107,SUDESTE,31045,MURIAÉ,310310,3103108,ANTONIO PRADO DE MINAS
SUDESTE,MG,3103,CENTRO,31067,SETE LAGOAS,310320,3103207,ARACAI
SUDESTE,MG,3107,SUDESTE,31062,SANTOS DUMONT,310330,3103306,ARACITABA
SUDESTE,MG,3104,JEQUITINHONHA,31005,ARAÇUAÍ,310340,3103405,ARACUAI
SUDESTE,MG,3113,TRIANGULO DO NORTE,31073,UBERLÂNDIA ARAGUARI,310350,3103504,ARAGUARI
SUDESTE,MG,3107,SUDESTE,31037,JUIZ DE FORA LIMA DUARTE BOM JARDIM MINAS,310360,3103603,ARANTINA
SUDESTE,MG,3110,LESTE DO SUL,31077,VIÇOSA,310370,3103702,ARAPONGA
SUDESTE,MG,3113,TRIANGULO DO NORTE,31073,UBERLÂNDIA ARAGUARI,310375,3103751,ARAPORA
SUDESTE,MG,3109,NOROESTE,31051,PATOS DE MINAS,310380,3103801,ARAPUA
SUDESTE,MG,3105,OESTE,31020,DIVINÓPOLIS SANTO ANTÔNIO DO MONTE,310390,3103900,ARAUJOS
SUDESTE,MG,3112,TRIANGULO DO SUL,31006,ARAXÁ,310400,3104007,ARAXA
SUDESTE,MG,3101,SUL,31026,GUAXUPÉ,310410,3104106,ARCEBURGO
SUDESTE,MG,3105,OESTE,31020,DIVINÓPOLIS SANTO ANTÔNIO DO MONTE,310420,3104205,ARCOS
SUDESTE,MG,3101,SUL,31003,ALFENAS MACHADO,310430,3104304,AREADO
SUDESTE,MG,3107,SUDESTE,31039,LEOPOLDINA CATAGUASES,310440,3104403,ARGIRITA
SUDESTE,MG,3104,JEQUITINHONHA,31043,MINAS NOVAS TURMALINA CAPELINHA,310445,3104452,ARICANDUVA
SUDESTE,MG,3109,NOROESTE,31074,UNAÍ,310450,3104502,ARINOS
SUDESTE,MG,3107,SUDESTE,31039,LEOPOLDINA CATAGUASES,310460,3104601,ASTOLFO DUTRA
SUDESTE,MG,3111,NORDESTE,31068,TEÓFILO OTONI MALACACHETA ITAMBACURI,310470,3104700,ATALEIA
SUDESTE,MG,3103,CENTRO,31018,CURVELO,310480,3104809,AUGUSTO DE LIMA
SUDESTE,MG,3101,SUL,31065,SÃO LOURENÇO,310490,3104908,BAEPENDI
SUDESTE,MG,3103,CENTRO,31067,SETE LAGOAS,310500,3105004,BALDIM
SUDESTE,MG,3105,OESTE,31021,FORMIGA,310510,3105103,BAMBUI
SUDESTE,MG,3111,NORDESTE,31004,ALMENARA,310520,3105202,BANDEIRA
SUDESTE,MG,3101,SUL,31003,ALFENAS MACHADO,310530,3105301,BANDEIRA DO SUL
SUDESTE,MG,3103,CENTRO,31028,ITABIRA,310540,3105400,BARAO DE COCAIS
SUDESTE,MG,3107,SUDESTE,31045,MURIAÉ,310550,3105509,BARAO DE MONTE ALTO
SUDESTE,MG,3102,CENTRO SUL,31007,BARBACENA,310560,3105608,BARBACENA
SUDESTE,MG,3110,LESTE DO SUL,31056,PONTE NOVA,310570,3105707,BARRA LONGA
SUDESTE,MG,3102,CENTRO SUL,31063,SÃO JOÃO DEL REI,310590,3105905,BARROSO
SUDESTE,MG,3103,CENTRO,31035,JOÃO MONLEVADE,310600,3106002,BELA VISTA DE MINAS
SUDESTE,MG,3107,SUDESTE,31037,JUIZ DE FORA LIMA DUARTE BOM JARDIM MINAS,310610,3106101,BELMIRO BRAGA
SUDESTE,MG,3103,CENTRO,31008,BELO HORIZONTE NOVA LIMA CAETÉ,310620,3106200,BELO HORIZONTE
SUDESTE,MG,3114,VALE DO ACO,31027,IPATINGA,310630,3106309,BELO ORIENTE
SUDESTE,MG,3103,CENTRO,31008,BELO HORIZONTE NOVA LIMA CAETÉ,310640,3106408,BELO VALE
SUDESTE,MG,3104,JEQUITINHONHA,31005,ARAÇUAÍ,310650,3106507,BERILO
SUDESTE,MG,3111,NORDESTE,31001,ÁGUAS FORMOSAS,310660,3106606,BERTOPOLIS
SUDESTE,MG,3108,NORTE,31059,SALINAS TAIOBEIRAS,310665,3106655,BERIZAL
SUDESTE,MG,3103,CENTRO,31009,BETIM,310670,3106705,BETIM
SUDESTE,MG,3107,SUDESTE,31037,JUIZ DE FORA LIMA DUARTE BOM JARDIM MINAS,310680,3106804,BIAS FORTES
SUDESTE,MG,3107,SUDESTE,31064,SÃO JOÃO NEPOMUCENO BICAS,310690,3106903,BICAS
SUDESTE,MG,3103,CENTRO,31067,SETE LAGOAS,310700,3107000,BIQUINHAS
SUDESTE,MG,3101,SUL,31070,TRÊS PONTAS,310710,3107109,BOA ESPERANCA
SUDESTE,MG,3107,SUDESTE,31037,JUIZ DE FORA LIMA DUARTE BOM JARDIM MINAS,310720,3107208,BOCAINA DE MINAS
SUDESTE,MG,3108,NORTE,31044,MONTES CLAROS BOCAIÚVA,310730,3107307,BOCAIUVA
SUDESTE,MG,3105,OESTE,31010,BOM DESPACHO,310740,3107406,BOM DESPACHO
SUDESTE,MG,3107,SUDESTE,31037,JUIZ DE FORA LIMA DUARTE BOM JARDIM MINAS,310750,3107505,BOM JARDIM DE MINAS
SUDESTE,MG,3101,SUL,31050,PASSOS PIUMHI,310760,3107604,BOM JESUS DA PENHA
SUDESTE,MG,3103,CENTRO,31028,ITABIRA,310770,3107703,BOM JESUS DO AMPARO
SUDESTE,MG,3114,VALE DO ACO,31013,CARATINGA,310780,3107802,BOM JESUS DO GALHO
SUDESTE,MG,3101,SUL,31057,POUSO ALEGRE,310790,3107901,BOM REPOUSO
SUDESTE,MG,3102,CENTRO SUL,31063,SÃO JOÃO DEL REI,310800,3108008,BOM SUCESSO
SUDESTE,MG,3103,CENTRO,31009,BETIM,310810,3108107,BONFIM
SUDESTE,MG,3109,NOROESTE,31074,UNAÍ,310820,3108206,BONFINOPOLIS DE MINAS
SUDESTE,MG,3108,NORTE,31034,JANUÁRIA,310825,3108255,BONITO DE MINAS
SUDESTE,MG,3101,SUL,31057,POUSO ALEGRE,310830,3108305,BORDA DA MATA
SUDESTE,MG,3101,SUL,31003,ALFENAS MACHADO,310840,3108404,BOTELHOS
SUDESTE,MG,3108,NORTE,31022,FRANCISCO SÁ,310850,3108503,BOTUMIRIM
SUDESTE,MG,3109,NOROESTE,31036,JOÃO PINHEIRO,310855,3108552,BRASILANDIA DE MINAS
SUDESTE,MG,3108,NORTE,31011,BRASÍLIA DE MINAS SÃO FRANCISCO,310860,3108602,BRASILIA DE MINAS
SUDESTE,MG,3107,SUDESTE,31071,UBÁ,310870,3108701,BRAS PIRES
SUDESTE,MG,3114,VALE DO ACO,31027,IPATINGA,310880,3108800,BRAUNAS
SUDESTE,MG,3101,SUL,31029,ITAJUBÁ,310890,3108909,BRAZOPOLIS
SUDESTE,MG,3103,CENTRO,31009,BETIM,310900,3109006,BRUMADINHO
SUDESTE,MG,3101,SUL,31057,POUSO ALEGRE,310910,3109105,BUENO BRANDAO
SUDESTE,MG,3103,CENTRO,31018,CURVELO,310920,3109204,BUENOPOLIS
SUDESTE,MG,3114,VALE DO ACO,31027,IPATINGA,310925,3109253,BUGRE
SUDESTE,MG,3109,NOROESTE,31074,UNAÍ,310930,3109303,BURITIS
SUDESTE,MG,3108,NORTE,31054,PIRAPORA,310940,3109402,BURITIZEIRO
SUDESTE,MG,3109,NOROESTE,31074,UNAÍ,310945,3109451,CABECEIRA GRANDE
SUDESTE,MG,3101,SUL,31026,GUAXUPÉ,310950,3109501,CABO VERDE
SUDESTE,MG,3103,CENTRO,31067,SETE LAGOAS,310960,3109600,CACHOEIRA DA PRATA
SUDESTE,MG,3101,SUL,31057,POUSO ALEGRE,310970,3109709,CACHOEIRA DE MINAS
SUDESTE,MG,3113,TRIANGULO DO NORTE,31032,ITUIUTABA,310980,3109808,CACHOEIRA DOURADA
SUDESTE,MG,3103,CENTRO,31067,SETE LAGOAS,310990,3109907,CAETANOPOLIS
SUDESTE,MG,3103,CENTRO,31008,BELO HORIZONTE NOVA LIMA CAETÉ,311000,3110004,CAETE
SUDESTE,MG,3107,SUDESTE,31012,CARANGOLA,311010,3110103,CAIANA
SUDESTE,MG,3110,LESTE DO SUL,31077,VIÇOSA,311020,3110202,CAJURI
SUDESTE,MG,3101,SUL,31055,POÇOS DE CALDAS,311030,3110301,CALDAS
SUDESTE,MG,3105,OESTE,31061,SANTO ANTÔNIO DO AMPARO CAMPO BELO,311040,3110400,CAMACHO
SUDESTE,MG,3101,SUL,31057,POUSO ALEGRE,311050,3110509,CAMANDUCAIA
SUDESTE,MG,3101,SUL,31057,POUSO ALEGRE,311060,3110608,CAMBUI
SUDESTE,MG,3101,SUL,31069,TRÊS CORAÇÕES,311070,3110707,CAMBUQUIRA
SUDESTE,MG,3111,NORDESTE,31068,TEÓFILO OTONI MALACACHETA ITAMBACURI,311080,3110806,CAMPANARIO
SUDESTE,MG,3101,SUL,31069,TRÊS CORAÇÕES,311090,3110905,CAMPANHA
SUDESTE,MG,3101,SUL,31003,ALFENAS MACHADO,311100,3111002,CAMPESTRE
SUDESTE,MG,3113,TRIANGULO DO NORTE,31032,ITUIUTABA,311110,3111101,CAMPINA VERDE
SUDESTE,MG,3108,NORTE,31011,BRASÍLIA DE MINAS SÃO FRANCISCO,311115,3111150,CAMPO AZUL
SUDESTE,MG,3105,OESTE,31061,SANTO ANTÔNIO DO AMPARO CAMPO BELO,311120,3111200,CAMPO BELO
SUDESTE,MG,3101,SUL,31003,ALFENAS MACHADO,311130,3111309,CAMPO DO MEIO
SUDESTE,MG,3112,TRIANGULO DO SUL,31072,UBERABA,311140,3111408,CAMPO FLORIDO
SUDESTE,MG,3112,TRIANGULO DO SUL,31006,ARAXÁ,311150,3111507,CAMPOS ALTOS
SUDESTE,MG,3101,SUL,31003,ALFENAS MACHADO,311160,3111606,CAMPOS GERAIS
SUDESTE,MG,3110,LESTE DO SUL,31077,VIÇOSA,311170,3111705,CANAA
SUDESTE,MG,3113,TRIANGULO DO NORTE,31032,ITUIUTABA,311180,3111804,CANAPOLIS
SUDESTE,MG,3105,OESTE,31061,SANTO ANTÔNIO DO AMPARO CAMPO BELO,311190,3111903,CANA VERDE
SUDESTE,MG,3105,OESTE,31061,SANTO ANTÔNIO DO AMPARO CAMPO BELO,311200,3112000,CANDEIAS
SUDESTE,MG,3106,LESTE,31060,SANTA MARIA DO SUAÇUÍ SÃO JOÃO EVANGELISTA,311205,3112059,CANTAGALO
SUDESTE,MG,3107,SUDESTE,31012,CARANGOLA,311210,3112109,CAPARAO
SUDESTE,MG,3102,CENTRO SUL,31007,BARBACENA,311220,3112208,CAPELA NOVA
SUDESTE,MG,3104,JEQUITINHONHA,31043,MINAS NOVAS TURMALINA CAPELINHA,311230,3112307,CAPELINHA
SUDESTE,MG,3101,SUL,31050,PASSOS PIUMHI,311240,3112406,CAPETINGA
SUDESTE,MG,3103,CENTRO,31067,SETE LAGOAS,311250,3112505,CAPIM BRANCO
SUDESTE,MG,3113,TRIANGULO DO NORTE,31032,ITUIUTABA,311260,3112604,CAPINOPOLIS
SUDESTE,MG,3106,LESTE,31024,GOVERNADOR VALADARES,311265,3112653,CAPITAO ANDRADE
SUDESTE,MG,3108,NORTE,31022,FRANCISCO SÁ,311270,3112703,CAPITAO ENEAS
SUDESTE,MG,3101,SUL,31050,PASSOS PIUMHI,311280,3112802,CAPITOLIO
SUDESTE,MG,3110,LESTE DO SUL,31041,MANHUAÇU,311290,3112901,CAPUTIRA
SUDESTE,MG,3111,NORDESTE,31048,PADRE PARAÍSO,311300,3113008,CARAI
SUDESTE,MG,3102,CENTRO SUL,31014,CONSELHEIRO LAFAIETE CONGONHAS,311310,3113107,CARANAIBA
SUDESTE,MG,3102,CENTRO SUL,31007,BARBACENA,311320,3113206,CARANDAI
SUDESTE,MG,3107,SUDESTE,31012,CARANGOLA,311330,3113305,CARANGOLA
SUDESTE,MG,3114,VALE DO ACO,31013,CARATINGA,311340,3113404,CARATINGA
SUDESTE,MG,3104,JEQUITINHONHA,31019,DIAMANTINA,311350,3113503,CARBONITA
SUDESTE,MG,3101,SUL,31057,POUSO ALEGRE,311360,3113602,CAREACU
SUDESTE,MG,3111,NORDESTE,31046,NANUQUE,311370,3113701,CARLOS CHAGAS
SUDESTE,MG,3103,CENTRO,31025,GUANHÃES,311380,3113800,CARMESIA
SUDESTE,MG,3101,SUL,31069,TRÊS CORAÇÕES,311390,3113909,CARMO DA CACHOEIRA
SUDESTE,MG,3105,OESTE,31061,SANTO ANTÔNIO DO AMPARO CAMPO BELO,311400,3114006,CARMO DA MATA
SUDESTE,MG,3101,SUL,31065,SÃO LOURENÇO,311410,3114105,CARMO DE MINAS
SUDESTE,MG,3105,OESTE,31020,DIVINÓPOLIS SANTO ANTÔNIO DO MONTE,311420,3114204,CARMO DO CAJURU
SUDESTE,MG,3109,NOROESTE,31051,PATOS DE MINAS,311430,3114303,CARMO DO PARANAIBA
SUDESTE,MG,3101,SUL,31003,ALFENAS MACHADO,311440,3114402,CARMO DO RIO CLARO
SUDESTE,MG,3105,OESTE,31061,SANTO ANTÔNIO DO AMPARO CAMPO BELO,311450,3114501,CARMOPOLIS DE MINAS
SUDESTE,MG,3112,TRIANGULO DO SUL,31023,FRUTAL ITURAMA,311455,3114550,CARNEIRINHO
SUDESTE,MG,3101,SUL,31038,LAVRAS,311460,3114600,CARRANCAS
SUDESTE,MG,3101,SUL,31003,ALFENAS MACHADO,311470,3114709,CARVALHOPOLIS
SUDESTE,MG,3101,SUL,31065,SÃO LOURENÇO,311480,3114808,CARVALHOS
SUDESTE,MG,3102,CENTRO SUL,31014,CONSELHEIRO LAFAIETE CONGONHAS,311490,3114907,CASA GRANDE
SUDESTE,MG,3113,TRIANGULO DO NORTE,31073,UBERLÂNDIA ARAGUARI,311500,3115003,CASCALHO RICO
SUDESTE,MG,3101,SUL,31050,PASSOS PIUMHI,311510,3115102,CASSIA
SUDESTE,MG,3102,CENTRO SUL,31063,SÃO JOÃO DEL REI,311520,3115201,CONCEICAO DA BARRA DE MINAS
SUDESTE,MG,3107,SUDESTE,31039,LEOPOLDINA CATAGUASES,311530,3115300,CATAGUASES
SUDESTE,MG,3103,CENTRO,31028,ITABIRA,311535,3115359,CATAS ALTAS
SUDESTE,MG,3102,CENTRO SUL,31014,CONSELHEIRO LAFAIETE CONGONHAS,311540,3115409,CATAS ALTAS DA NORUEGA
SUDESTE,MG,3111,NORDESTE,31048,PADRE PARAÍSO,311545,3115458,CATUJI
SUDESTE,MG,3108,NORTE,31033,JANAÚBA MONTE AZUL,311547,3115474,CATUTI
SUDESTE,MG,3101,SUL,31065,SÃO LOURENÇO,311550,3115508,CAXAMBU
SUDESTE,MG,3103,CENTRO,31067,SETE LAGOAS,311560,3115607,CEDRO DO ABAETE
SUDESTE,MG,3106,LESTE,31042,MANTENA,311570,3115706,CENTRAL DE MINAS
SUDESTE,MG,3113,TRIANGULO DO NORTE,31032,ITUIUTABA,311580,3115805,CENTRALINA
SUDESTE,MG,3107,SUDESTE,31037,JUIZ DE FORA LIMA DUARTE BOM JARDIM MINAS,311590,3115904,CHACARA
SUDESTE,MG,3110,LESTE DO SUL,31041,MANHUAÇU,311600,3116001,CHALE
SUDESTE,MG,3104,JEQUITINHONHA,31043,MINAS NOVAS TURMALINA CAPELINHA,311610,3116100,CHAPADA DO NORTE
SUDESTE,MG,3109,NOROESTE,31074,UNAÍ,311615,3116159,CHAPADA GAUCHA
SUDESTE,MG,3107,SUDESTE,31037,JUIZ DE FORA LIMA DUARTE BOM JARDIM MINAS,311620,3116209,CHIADOR
SUDESTE,MG,3102,CENTRO SUL,31007,BARBACENA,311630,3116308,CIPOTANEA
SUDESTE,MG,3101,SUL,31050,PASSOS PIUMHI,311640,3116407,CLARAVAL
SUDESTE,MG,3108,NORTE,31044,MONTES CLAROS BOCAIÚVA,311650,3116506,CLARO DOS POCOES
SUDESTE,MG,3105,OESTE,31020,DIVINÓPOLIS SANTO ANTÔNIO DO MONTE,311660,3116605,CLAUDIO
SUDESTE,MG,3107,SUDESTE,31071,UBÁ,311670,3116704,COIMBRA
SUDESTE,MG,3104,JEQUITINHONHA,31019,DIAMANTINA,311680,3116803,COLUNA
SUDESTE,MG,3112,TRIANGULO DO SUL,31023,FRUTAL ITURAMA,311690,3116902,COMENDADOR GOMES
SUDESTE,MG,3111,NORDESTE,31030,ITAOBIM,311700,3117009,COMERCINHO
SUDESTE,MG,3101,SUL,31003,ALFENAS MACHADO,311710,3117108,CONCEICAO DA APARECIDA
SUDESTE,MG,3101,SUL,31029,ITAJUBÁ,311720,3117207,CONCEICAO DAS PEDRAS
SUDESTE,MG,3112,TRIANGULO DO SUL,31072,UBERABA,311730,3117306,CONCEICAO DAS ALAGOAS
SUDESTE,MG,3110,LESTE DO SUL,31041,MANHUAÇU,311740,3117405,CONCEICAO DE IPANEMA
SUDESTE,MG,3104,JEQUITINHONHA,31025,GUANHÃES,311750,3117504,CONCEICAO DO MATO DENTRO
SUDESTE,MG,3105,OESTE,31049,PARÁ DE MINAS,311760,3117603,CONCEICAO DO PARA
SUDESTE,MG,3101,SUL,31065,SÃO LOURENÇO,311770,3117702,CONCEICAO DO RIO VERDE
SUDESTE,MG,3101,SUL,31057,POUSO ALEGRE,311780,3117801,CONCEICAO DOS OUROS
SUDESTE,MG,3108,NORTE,31034,JANUÁRIA,311783,3117836,CONEGO MARINHO
SUDESTE,MG,3103,CENTRO,31076,VESPASIANO,311787,3117876,CONFINS
SUDESTE,MG,3101,SUL,31057,POUSO ALEGRE,311790,3117900,CONGONHAL
SUDESTE,MG,3102,CENTRO SUL,31014,CONSELHEIRO LAFAIETE CONGONHAS,311800,3118007,CONGONHAS
SUDESTE,MG,3104,JEQUITINHONHA,31019,DIAMANTINA,311810,3118106,CONGONHAS DO NORTE
SUDESTE,MG,3112,TRIANGULO DO SUL,31072,UBERABA,311820,3118205,CONQUISTA
SUDESTE,MG,3102,CENTRO SUL,31014,CONSELHEIRO LAFAIETE CONGONHAS,311830,3118304,CONSELHEIRO LAFAIETE
SUDESTE,MG,3106,LESTE,31058,RESPLENDOR,311840,3118403,CONSELHEIRO PENA
SUDESTE,MG,3101,SUL,31029,ITAJUBÁ,311850,3118502,CONSOLACAO
SUDESTE,MG,3103,CENTRO,31015,CONTAGEM,311860,3118601,CONTAGEM
SUDESTE,MG,3101,SUL,31070,TRÊS PONTAS,311870,3118700,COQUEIRAL
SUDESTE,MG,3108,NORTE,31016,CORAÇÃO DE JESUS,311880,3118809,CORACAO DE JESUS
SUDESTE,MG,3103,CENTRO,31067,SETE LAGOAS,311890,3118908,CORDISBURGO
SUDESTE,MG,3101,SUL,31075,VARGINHA,311900,3119005,CORDISLANDIA
SUDESTE,MG,3103,CENTRO,31018,CURVELO,311910,3119104,CORINTO
SUDESTE,MG,3106,LESTE,31024,GOVERNADOR VALADARES,311920,3119203,COROACI
SUDESTE,MG,3113,TRIANGULO DO NORTE,31052,PATROCÍNIO MONTE CARMELO,311930,3119302,COROMANDEL
SUDESTE,MG,3114,VALE DO ACO,31017,CORONEL FABRICIANO TIMÓTEO,311940,3119401,CORONEL FABRICIANO
SUDESTE,MG,3104,JEQUITINHONHA,31005,ARAÇUAÍ,311950,3119500,CORONEL MURTA
SUDESTE,MG,3107,SUDESTE,31037,JUIZ DE FORA LIMA DUARTE BOM JARDIM MINAS,311960,3119609,CORONEL PACHECO
SUDESTE,MG,3102,CENTRO SUL,31063,SÃO JOÃO DEL REI,311970,3119708,CORONEL XAVIER CHAVES
SUDESTE,MG,3105,OESTE,31021,FORMIGA,311980,3119807,CORREGO DANTA
SUDESTE,MG,3101,SUL,31057,POUSO ALEGRE,311990,3119906,CORREGO DO BOM JESUS
SUDESTE,MG,3105,OESTE,31021,FORMIGA,311995,3119955,CORREGO FUNDO
SUDESTE,MG,3114,VALE DO ACO,31017,CORONEL FABRICIANO TIMÓTEO,312000,3120003,CORREGO NOVO
SUDESTE,MG,3104,JEQUITINHONHA,31019,DIAMANTINA,312010,3120102,COUTO DE MAGALHAES DE MINAS
SUDESTE,MG,3111,NORDESTE,31001,ÁGUAS FORMOSAS,312015,3120151,CRISOLITA
SUDESTE,MG,3105,OESTE,31061,SANTO ANTÔNIO DO AMPARO CAMPO BELO,312020,3120201,CRISTAIS
SUDESTE,MG,3108,NORTE,31022,FRANCISCO SÁ,312030,3120300,CRISTALIA
SUDESTE,MG,3102,CENTRO SUL,31014,CONSELHEIRO LAFAIETE CONGONHAS,312040,3120409,CRISTIANO OTONI
SUDESTE,MG,3101,SUL,31065,SÃO LOURENÇO,312050,3120508,CRISTINA
SUDESTE,MG,3103,CENTRO,31009,BETIM,312060,3120607,CRUCILANDIA
SUDESTE,MG,3109,NOROESTE,31051,PATOS DE MINAS,312070,3120706,CRUZEIRO DA FORTALEZA
SUDESTE,MG,3101,SUL,31065,SÃO LOURENÇO,312080,3120805,CRUZILIA
SUDESTE,MG,3106,LESTE,31058,RESPLENDOR,312083,3120839,CUPARAQUE
SUDESTE,MG,3108,NORTE,31059,SALINAS TAIOBEIRAS,312087,3120870,CURRAL DE DENTRO
SUDESTE,MG,3103,CENTRO,31018,CURVELO,312090,3120904,CURVELO
SUDESTE,MG,3104,JEQUITINHONHA,31019,DIAMANTINA,312100,3121001,DATAS
SUDESTE,MG,3101,SUL,31029,ITAJUBÁ,312110,3121100,DELFIM MOREIRA
SUDESTE,MG,3101,SUL,31050,PASSOS PIUMHI,312120,3121209,DELFINOPOLIS
SUDESTE,MG,3112,TRIANGULO DO SUL,31072,UBERABA,312125,3121258,DELTA
SUDESTE,MG,3107,SUDESTE,31064,SÃO JOÃO NEPOMUCENO BICAS,312130,3121308,DESCOBERTO
SUDESTE,MG,3102,CENTRO SUL,31014,CONSELHEIRO LAFAIETE CONGONHAS,312140,3121407,DESTERRO DE ENTRE RIOS
SUDESTE,MG,3102,CENTRO SUL,31007,BARBACENA,312150,3121506,DESTERRO DO MELO
SUDESTE,MG,3104,JEQUITINHONHA,31019,DIAMANTINA,312160,3121605,DIAMANTINA
SUDESTE,MG,3110,LESTE DO SUL,31056,PONTE NOVA,312170,3121704,DIOGO DE VASCONCELOS
SUDESTE,MG,3114,VALE DO ACO,31017,CORONEL FABRICIANO TIMÓTEO,312180,3121803,DIONISIO
SUDESTE,MG,3107,SUDESTE,31071,UBÁ,312190,3121902,DIVINESIA
SUDESTE,MG,3107,SUDESTE,31012,CARANGOLA,312200,3122009,DIVINO
SUDESTE,MG,3106,LESTE,31042,MANTENA,312210,3122108,DIVINO DAS LARANJEIRAS
SUDESTE,MG,3106,LESTE,31024,GOVERNADOR VALADARES,312220,3122207,DIVINOLANDIA DE MINAS
SUDESTE,MG,3105,OESTE,31020,DIVINÓPOLIS SANTO ANTÔNIO DO MONTE,312230,3122306,DIVINOPOLIS
SUDESTE,MG,3111,NORDESTE,31053,PEDRA AZUL,312235,3122355,DIVISA ALEGRE
SUDESTE,MG,3101,SUL,31003,ALFENAS MACHADO,312240,3122405,DIVISA NOVA
SUDESTE,MG,3111,NORDESTE,31004,ALMENARA,312245,3122454,DIVISOPOLIS
SUDESTE,MG,3109,NOROESTE,31074,UNAÍ,312247,3122470,DOM BOSCO
SUDESTE,MG,3114,VALE DO ACO,31027,IPATINGA,312250,3122504,DOM CAVATI
SUDESTE,MG,3103,CENTRO,31025,GUANHÃES,312260,3122603,DOM JOAQUIM
SUDESTE,MG,3110,LESTE DO SUL,31056,PONTE NOVA,312270,3122702,DOM SILVERIO
SUDESTE,MG,3101,SUL,31065,SÃO LOURENÇO,312280,3122801,DOM VICOSO
SUDESTE,MG,3107,SUDESTE,31039,LEOPOLDINA CATAGUASES,312290,3122900,DONA EUSEBIA
SUDESTE,MG,3102,CENTRO SUL,31063,SÃO JOÃO DEL REI,312300,3123007,DORES DE CAMPOS
SUDESTE,MG,3103,CENTRO,31025,GUANHÃES,312310,3123106,DORES DE GUANHAES
SUDESTE,MG,3105,OESTE,31010,BOM DESPACHO,312320,3123205,DORES DO INDAIA
SUDESTE,MG,3107,SUDESTE,31071,UBÁ,312330,3123304,DORES DO TURVO
SUDESTE,MG,3101,SUL,31050,PASSOS PIUMHI,312340,3123403,DORESOPOLIS
SUDESTE,MG,3113,TRIANGULO DO NORTE,31052,PATROCÍNIO MONTE CARMELO,312350,3123502,DOURADOQUARA
SUDESTE,MG,3110,LESTE DO SUL,31041,MANHUAÇU,312352,3123528,DURANDE
SUDESTE,MG,3101,SUL,31075,VARGINHA,312360,3123601,ELOI MENDES
SUDESTE,MG,3106,LESTE,31024,GOVERNADOR VALADARES,312370,3123700,ENGENHEIRO CALDAS
SUDESTE,MG,3108,NORTE,31044,MONTES CLAROS BOCAIÚVA,312380,3123809,ENGENHEIRO NAVARRO
SUDESTE,MG,3114,VALE DO ACO,31013,CARATINGA,312385,3123858,ENTRE FOLHAS
SUDESTE,MG,3102,CENTRO SUL,31014,CONSELHEIRO LAFAIETE CONGONHAS,312390,3123908,ENTRE RIOS DE MINAS
SUDESTE,MG,3107,SUDESTE,31071,UBÁ,312400,3124005,ERVALIA
SUDESTE,MG,3103,CENTRO,31009,BETIM,312410,3124104,ESMERALDAS
SUDESTE,MG,3107,SUDESTE,31012,CARANGOLA,312420,3124203,ESPERA FELIZ
SUDESTE,MG,3108,NORTE,31033,JANAÚBA MONTE AZUL,312430,3124302,ESPINOSA
SUDESTE,MG,3101,SUL,31057,POUSO ALEGRE,312440,3124401,ESPIRITO SANTO DO DOURADO
SUDESTE,MG,3101,SUL,31057,POUSO ALEGRE,312450,3124500,ESTIVA
SUDESTE,MG,3107,SUDESTE,31002,ALÉM PARAÍBA,312460,3124609,ESTRELA DALVA
SUDESTE,MG,3105,OESTE,31010,BOM DESPACHO,312470,3124708,ESTRELA DO INDAIA
SUDESTE,MG,3113,TRIANGULO DO NORTE,31052,PATROCÍNIO MONTE CARMELO,312480,3124807,ESTRELA DO SUL
SUDESTE,MG,3107,SUDESTE,31045,MURIAÉ,312490,3124906,EUGENOPOLIS
SUDESTE,MG,3107,SUDESTE,31037,JUIZ DE FORA LIMA DUARTE BOM JARDIM MINAS,312500,3125002,EWBANK DA CAMARA
SUDESTE,MG,3101,SUL,31057,POUSO ALEGRE,312510,3125101,EXTREMA
SUDESTE,MG,3101,SUL,31003,ALFENAS MACHADO,312520,3125200,FAMA
SUDESTE,MG,3107,SUDESTE,31012,CARANGOLA,312530,3125309,FARIA LEMOS
SUDESTE,MG,3104,JEQUITINHONHA,31019,DIAMANTINA,312540,3125408,FELICIO DOS SANTOS
SUDESTE,MG,3104,JEQUITINHONHA,31019,DIAMANTINA,312550,3125507,SAO GONCALO DO RIO PRETO
SUDESTE,MG,3111,NORDESTE,31004,ALMENARA,312560,3125606,FELISBURGO
SUDESTE,MG,3103,CENTRO,31018,CURVELO,312570,3125705,FELIXLANDIA
SUDESTE,MG,3106,LESTE,31024,GOVERNADOR VALADARES,312580,3125804,FERNANDES TOURINHO
SUDESTE,MG,3103,CENTRO,31028,ITABIRA,312590,3125903,FERROS
SUDESTE,MG,3107,SUDESTE,31012,CARANGOLA,312595,3125952,FERVEDOURO
SUDESTE,MG,3103,CENTRO,31009,BETIM,312600,3126000,FLORESTAL
SUDESTE,MG,3105,OESTE,31021,FORMIGA,312610,3126109,FORMIGA
SUDESTE,MG,3109,NOROESTE,31074,UNAÍ,312620,3126208,FORMOSO
SUDESTE,MG,3101,SUL,31050,PASSOS PIUMHI,312630,3126307,FORTALEZA DE MINAS
SUDESTE,MG,3103,CENTRO,31067,SETE LAGOAS,312640,3126406,FORTUNA DE MINAS
SUDESTE,MG,3104,JEQUITINHONHA,31005,ARAÇUAÍ,312650,3126505,FRANCISCO BADARO
SUDESTE,MG,3108,NORTE,31044,MONTES CLAROS BOCAIÚVA,312660,3126604,FRANCISCO DUMONT
SUDESTE,MG,3108,NORTE,31022,FRANCISCO SÁ,312670,3126703,FRANCISCO SA
SUDESTE,MG,3111,NORDESTE,31068,TEÓFILO OTONI MALACACHETA ITAMBACURI,312675,3126752,FRANCISCOPOLIS
SUDESTE,MG,3111,NORDESTE,31068,TEÓFILO OTONI MALACACHETA ITAMBACURI,312680,3126802,FREI GASPAR
SUDESTE,MG,3106,LESTE,31024,GOVERNADOR VALADARES,312690,3126901,FREI INOCENCIO
SUDESTE,MG,3106,LESTE,31060,SANTA MARIA DO SUAÇUÍ SÃO JOÃO EVANGELISTA,312695,3126950,FREI LAGONEGRO
SUDESTE,MG,3112,TRIANGULO DO SUL,31023,FRUTAL ITURAMA,312700,3127008,FRONTEIRA
SUDESTE,MG,3111,NORDESTE,31001,ÁGUAS FORMOSAS,312705,3127057,FRONTEIRA DOS VALES
SUDESTE,MG,3108,NORTE,31059,SALINAS TAIOBEIRAS,312707,3127073,FRUTA DE LEITE
SUDESTE,MG,3112,TRIANGULO DO SUL,31023,FRUTAL ITURAMA,312710,3127107,FRUTAL
SUDESTE,MG,3103,CENTRO,31067,SETE LAGOAS,312720,3127206,FUNILANDIA
SUDESTE,MG,3106,LESTE,31024,GOVERNADOR VALADARES,312730,3127305,GALILEIA
SUDESTE,MG,3108,NORTE,31033,JANAÚBA MONTE AZUL,312733,3127339,GAMELEIRAS
SUDESTE,MG,3108,NORTE,31044,MONTES CLAROS BOCAIÚVA,312735,3127354,GLAUCILANDIA
SUDESTE,MG,3106,LESTE,31058,RESPLENDOR,312737,3127370,GOIABEIRA
SUDESTE,MG,3107,SUDESTE,31037,JUIZ DE FORA LIMA DUARTE BOM JARDIM MINAS,312738,3127388,GOIANA
SUDESTE,MG,3101,SUL,31029,ITAJUBÁ,312740,3127404,GONCALVES
SUDESTE,MG,3106,LESTE,31024,GOVERNADOR VALADARES,312750,3127503,GONZAGA
SUDESTE,MG,3104,JEQUITINHONHA,31019,DIAMANTINA,312760,3127602,GOUVEIA
SUDESTE,MG,3106,LESTE,31024,GOVERNADOR VALADARES,312770,3127701,GOVERNADOR VALADARES
SUDESTE,MG,3108,NORTE,31022,FRANCISCO SÁ,312780,3127800,GRAO MOGOL
SUDESTE,MG,3113,TRIANGULO DO NORTE,31052,PATROCÍNIO MONTE CARMELO,312790,3127909,GRUPIARA
SUDESTE,MG,3103,CENTRO,31025,GUANHÃES,312800,3128006,GUANHAES
SUDESTE,MG,3101,SUL,31050,PASSOS PIUMHI,312810,3128105,GUAPE
SUDESTE,MG,3110,LESTE DO SUL,31056,PONTE NOVA,312820,3128204,GUARACIABA
SUDESTE,MG,3108,NORTE,31044,MONTES CLAROS BOCAIÚVA,312825,3128253,GUARACIAMA
SUDESTE,MG,3101,SUL,31026,GUAXUPÉ,312830,3128303,GUARANESIA
SUDESTE,MG,3107,SUDESTE,31071,UBÁ,312840,3128402,GUARANI
SUDESTE,MG,3107,SUDESTE,31064,SÃO JOÃO NEPOMUCENO BICAS,312850,3128501,GUARARA
SUDESTE,MG,3109,NOROESTE,31051,PATOS DE MINAS,312860,3128600,GUARDA-MOR
SUDESTE,MG,3101,SUL,31026,GUAXUPÉ,312870,3128709,GUAXUPE
SUDESTE,MG,3107,SUDESTE,31071,UBÁ,312880,3128808,GUIDOVAL
SUDESTE,MG,3109,NOROESTE,31051,PATOS DE MINAS,312890,3128907,GUIMARANIA
SUDESTE,MG,3107,SUDESTE,31071,UBÁ,312900,3129004,GUIRICEMA
SUDESTE,MG,3113,TRIANGULO DO NORTE,31032,ITUIUTABA,312910,3129103,GURINHATA
SUDESTE,MG,3101,SUL,31057,POUSO ALEGRE,312920,3129202,HELIODORA
SUDESTE,MG,3114,VALE DO ACO,31027,IPATINGA,312930,3129301,IAPU
SUDESTE,MG,3102,CENTRO SUL,31007,BARBACENA,312940,3129400,IBERTIOGA
SUDESTE,MG,3112,TRIANGULO DO SUL,31006,ARAXÁ,312950,3129509,IBIA
SUDESTE,MG,3108,NORTE,31054,PIRAPORA,312960,3129608,IBIAI
SUDESTE,MG,3108,NORTE,31011,BRASÍLIA DE MINAS SÃO FRANCISCO,312965,3129657,IBIRACATU
SUDESTE,MG,3101,SUL,31050,PASSOS PIUMHI,312970,3129707,IBIRACI
SUDESTE,MG,3103,CENTRO,31015,CONTAGEM,312980,3129806,IBIRITE
SUDESTE,MG,3101,SUL,31055,POÇOS DE CALDAS,312990,3129905,IBITIURA DE MINAS
SUDESTE,MG,3102,CENTRO SUL,31063,SÃO JOÃO DEL REI,313000,3130002,IBITURUNA
SUDESTE,MG,3108,NORTE,31011,BRASÍLIA DE MINAS SÃO FRANCISCO,313005,3130051,ICARAI DE MINAS
SUDESTE,MG,3103,CENTRO,31009,BETIM,313010,3130101,IGARAPE
SUDESTE,MG,3105,OESTE,31049,PARÁ DE MINAS,313020,3130200,IGARATINGA
SUDESTE,MG,3105,OESTE,31021,FORMIGA,313030,3130309,IGUATAMA
SUDESTE,MG,3101,SUL,31038,LAVRAS,313040,3130408,IJACI
SUDESTE,MG,3101,SUL,31070,TRÊS PONTAS,313050,3130507,ILICINEA
SUDESTE,MG,3114,VALE DO ACO,31013,CARATINGA,313055,3130556,IMBE DE MINAS
SUDESTE,MG,3101,SUL,31057,POUSO ALEGRE,313060,3130606,INCONFIDENTES
SUDESTE,MG,3108,NORTE,31059,SALINAS TAIOBEIRAS,313065,3130655,INDAIABIRA
SUDESTE,MG,3113,TRIANGULO DO NORTE,31073,UBERLÂNDIA ARAGUARI,313070,3130705,INDIANOPOLIS
SUDESTE,MG,3101,SUL,31038,LAVRAS,313080,3130804,INGAI
SUDESTE,MG,3114,VALE DO ACO,31013,CARATINGA,313090,3130903,INHAPIM
SUDESTE,MG,3103,CENTRO,31067,SETE LAGOAS,313100,3131000,INHAUMA
SUDESTE,MG,3103,CENTRO,31018,CURVELO,313110,3131109,INIMUTABA
SUDESTE,MG,3114,VALE DO ACO,31027,IPATINGA,313115,3131158,IPABA
SUDESTE,MG,3110,LESTE DO SUL,31041,MANHUAÇU,313120,3131208,IPANEMA
SUDESTE,MG,3114,VALE DO ACO,31027,IPATINGA,313130,3131307,IPATINGA
SUDESTE,MG,3113,TRIANGULO DO NORTE,31032,ITUIUTABA,313140,3131406,IPIACU
SUDESTE,MG,3101,SUL,31057,POUSO ALEGRE,313150,3131505,IPUIUNA
SUDESTE,MG,3113,TRIANGULO DO NORTE,31052,PATROCÍNIO MONTE CARMELO,313160,3131604,IRAI DE MINAS
SUDESTE,MG,3103,CENTRO,31028,ITABIRA,313170,3131703,ITABIRA
SUDESTE,MG,3106,LESTE,31042,MANTENA,313180,3131802,ITABIRINHA
SUDESTE,MG,3103,CENTRO,31047,OURO PRETO,313190,3131901,ITABIRITO
SUDESTE,MG,3108,NORTE,31044,MONTES CLAROS BOCAIÚVA,313200,3132008,ITACAMBIRA
SUDESTE,MG,3108,NORTE,31034,JANUÁRIA,313210,3132107,ITACARAMBI
SUDESTE,MG,3105,OESTE,31031,ITAÚNA,313220,3132206,ITAGUARA
SUDESTE,MG,3111,NORDESTE,31048,PADRE PARAÍSO,313230,3132305,ITAIPE
SUDESTE,MG,3101,SUL,31029,ITAJUBÁ,313240,3132404,ITAJUBA
SUDESTE,MG,3104,JEQUITINHONHA,31019,DIAMANTINA,313250,3132503,ITAMARANDIBA
SUDESTE,MG,3107,SUDESTE,31039,LEOPOLDINA CATAGUASES,313260,3132602,ITAMARATI DE MINAS
SUDESTE,MG,3111,NORDESTE,31068,TEÓFILO OTONI MALACACHETA ITAMBACURI,313270,3132701,ITAMBACURI
SUDESTE,MG,3103,CENTRO,31028,ITABIRA,313280,3132800,ITAMBE DO MATO DENTRO
SUDESTE,MG,3101,SUL,31066,SÃO SEBASTIÃO DO PARAÍSO,313290,3132909,ITAMOGI
SUDESTE,MG,3101,SUL,31065,SÃO LOURENÇO,313300,3133006,ITAMONTE
SUDESTE,MG,3101,SUL,31065,SÃO LOURENÇO,313310,3133105,ITANHANDU
SUDESTE,MG,3106,LESTE,31024,GOVERNADOR VALADARES,313320,3133204,ITANHOMI
SUDESTE,MG,3111,NORDESTE,31030,ITAOBIM,313330,3133303,ITAOBIM
SUDESTE,MG,3112,TRIANGULO DO SUL,31023,FRUTAL ITURAMA,313340,3133402,ITAPAGIPE
SUDESTE,MG,3105,OESTE,31020,DIVINÓPOLIS SANTO ANTÔNIO DO MONTE,313350,3133501,ITAPECERICA
SUDESTE,MG,3101,SUL,31057,POUSO ALEGRE,313360,3133600,ITAPEVA
SUDESTE,MG,3105,OESTE,31031,ITAÚNA,313370,3133709,ITATIAIUCU
SUDESTE,MG,3101,SUL,31050,PASSOS PIUMHI,313375,3133758,ITAU DE MINAS
SUDESTE,MG,3105,OESTE,31031,ITAÚNA,313380,3133808,ITAUNA
SUDESTE,MG,3102,CENTRO SUL,31014,CONSELHEIRO LAFAIETE CONGONHAS,313390,3133907,ITAVERAVA
SUDESTE,MG,3111,NORDESTE,31030,ITAOBIM,313400,3134004,ITINGA
SUDESTE,MG,3106,LESTE,31058,RESPLENDOR,313410,3134103,ITUETA
SUDESTE,MG,3113,TRIANGULO DO NORTE,31032,ITUIUTABA,313420,3134202,ITUIUTABA
SUDESTE,MG,3101,SUL,31038,LAVRAS,313430,3134301,ITUMIRIM
SUDESTE,MG,3112,TRIANGULO DO SUL,31023,FRUTAL ITURAMA,313440,3134400,ITURAMA
SUDESTE,MG,3101,SUL,31038,LAVRAS,313450,3134509,ITUTINGA
SUDESTE,MG,3103,CENTRO,31008,BELO HORIZONTE NOVA LIMA CAETÉ,313460,3134608,JABOTICATUBAS
SUDESTE,MG,3111,NORDESTE,31004,ALMENARA,313470,3134707,JACINTO
SUDESTE,MG,3101,SUL,31066,SÃO SEBASTIÃO DO PARAÍSO,313480,3134806,JACUI
SUDESTE,MG,3101,SUL,31057,POUSO ALEGRE,313490,3134905,JACUTINGA
SUDESTE,MG,3114,VALE DO ACO,31017,CORONEL FABRICIANO TIMÓTEO,313500,3135001,JAGUARACU
SUDESTE,MG,3108,NORTE,31033,JANAÚBA MONTE AZUL,313505,3135050,JAIBA
SUDESTE,MG,3106,LESTE,31024,GOVERNADOR VALADARES,313507,3135076,JAMPRUCA
SUDESTE,MG,3108,NORTE,31033,JANAÚBA MONTE AZUL,313510,3135100,JANAUBA
SUDESTE,MG,3108,NORTE,31034,JANUÁRIA,313520,3135209,JANUARIA
SUDESTE,MG,3105,OESTE,31020,DIVINÓPOLIS SANTO ANTÔNIO DO MONTE,313530,3135308,JAPARAIBA
SUDESTE,MG,3108,NORTE,31011,BRASÍLIA DE MINAS SÃO FRANCISCO,313535,3135357,JAPONVAR
SUDESTE,MG,3102,CENTRO SUL,31014,CONSELHEIRO LAFAIETE CONGONHAS,313540,3135407,JECEABA
SUDESTE,MG,3104,JEQUITINHONHA,31005,ARAÇUAÍ,313545,3135456,JENIPAPO DE MINAS
SUDESTE,MG,3110,LESTE DO SUL,31056,PONTE NOVA,313550,3135506,JEQUERI
SUDESTE,MG,3108,NORTE,31016,CORAÇÃO DE JESUS,313560,3135605,JEQUITAI
SUDESTE,MG,3103,CENTRO,31067,SETE LAGOAS,313570,3135704,JEQUITIBA
SUDESTE,MG,3111,NORDESTE,31004,ALMENARA,313580,3135803,JEQUITINHONHA
SUDESTE,MG,3101,SUL,31065,SÃO LOURENÇO,313590,3135902,JESUANIA
SUDESTE,MG,3111,NORDESTE,31004,ALMENARA,313600,3136009,JOAIMA
SUDESTE,MG,3114,VALE DO ACO,31027,IPATINGA,313610,3136108,JOANESIA
SUDESTE,MG,3103,CENTRO,31035,JOÃO MONLEVADE,313620,3136207,JOAO MONLEVADE
SUDESTE,MG,3109,NOROESTE,31036,JOÃO PINHEIRO,313630,3136306,JOAO PINHEIRO
SUDESTE,MG,3108,NORTE,31044,MONTES CLAROS BOCAIÚVA,313640,3136405,JOAQUIM FELICIO
SUDESTE,MG,3111,NORDESTE,31004,ALMENARA,313650,3136504,JORDANIA
SUDESTE,MG,3104,JEQUITINHONHA,31043,MINAS NOVAS TURMALINA CAPELINHA,313652,3136520,JOSE GONCALVES DE MINAS
SUDESTE,MG,3106,LESTE,31060,SANTA MARIA DO SUAÇUÍ SÃO JOÃO EVANGELISTA,313655,3136553,JOSE RAYDAN
SUDESTE,MG,3108,NORTE,31022,FRANCISCO SÁ,313657,3136579,JOSENOPOLIS
SUDESTE,MG,3103,CENTRO,31008,BELO HORIZONTE NOVA LIMA CAETÉ,313660,3136603,NOVA UNIAO
SUDESTE,MG,3103,CENTRO,31009,BETIM,313665,3136652,JUATUBA
SUDESTE,MG,3107,SUDESTE,31037,JUIZ DE FORA LIMA DUARTE BOM JARDIM MINAS,313670,3136702,JUIZ DE FORA
SUDESTE,MG,3108,NORTE,31044,MONTES CLAROS BOCAIÚVA,313680,3136801,JURAMENTO
SUDESTE,MG,3101,SUL,31026,GUAXUPÉ,313690,3136900,JURUAIA
SUDESTE,MG,3108,NORTE,31040,MANGA,313695,3136959,JUVENILIA
SUDESTE,MG,3111,NORDESTE,31068,TEÓFILO OTONI MALACACHETA ITAMBACURI,313700,3137007,LADAINHA
SUDESTE,MG,3109,NOROESTE,31051,PATOS DE MINAS,313710,3137106,LAGAMAR
SUDESTE,MG,3105,OESTE,31020,DIVINÓPOLIS SANTO ANTÔNIO DO MONTE,313720,3137205,LAGOA DA PRATA
SUDESTE,MG,3108,NORTE,31016,CORAÇÃO DE JESUS,313730,3137304,LAGOA DOS PATOS
SUDESTE,MG,3102,CENTRO SUL,31063,SÃO JOÃO DEL REI,313740,3137403,LAGOA DOURADA
SUDESTE,MG,3109,NOROESTE,31051,PATOS DE MINAS,313750,3137502,LAGOA FORMOSA
SUDESTE,MG,3109,NOROESTE,31036,JOÃO PINHEIRO,313753,3137536,LAGOA GRANDE
SUDESTE,MG,3103,CENTRO,31076,VESPASIANO,313760,3137601,LAGOA SANTA
SUDESTE,MG,3110,LESTE DO SUL,31041,MANHUAÇU,313770,3137700,LAJINHA
SUDESTE,MG,3101,SUL,31065,SÃO LOURENÇO,313780,3137809,LAMBARI
SUDESTE,MG,3102,CENTRO SUL,31014,CONSELHEIRO LAFAIETE CONGONHAS,313790,3137908,LAMIM
SUDESTE,MG,3107,SUDESTE,31039,LEOPOLDINA CATAGUASES,313800,3138005,LARANJAL
SUDESTE,MG,3108,NORTE,31054,PIRAPORA,313810,3138104,LASSANCE
SUDESTE,MG,3101,SUL,31038,LAVRAS,313820,3138203,LAVRAS
SUDESTE,MG,3105,OESTE,31049,PARÁ DE MINAS,313830,3138302,LEANDRO FERREIRA
SUDESTE,MG,3104,JEQUITINHONHA,31043,MINAS NOVAS TURMALINA CAPELINHA,313835,3138351,LEME DO PRADO
SUDESTE,MG,3107,SUDESTE,31039,LEOPOLDINA CATAGUASES,313840,3138401,LEOPOLDINA
SUDESTE,MG,3107,SUDESTE,31037,JUIZ DE FORA LIMA DUARTE BOM JARDIM MINAS,313850,3138500,LIBERDADE
SUDESTE,MG,3107,SUDESTE,31037,JUIZ DE FORA LIMA DUARTE BOM JARDIM MINAS,313860,3138609,LIMA DUARTE
SUDESTE,MG,3112,TRIANGULO DO SUL,31023,FRUTAL ITURAMA,313862,3138625,LIMEIRA DO OESTE
SUDESTE,MG,3108,NORTE,31011,BRASÍLIA DE MINAS SÃO FRANCISCO,313865,3138658,LONTRA
SUDESTE,MG,3110,LESTE DO SUL,31041,MANHUAÇU,313867,3138674,LUISBURGO
SUDESTE,MG,3108,NORTE,31011,BRASÍLIA DE MINAS SÃO FRANCISCO,313868,3138682,LUISLANDIA
SUDESTE,MG,3101,SUL,31038,LAVRAS,313870,3138708,LUMINARIAS
SUDESTE,MG,3105,OESTE,31010,BOM DESPACHO,313880,3138807,LUZ
SUDESTE,MG,3111,NORDESTE,31001,ÁGUAS FORMOSAS,313890,3138906,MACHACALIS
SUDESTE,MG,3101,SUL,31003,ALFENAS MACHADO,313900,3139003,MACHADO
SUDESTE,MG,3102,CENTRO SUL,31063,SÃO JOÃO DEL REI,313910,3139102,MADRE DE DEUS DE MINAS
SUDESTE,MG,3111,NORDESTE,31068,TEÓFILO OTONI MALACACHETA ITAMBACURI,313920,3139201,MALACACHETA
SUDESTE,MG,3108,NORTE,31033,JANAÚBA MONTE AZUL,313925,3139250,MAMONAS
SUDESTE,MG,3108,NORTE,31040,MANGA,313930,3139300,MANGA
SUDESTE,MG,3110,LESTE DO SUL,31041,MANHUAÇU,313940,3139409,MANHUACU
SUDESTE,MG,3110,LESTE DO SUL,31041,MANHUAÇU,313950,3139508,MANHUMIRIM
SUDESTE,MG,3106,LESTE,31042,MANTENA,313960,3139607,MANTENA
SUDESTE,MG,3103,CENTRO,31067,SETE LAGOAS,313970,3139706,MARAVILHAS
SUDESTE,MG,3107,SUDESTE,31064,SÃO JOÃO NEPOMUCENO BICAS,313980,3139805,MAR DE ESPANHA
SUDESTE,MG,3101,SUL,31029,ITAJUBÁ,313990,3139904,MARIA DA FE
SUDESTE,MG,3103,CENTRO,31047,OURO PRETO,314000,3140001,MARIANA
SUDESTE,MG,3106,LESTE,31024,GOVERNADOR VALADARES,314010,3140100,MARILAC
SUDESTE,MG,3103,CENTRO,31009,BETIM,314015,3140159,MARIO CAMPOS
SUDESTE,MG,3107,SUDESTE,31064,SÃO JOÃO NEPOMUCENO BICAS,314020,3140209,MARIPA DE MINAS
SUDESTE,MG,3114,VALE DO ACO,31017,CORONEL FABRICIANO TIMÓTEO,314030,3140308,MARLIERIA
SUDESTE,MG,3101,SUL,31029,ITAJUBÁ,314040,3140407,MARMELOPOLIS
SUDESTE,MG,3105,OESTE,31010,BOM DESPACHO,314050,3140506,MARTINHO CAMPOS
SUDESTE,MG,3110,LESTE DO SUL,31041,MANHUAÇU,314053,3140530,MARTINS SOARES
SUDESTE,MG,3111,NORDESTE,31004,ALMENARA,314055,3140555,MATA VERDE
SUDESTE,MG,3103,CENTRO,31025,GUANHÃES,314060,3140605,MATERLANDIA
SUDESTE,MG,3103,CENTRO,31009,BETIM,314070,3140704,MATEUS LEME
SUDESTE,MG,3107,SUDESTE,31037,JUIZ DE FORA LIMA DUARTE BOM JARDIM MINAS,314080,3140803,MATIAS BARBOSA
SUDESTE,MG,3108,NORTE,31033,JANAÚBA MONTE AZUL,314085,3140852,MATIAS CARDOSO
SUDESTE,MG,3110,LESTE DO SUL,31041,MANHUAÇU,314090,3140902,MATIPO
SUDESTE,MG,3108,NORTE,31033,JANAÚBA MONTE AZUL,314100,3141009,MATO VERDE
SUDESTE,MG,3103,CENTRO,31076,VESPASIANO,314110,3141108,MATOZINHOS
SUDESTE,MG,3109,NOROESTE,31051,PATOS DE MINAS,314120,3141207,MATUTINA
SUDESTE,MG,3105,OESTE,31021,FORMIGA,314130,3141306,MEDEIROS
SUDESTE,MG,3111,NORDESTE,31030,ITAOBIM,314140,3141405,MEDINA
SUDESTE,MG,3106,LESTE,31042,MANTENA,314150,3141504,MENDES PIMENTEL
SUDESTE,MG,3107,SUDESTE,31071,UBÁ,314160,3141603,MERCES
SUDESTE,MG,3114,VALE DO ACO,31027,IPATINGA,314170,3141702,MESQUITA
SUDESTE,MG,3104,JEQUITINHONHA,31043,MINAS NOVAS TURMALINA CAPELINHA,314180,3141801,MINAS NOVAS
SUDESTE,MG,3101,SUL,31065,SÃO LOURENÇO,314190,3141900,MINDURI
SUDESTE,MG,3108,NORTE,31011,BRASÍLIA DE MINAS SÃO FRANCISCO,314200,3142007,MIRABELA
SUDESTE,MG,3107,SUDESTE,31045,MURIAÉ,314210,3142106,MIRADOURO
SUDESTE,MG,3107,SUDESTE,31045,MURIAÉ,314220,3142205,MIRAI
SUDESTE,MG,3108,NORTE,31040,MANGA,314225,3142254,MIRAVANIA
SUDESTE,MG,3103,CENTRO,31008,BELO HORIZONTE NOVA LIMA CAETÉ,314230,3142304,MOEDA
SUDESTE,MG,3105,OESTE,31010,BOM DESPACHO,314240,3142403,MOEMA
SUDESTE,MG,3103,CENTRO,31018,CURVELO,314250,3142502,MONJOLOS
SUDESTE,MG,3101,SUL,31075,VARGINHA,314260,3142601,MONSENHOR PAULO
SUDESTE,MG,3108,NORTE,31040,MANGA,314270,3142700,MONTALVANIA
SUDESTE,MG,3113,TRIANGULO DO NORTE,31073,UBERLÂNDIA ARAGUARI,314280,3142809,MONTE ALEGRE DE MINAS
SUDESTE,MG,3108,NORTE,31033,JANAÚBA MONTE AZUL,314290,3142908,MONTE AZUL
SUDESTE,MG,3101,SUL,31026,GUAXUPÉ,314300,3143005,MONTE BELO
SUDESTE,MG,3113,TRIANGULO DO NORTE,31052,PATROCÍNIO MONTE CARMELO,314310,3143104,MONTE CARMELO
SUDESTE,MG,3111,NORDESTE,31030,ITAOBIM,314315,3143153,MONTE FORMOSO
SUDESTE,MG,3101,SUL,31066,SÃO SEBASTIÃO DO PARAÍSO,314320,3143203,MONTE SANTO DE MINAS
SUDESTE,MG,3108,NORTE,31044,MONTES CLAROS BOCAIÚVA,314330,3143302,MONTES CLAROS
SUDESTE,MG,3101,SUL,31057,POUSO ALEGRE,314340,3143401,MONTE SIAO
SUDESTE,MG,3108,NORTE,31059,SALINAS TAIOBEIRAS,314345,3143450,MONTEZUMA
SUDESTE,MG,3103,CENTRO,31067,SETE LAGOAS,314350,3143500,MORADA NOVA DE MINAS
SUDESTE,MG,3103,CENTRO,31018,CURVELO,314360,3143609,MORRO DA GARCA
SUDESTE,MG,3103,CENTRO,31028,ITABIRA,314370,3143708,MORRO DO PILAR
SUDESTE,MG,3101,SUL,31057,POUSO ALEGRE,314380,3143807,MUNHOZ
SUDESTE,MG,3107,SUDESTE,31045,MURIAÉ,314390,3143906,MURIAE
SUDESTE,MG,3110,LESTE DO SUL,31041,MANHUAÇU,314400,3144003,MUTUM
SUDESTE,MG,3101,SUL,31026,GUAXUPÉ,314410,3144102,MUZAMBINHO
SUDESTE,MG,3106,LESTE,31024,GOVERNADOR VALADARES,314420,3144201,NACIP RAYDAN
SUDESTE,MG,3111,NORDESTE,31046,NANUQUE,314430,3144300,NANUQUE
SUDESTE,MG,3114,VALE DO ACO,31027,IPATINGA,314435,3144359,NAQUE
SUDESTE,MG,3109,NOROESTE,31074,UNAÍ,314437,3144375,NATALANDIA
SUDESTE,MG,3101,SUL,31057,POUSO ALEGRE,314440,3144409,NATERCIA
SUDESTE,MG,3102,CENTRO SUL,31063,SÃO JOÃO DEL REI,314450,3144508,NAZARENO
SUDESTE,MG,3101,SUL,31038,LAVRAS,314460,3144607,NEPOMUCENO
SUDESTE,MG,3108,NORTE,31059,SALINAS TAIOBEIRAS,314465,3144656,NINHEIRA
SUDESTE,MG,3106,LESTE,31042,MANTENA,314467,3144672,NOVA BELEM
SUDESTE,MG,3103,CENTRO,31035,JOÃO MONLEVADE,314470,3144706,NOVA ERA
SUDESTE,MG,3103,CENTRO,31008,BELO HORIZONTE NOVA LIMA CAETÉ,314480,3144805,NOVA LIMA
SUDESTE,MG,3111,NORDESTE,31068,TEÓFILO OTONI MALACACHETA ITAMBACURI,314490,3144904,NOVA MODICA
SUDESTE,MG,3113,TRIANGULO DO NORTE,31073,UBERLÂNDIA ARAGUARI,314500,3145000,NOVA PONTE
SUDESTE,MG,3108,NORTE,31033,JANAÚBA MONTE AZUL,314505,3145059,NOVA PORTEIRINHA
SUDESTE,MG,3101,SUL,31026,GUAXUPÉ,314510,3145109,NOVA RESENDE
SUDESTE,MG,3105,OESTE,31049,PARÁ DE MINAS,314520,3145208,NOVA SERRANA
SUDESTE,MG,3111,NORDESTE,31068,TEÓFILO OTONI MALACACHETA ITAMBACURI,314530,3145307,NOVO CRUZEIRO
SUDESTE,MG,3111,NORDESTE,31068,TEÓFILO OTONI MALACACHETA ITAMBACURI,314535,3145356,NOVO ORIENTE DE MINAS
SUDESTE,MG,3108,NORTE,31059,SALINAS TAIOBEIRAS,314537,3145372,NOVORIZONTE
SUDESTE,MG,3107,SUDESTE,31037,JUIZ DE FORA LIMA DUARTE BOM JARDIM MINAS,314540,3145406,OLARIA
SUDESTE,MG,3108,NORTE,31044,MONTES CLAROS BOCAIÚVA,314545,3145455,OLHOS-D'AGUA
SUDESTE,MG,3101,SUL,31065,SÃO LOURENÇO,314550,3145505,OLIMPIO NORONHA
SUDESTE,MG,3105,OESTE,31061,SANTO ANTÔNIO DO AMPARO CAMPO BELO,314560,3145604,OLIVEIRA
SUDESTE,MG,3107,SUDESTE,31062,SANTOS DUMONT,314570,3145703,OLIVEIRA FORTES
SUDESTE,MG,3105,OESTE,31049,PARÁ DE MINAS,314580,3145802,ONCA DE PITANGUI
SUDESTE,MG,3110,LESTE DO SUL,31056,PONTE NOVA,314585,3145851,ORATORIOS
SUDESTE,MG,3107,SUDESTE,31012,CARANGOLA,314587,3145877,ORIZANIA
SUDESTE,MG,3102,CENTRO SUL,31014,CONSELHEIRO LAFAIETE CONGONHAS,314590,3145901,OURO BRANCO
SUDESTE,MG,3101,SUL,31057,POUSO ALEGRE,314600,3146008,OURO FINO
SUDESTE,MG,3103,CENTRO,31047,OURO PRETO,314610,3146107,OURO PRETO
SUDESTE,MG,3111,NORDESTE,31068,TEÓFILO OTONI MALACACHETA ITAMBACURI,314620,3146206,OURO VERDE DE MINAS
SUDESTE,MG,3108,NORTE,31059,SALINAS TAIOBEIRAS,314625,3146255,PADRE CARVALHO
SUDESTE,MG,3111,NORDESTE,31048,PADRE PARAÍSO,314630,3146305,PADRE PARAISO
SUDESTE,MG,3103,CENTRO,31067,SETE LAGOAS,314640,3146404,PAINEIRAS
SUDESTE,MG,3105,OESTE,31021,FORMIGA,314650,3146503,PAINS
SUDESTE,MG,3108,NORTE,31033,JANAÚBA MONTE AZUL,314655,3146552,PAI PEDRO
SUDESTE,MG,3102,CENTRO SUL,31007,BARBACENA,314660,3146602,PAIVA
SUDESTE,MG,3107,SUDESTE,31039,LEOPOLDINA CATAGUASES,314670,3146701,PALMA
SUDESTE,MG,3111,NORDESTE,31004,ALMENARA,314675,3146750,PALMOPOLIS
SUDESTE,MG,3103,CENTRO,31067,SETE LAGOAS,314690,3146909,PAPAGAIOS
SUDESTE,MG,3109,NOROESTE,31074,UNAÍ,314700,3147006,PARACATU
SUDESTE,MG,3105,OESTE,31049,PARÁ DE MINAS,314710,3147105,PARA DE MINAS
SUDESTE,MG,3101,SUL,31003,ALFENAS MACHADO,314720,3147204,PARAGUACU
SUDESTE,MG,3101,SUL,31029,ITAJUBÁ,314730,3147303,PARAISOPOLIS
SUDESTE,MG,3103,CENTRO,31067,SETE LAGOAS,314740,3147402,PARAOPEBA
SUDESTE,MG,3103,CENTRO,31028,ITABIRA,314750,3147501,PASSABEM
SUDESTE,MG,3101,SUL,31065,SÃO LOURENÇO,314760,3147600,PASSA QUATRO
SUDESTE,MG,3105,OESTE,31061,SANTO ANTÔNIO DO AMPARO CAMPO BELO,314770,3147709,PASSA TEMPO
SUDESTE,MG,3107,SUDESTE,31037,JUIZ DE FORA LIMA DUARTE BOM JARDIM MINAS,314780,3147808,PASSA-VINTE
SUDESTE,MG,3101,SUL,31050,PASSOS PIUMHI,314790,3147907,PASSOS
SUDESTE,MG,3108,NORTE,31011,BRASÍLIA DE MINAS SÃO FRANCISCO,314795,3147956,PATIS
SUDESTE,MG,3109,NOROESTE,31051,PATOS DE MINAS,314800,3148004,PATOS DE MINAS
SUDESTE,MG,3113,TRIANGULO DO NORTE,31052,PATROCÍNIO MONTE CARMELO,314810,3148103,PATROCINIO
SUDESTE,MG,3107,SUDESTE,31045,MURIAÉ,314820,3148202,PATROCINIO DO MURIAE
SUDESTE,MG,3110,LESTE DO SUL,31077,VIÇOSA,314830,3148301,PAULA CANDIDO
SUDESTE,MG,3106,LESTE,31060,SANTA MARIA DO SUAÇUÍ SÃO JOÃO EVANGELISTA,314840,3148400,PAULISTAS
SUDESTE,MG,3111,NORDESTE,31001,ÁGUAS FORMOSAS,314850,3148509,PAVAO
SUDESTE,MG,3106,LESTE,31060,SANTA MARIA DO SUAÇUÍ SÃO JOÃO EVANGELISTA,314860,3148608,PECANHA
SUDESTE,MG,3111,NORDESTE,31053,PEDRA AZUL,314870,3148707,PEDRA AZUL
SUDESTE,MG,3107,SUDESTE,31012,CARANGOLA,314875,3148756,PEDRA BONITA
SUDESTE,MG,3110,LESTE DO SUL,31077,VIÇOSA,314880,3148806,PEDRA DO ANTA
SUDESTE,MG,3105,OESTE,31020,DIVINÓPOLIS SANTO ANTÔNIO DO MONTE,314890,3148905,PEDRA DO INDAIA
SUDESTE,MG,3107,SUDESTE,31012,CARANGOLA,314900,3149002,PEDRA DOURADA
SUDESTE,MG,3101,SUL,31029,ITAJUBÁ,314910,3149101,PEDRALVA
SUDESTE,MG,3108,NORTE,31034,JANUÁRIA,314915,3149150,PEDRAS DE MARIA DA CRUZ
SUDESTE,MG,3112,TRIANGULO DO SUL,31006,ARAXÁ,314920,3149200,PEDRINOPOLIS
SUDESTE,MG,3103,CENTRO,31076,VESPASIANO,314930,3149309,PEDRO LEOPOLDO
SUDESTE,MG,3107,SUDESTE,31037,JUIZ DE FORA LIMA DUARTE BOM JARDIM MINAS,314940,3149408,PEDRO TEIXEIRA
SUDESTE,MG,3107,SUDESTE,31064,SÃO JOÃO NEPOMUCENO BICAS,314950,3149507,PEQUERI
SUDESTE,MG,3103,CENTRO,31067,SETE LAGOAS,314960,3149606,PEQUI
SUDESTE,MG,3105,OESTE,31020,DIVINÓPOLIS SANTO ANTÔNIO DO MONTE,314970,3149705,PERDIGAO
SUDESTE,MG,3112,TRIANGULO DO SUL,31006,ARAXÁ,314980,3149804,PERDIZES
SUDESTE,MG,3101,SUL,31038,LAVRAS,314990,3149903,PERDOES
SUDESTE,MG,3114,VALE DO ACO,31027,IPATINGA,314995,3149952,PERIQUITO
SUDESTE,MG,3111,NORDESTE,31068,TEÓFILO OTONI MALACACHETA ITAMBACURI,315000,3150000,PESCADOR
SUDESTE,MG,3107,SUDESTE,31037,JUIZ DE FORA LIMA DUARTE BOM JARDIM MINAS,315010,3150109,PIAU
SUDESTE,MG,3114,VALE DO ACO,31013,CARATINGA,315015,3150158,PIEDADE DE CARATINGA
SUDESTE,MG,3110,LESTE DO SUL,31056,PONTE NOVA,315020,3150208,PIEDADE DE PONTE NOVA
SUDESTE,MG,3102,CENTRO SUL,31063,SÃO JOÃO DEL REI,315030,3150307,PIEDADE DO RIO GRANDE
SUDESTE,MG,3103,CENTRO,31009,BETIM,315040,3150406,PIEDADE DOS GERAIS
SUDESTE,MG,3101,SUL,31021,FORMIGA,315050,3150505,PIMENTA
SUDESTE,MG,3114,VALE DO ACO,31017,CORONEL FABRICIANO TIMÓTEO,315053,3150539,PINGO-D'AGUA
SUDESTE,MG,3108,NORTE,31011,BRASÍLIA DE MINAS SÃO FRANCISCO,315057,3150570,PINTOPOLIS
SUDESTE,MG,3105,OESTE,31031,ITAÚNA,315060,3150604,PIRACEMA
SUDESTE,MG,3112,TRIANGULO DO SUL,31023,FRUTAL ITURAMA,315070,3150703,PIRAJUBA
SUDESTE,MG,3102,CENTRO SUL,31014,CONSELHEIRO LAFAIETE CONGONHAS,315080,3150802,PIRANGA
SUDESTE,MG,3101,SUL,31029,ITAJUBÁ,315090,3150901,PIRANGUCU
SUDESTE,MG,3101,SUL,31029,ITAJUBÁ,315100,3151008,PIRANGUINHO
SUDESTE,MG,3107,SUDESTE,31002,ALÉM PARAÍBA,315110,3151107,PIRAPETINGA
SUDESTE,MG,3108,NORTE,31054,PIRAPORA,315120,3151206,PIRAPORA
SUDESTE,MG,3107,SUDESTE,31071,UBÁ,315130,3151305,PIRAUBA
SUDESTE,MG,3105,OESTE,31049,PARÁ DE MINAS,315140,3151404,PITANGUI
SUDESTE,MG,3101,SUL,31050,PASSOS PIUMHI,315150,3151503,PIUMHI
SUDESTE,MG,3112,TRIANGULO DO SUL,31023,FRUTAL ITURAMA,315160,3151602,PLANURA
SUDESTE,MG,3101,SUL,31003,ALFENAS MACHADO,315170,3151701,POCO FUNDO
SUDESTE,MG,3101,SUL,31055,POÇOS DE CALDAS,315180,3151800,POCOS DE CALDAS
SUDESTE,MG,3110,LESTE DO SUL,31041,MANHUAÇU,315190,3151909,POCRANE
SUDESTE,MG,3103,CENTRO,31067,SETE LAGOAS,315200,3152006,POMPEU
SUDESTE,MG,3110,LESTE DO SUL,31056,PONTE NOVA,315210,3152105,PONTE NOVA
SUDESTE,MG,3108,NORTE,31054,PIRAPORA,315213,3152131,PONTO CHIQUE
SUDESTE,MG,3111,NORDESTE,31030,ITAOBIM,315217,3152170,PONTO DOS VOLANTES
SUDESTE,MG,3108,NORTE,31033,JANAÚBA MONTE AZUL,315220,3152204,PORTEIRINHA
SUDESTE,MG,3110,LESTE DO SUL,31077,VIÇOSA,315230,3152303,PORTO FIRME
SUDESTE,MG,3111,NORDESTE,31068,TEÓFILO OTONI MALACACHETA ITAMBACURI,315240,3152402,POTE
SUDESTE,MG,3101,SUL,31057,POUSO ALEGRE,315250,3152501,POUSO ALEGRE
SUDESTE,MG,3101,SUL,31065,SÃO LOURENÇO,315260,3152600,POUSO ALTO
SUDESTE,MG,3102,CENTRO SUL,31063,SÃO JOÃO DEL REI,315270,3152709,PRADOS
SUDESTE,MG,3113,TRIANGULO DO NORTE,31073,UBERLÂNDIA ARAGUARI,315280,3152808,PRATA
SUDESTE,MG,3101,SUL,31066,SÃO SEBASTIÃO DO PARAÍSO,315290,3152907,PRATAPOLIS
SUDESTE,MG,3112,TRIANGULO DO SUL,31006,ARAXÁ,315300,3153004,PRATINHA
SUDESTE,MG,3107,SUDESTE,31071,UBÁ,315310,3153103,PRESIDENTE BERNARDES
SUDESTE,MG,3103,CENTRO,31018,CURVELO,315320,3153202,PRESIDENTE JUSCELINO
SUDESTE,MG,3104,JEQUITINHONHA,31019,DIAMANTINA,315330,3153301,PRESIDENTE KUBITSCHEK
SUDESTE,MG,3109,NOROESTE,31051,PATOS DE MINAS,315340,3153400,PRESIDENTE OLEGARIO
SUDESTE,MG,3110,LESTE DO SUL,31041,MANHUAÇU,315350,3153509,ALTO JEQUITIBA
SUDESTE,MG,3103,CENTRO,31067,SETE LAGOAS,315360,3153608,PRUDENTE DE MORAIS
SUDESTE,MG,3103,CENTRO,31067,SETE LAGOAS,315370,3153707,QUARTEL GERAL
SUDESTE,MG,3102,CENTRO SUL,31014,CONSELHEIRO LAFAIETE CONGONHAS,315380,3153806,QUELUZITO
SUDESTE,MG,3103,CENTRO,31008,BELO HORIZONTE NOVA LIMA CAETÉ,315390,3153905,RAPOSOS
SUDESTE,MG,3110,LESTE DO SUL,31056,PONTE NOVA,315400,3154002,RAUL SOARES
SUDESTE,MG,3107,SUDESTE,31039,LEOPOLDINA CATAGUASES,315410,3154101,RECREIO
SUDESTE,MG,3110,LESTE DO SUL,31041,MANHUAÇU,315415,3154150,REDUTO
SUDESTE,MG,3102,CENTRO SUL,31063,SÃO JOÃO DEL REI,315420,3154200,RESENDE COSTA
SUDESTE,MG,3106,LESTE,31058,RESPLENDOR,315430,3154309,RESPLENDOR
SUDESTE,MG,3102,CENTRO SUL,31007,BARBACENA,315440,3154408,RESSAQUINHA
SUDESTE,MG,3109,NOROESTE,31074,UNAÍ,315445,3154457,RIACHINHO
SUDESTE,MG,3108,NORTE,31033,JANAÚBA MONTE AZUL,315450,3154507,RIACHO DOS MACHADOS
SUDESTE,MG,3103,CENTRO,31008,BELO HORIZONTE NOVA LIMA CAETÉ,315460,3154606,RIBEIRAO DAS NEVES
SUDESTE,MG,3101,SUL,31038,LAVRAS,315470,3154705,RIBEIRAO VERMELHO
SUDESTE,MG,3103,CENTRO,31008,BELO HORIZONTE NOVA LIMA CAETÉ,315480,3154804,RIO ACIMA
SUDESTE,MG,3110,LESTE DO SUL,31056,PONTE NOVA,315490,3154903,RIO CASCA
SUDESTE,MG,3110,LESTE DO SUL,31056,PONTE NOVA,315500,3155009,RIO DOCE
SUDESTE,MG,3111,NORDESTE,31004,ALMENARA,315510,3155108,RIO DO PRADO
SUDESTE,MG,3102,CENTRO SUL,31014,CONSELHEIRO LAFAIETE CONGONHAS,315520,3155207,RIO ESPERA
SUDESTE,MG,3103,CENTRO,31009,BETIM,315530,3155306,RIO MANSO
SUDESTE,MG,3107,SUDESTE,31037,JUIZ DE FORA LIMA DUARTE BOM JARDIM MINAS,315540,3155405,RIO NOVO
SUDESTE,MG,3109,NOROESTE,31051,PATOS DE MINAS,315550,3155504,RIO PARANAIBA
SUDESTE,MG,3108,NORTE,31059,SALINAS TAIOBEIRAS,315560,3155603,RIO PARDO DE MINAS
SUDESTE,MG,3103,CENTRO,31035,JOÃO MONLEVADE,315570,3155702,RIO PIRACICABA
SUDESTE,MG,3107,SUDESTE,31071,UBÁ,315580,3155801,RIO POMBA
SUDESTE,MG,3107,SUDESTE,31037,JUIZ DE FORA LIMA DUARTE BOM JARDIM MINAS,315590,3155900,RIO PRETO
SUDESTE,MG,3103,CENTRO,31025,GUANHÃES,315600,3156007,RIO VERMELHO
SUDESTE,MG,3102,CENTRO SUL,31063,SÃO JOÃO DEL REI,315610,3156106,RITAPOLIS
SUDESTE,MG,3107,SUDESTE,31064,SÃO JOÃO NEPOMUCENO BICAS,315620,3156205,ROCHEDO DE MINAS
SUDESTE,MG,3107,SUDESTE,31071,UBÁ,315630,3156304,RODEIRO
SUDESTE,MG,3113,TRIANGULO DO NORTE,31052,PATROCÍNIO MONTE CARMELO,315640,3156403,ROMARIA
SUDESTE,MG,3107,SUDESTE,31045,MURIAÉ,315645,3156452,ROSARIO DA LIMEIRA
SUDESTE,MG,3108,NORTE,31059,SALINAS TAIOBEIRAS,315650,3156502,RUBELITA
SUDESTE,MG,3111,NORDESTE,31004,ALMENARA,315660,3156601,RUBIM
SUDESTE,MG,3103,CENTRO,31008,BELO HORIZONTE NOVA LIMA CAETÉ,315670,3156700,SABARA
SUDESTE,MG,3103,CENTRO,31025,GUANHÃES,315680,3156809,SABINOPOLIS
SUDESTE,MG,3112,TRIANGULO DO SUL,31072,UBERABA,315690,3156908,SACRAMENTO
SUDESTE,MG,3108,NORTE,31059,SALINAS TAIOBEIRAS,315700,3157005,SALINAS
SUDESTE,MG,3111,NORDESTE,31004,ALMENARA,315710,3157104,SALTO DA DIVISA
SUDESTE,MG,3103,CENTRO,31028,ITABIRA,315720,3157203,SANTA BARBARA
SUDESTE,MG,3114,VALE DO ACO,31013,CARATINGA,315725,3157252,SANTA BARBARA DO LESTE
SUDESTE,MG,3107,SUDESTE,31037,JUIZ DE FORA LIMA DUARTE BOM JARDIM MINAS,315727,3157278,SANTA BARBARA DO MONTE VERDE
SUDESTE,MG,3102,CENTRO SUL,31007,BARBACENA,315730,3157302,SANTA BARBARA DO TUGURIO
SUDESTE,MG,3102,CENTRO SUL,31063,SÃO JOÃO DEL REI,315733,3157336,SANTA CRUZ DE MINAS
SUDESTE,MG,3108,NORTE,31059,SALINAS TAIOBEIRAS,315737,3157377,SANTA CRUZ DE SALINAS
SUDESTE,MG,3110,LESTE DO SUL,31056,PONTE NOVA,315740,3157401,SANTA CRUZ DO ESCALVADO
SUDESTE,MG,3106,LESTE,31024,GOVERNADOR VALADARES,315750,3157500,SANTA EFIGENIA DE MINAS
SUDESTE,MG,3108,NORTE,31054,PIRAPORA,315760,3157609,SANTA FE DE MINAS
SUDESTE,MG,3111,NORDESTE,31001,ÁGUAS FORMOSAS,315765,3157658,SANTA HELENA DE MINAS
SUDESTE,MG,3112,TRIANGULO DO SUL,31006,ARAXÁ,315770,3157708,SANTA JULIANA
SUDESTE,MG,3103,CENTRO,31008,BELO HORIZONTE NOVA LIMA CAETÉ,315780,3157807,SANTA LUZIA
SUDESTE,MG,3110,LESTE DO SUL,31041,MANHUAÇU,315790,3157906,SANTA MARGARIDA
SUDESTE,MG,3103,CENTRO,31028,ITABIRA,315800,3158003,SANTA MARIA DE ITABIRA
SUDESTE,MG,3111,NORDESTE,31004,ALMENARA,315810,3158102,SANTA MARIA DO SALTO
SUDESTE,MG,3106,LESTE,31060,SANTA MARIA DO SUAÇUÍ SÃO JOÃO EVANGELISTA,315820,3158201,SANTA MARIA DO SUACUI
SUDESTE,MG,3101,SUL,31070,TRÊS PONTAS,315830,3158300,SANTANA DA VARGEM
SUDESTE,MG,3107,SUDESTE,31039,LEOPOLDINA CATAGUASES,315840,3158409,SANTANA DE CATAGUASES
SUDESTE,MG,3103,CENTRO,31067,SETE LAGOAS,315850,3158508,SANTANA DE PIRAPAMA
SUDESTE,MG,3107,SUDESTE,31037,JUIZ DE FORA LIMA DUARTE BOM JARDIM MINAS,315860,3158607,SANTANA DO DESERTO
SUDESTE,MG,3102,CENTRO SUL,31007,BARBACENA,315870,3158706,SANTANA DO GARAMBEU
SUDESTE,MG,3105,OESTE,31061,SANTO ANTÔNIO DO AMPARO CAMPO BELO,315880,3158805,SANTANA DO JACARE
SUDESTE,MG,3110,LESTE DO SUL,31041,MANHUAÇU,315890,3158904,SANTANA DO MANHUACU
SUDESTE,MG,3114,VALE DO ACO,31027,IPATINGA,315895,3158953,SANTANA DO PARAISO
SUDESTE,MG,3103,CENTRO,31076,VESPASIANO,315900,3159001,SANTANA DO RIACHO
SUDESTE,MG,3102,CENTRO SUL,31014,CONSELHEIRO LAFAIETE CONGONHAS,315910,3159100,SANTANA DOS MONTES
SUDESTE,MG,3101,SUL,31055,POÇOS DE CALDAS,315920,3159209,SANTA RITA DE CALDAS
SUDESTE,MG,3107,SUDESTE,31037,JUIZ DE FORA LIMA DUARTE BOM JARDIM MINAS,315930,3159308,SANTA RITA DE JACUTINGA
SUDESTE,MG,3114,VALE DO ACO,31013,CARATINGA,315935,3159357,SANTA RITA DE MINAS
SUDESTE,MG,3102,CENTRO SUL,31007,BARBACENA,315940,3159407,SANTA RITA DE IBITIPOCA
SUDESTE,MG,3106,LESTE,31058,RESPLENDOR,315950,3159506,SANTA RITA DO ITUETO
SUDESTE,MG,3101,SUL,31057,POUSO ALEGRE,315960,3159605,SANTA RITA DO SAPUCAI
SUDESTE,MG,3109,NOROESTE,31051,PATOS DE MINAS,315970,3159704,SANTA ROSA DA SERRA
SUDESTE,MG,3113,TRIANGULO DO NORTE,31032,ITUIUTABA,315980,3159803,SANTA VITORIA
SUDESTE,MG,3105,OESTE,31061,SANTO ANTÔNIO DO AMPARO CAMPO BELO,315990,3159902,SANTO ANTONIO DO AMPARO
SUDESTE,MG,3107,SUDESTE,31002,ALÉM PARAÍBA,316000,3160009,SANTO ANTONIO DO AVENTUREIRO
SUDESTE,MG,3110,LESTE DO SUL,31056,PONTE NOVA,316010,3160108,SANTO ANTONIO DO GRAMA
SUDESTE,MG,3104,JEQUITINHONHA,31019,DIAMANTINA,316020,3160207,SANTO ANTONIO DO ITAMBE
SUDESTE,MG,3111,NORDESTE,31004,ALMENARA,316030,3160306,SANTO ANTONIO DO JACINTO
SUDESTE,MG,3105,OESTE,31020,DIVINÓPOLIS SANTO ANTÔNIO DO MONTE,316040,3160405,SANTO ANTONIO DO MONTE
SUDESTE,MG,3108,NORTE,31059,SALINAS TAIOBEIRAS,316045,3160454,SANTO ANTONIO DO RETIRO
SUDESTE,MG,3103,CENTRO,31028,ITABIRA,316050,3160504,SANTO ANTONIO DO RIO ABAIXO
SUDESTE,MG,3103,CENTRO,31018,CURVELO,316060,3160603,SANTO HIPOLITO
SUDESTE,MG,3107,SUDESTE,31062,SANTOS DUMONT,316070,3160702,SANTOS DUMONT
SUDESTE,MG,3101,SUL,31069,TRÊS CORAÇÕES,316080,3160801,SAO BENTO ABADE
SUDESTE,MG,3102,CENTRO SUL,31014,CONSELHEIRO LAFAIETE CONGONHAS,316090,3160900,SAO BRAS DO SUACUI
SUDESTE,MG,3114,VALE DO ACO,31013,CARATINGA,316095,3160959,SAO DOMINGOS DAS DORES
SUDESTE,MG,3103,CENTRO,31035,JOÃO MONLEVADE,316100,3161007,SAO DOMINGOS DO PRATA
SUDESTE,MG,3106,LESTE,31042,MANTENA,316105,3161056,SAO FELIX DE MINAS
SUDESTE,MG,3108,NORTE,31011,BRASÍLIA DE MINAS SÃO FRANCISCO,316110,3161106,SAO FRANCISCO
SUDESTE,MG,3105,OESTE,31061,SANTO ANTÔNIO DO AMPARO CAMPO BELO,316120,3161205,SAO FRANCISCO DE PAULA
SUDESTE,MG,3112,TRIANGULO DO SUL,31023,FRUTAL ITURAMA,316130,3161304,SAO FRANCISCO DE SALES
SUDESTE,MG,3107,SUDESTE,31045,MURIAÉ,316140,3161403,SAO FRANCISCO DO GLORIA
SUDESTE,MG,3107,SUDESTE,31071,UBÁ,316150,3161502,SAO GERALDO
SUDESTE,MG,3106,LESTE,31024,GOVERNADOR VALADARES,316160,3161601,SAO GERALDO DA PIEDADE
SUDESTE,MG,3106,LESTE,31024,GOVERNADOR VALADARES,316165,3161650,SAO GERALDO DO BAIXIO
SUDESTE,MG,3109,NOROESTE,31051,PATOS DE MINAS,316170,3161700,SAO GONCALO DO ABAETE
SUDESTE,MG,3105,OESTE,31020,DIVINÓPOLIS SANTO ANTÔNIO DO MONTE,316180,3161809,SAO GONCALO DO PARA
SUDESTE,MG,3103,CENTRO,31028,ITABIRA,316190,3161908,SAO GONCALO DO RIO ABAIXO
SUDESTE,MG,3101,SUL,31075,VARGINHA,316200,3162005,SAO GONCALO DO SAPUCAI
SUDESTE,MG,3109,NOROESTE,31051,PATOS DE MINAS,316210,3162104,SAO GOTARDO
SUDESTE,MG,3101,SUL,31050,PASSOS PIUMHI,316220,3162203,SAO JOAO BATISTA DO GLORIA
SUDESTE,MG,3108,NORTE,31016,CORAÇÃO DE JESUS,316225,3162252,SAO JOAO DA LAGOA
SUDESTE,MG,3101,SUL,31057,POUSO ALEGRE,316230,3162302,SAO JOAO DA MATA
SUDESTE,MG,3108,NORTE,31011,BRASÍLIA DE MINAS SÃO FRANCISCO,316240,3162401,SAO JOAO DA PONTE
SUDESTE,MG,3108,NORTE,31040,MANGA,316245,3162450,SAO JOAO DAS MISSOES
SUDESTE,MG,3102,CENTRO SUL,31063,SÃO JOÃO DEL REI,316250,3162500,SAO JOAO DEL REI
SUDESTE,MG,3110,LESTE DO SUL,31041,MANHUAÇU,316255,3162559,SAO JOAO DO MANHUACU
SUDESTE,MG,3106,LESTE,31042,MANTENA,316257,3162575,SAO JOAO DO MANTENINHA
SUDESTE,MG,3114,VALE DO ACO,31027,IPATINGA,316260,3162609,SAO JOAO DO ORIENTE
SUDESTE,MG,3108,NORTE,31016,CORAÇÃO DE JESUS,316265,3162658,SAO JOAO DO PACUI
SUDESTE,MG,3108,NORTE,31059,SALINAS TAIOBEIRAS,316270,3162708,SAO JOAO DO PARAISO
SUDESTE,MG,3106,LESTE,31060,SANTA MARIA DO SUAÇUÍ SÃO JOÃO EVANGELISTA,316280,3162807,SAO JOAO EVANGELISTA
SUDESTE,MG,3107,SUDESTE,31064,SÃO JOÃO NEPOMUCENO BICAS,316290,3162906,SAO JOAO NEPOMUCENO
SUDESTE,MG,3103,CENTRO,31009,BETIM,316292,3162922,SAO JOAQUIM DE BICAS
SUDESTE,MG,3101,SUL,31050,PASSOS PIUMHI,316294,3162948,SAO JOSE DA BARRA
SUDESTE,MG,3103,CENTRO,31076,VESPASIANO,316295,3162955,SAO JOSE DA LAPA
SUDESTE,MG,3106,LESTE,31024,GOVERNADOR VALADARES,316300,3163003,SAO JOSE DA SAFIRA
SUDESTE,MG,3105,OESTE,31049,PARÁ DE MINAS,316310,3163102,SAO JOSE DA VARGINHA
SUDESTE,MG,3101,SUL,31029,ITAJUBÁ,316320,3163201,SAO JOSE DO ALEGRE
SUDESTE,MG,3111,NORDESTE,31068,TEÓFILO OTONI MALACACHETA ITAMBACURI,316330,3163300,SAO JOSE DO DIVINO
SUDESTE,MG,3110,LESTE DO SUL,31056,PONTE NOVA,316340,3163409,SAO JOSE DO GOIABAL
SUDESTE,MG,3106,LESTE,31060,SANTA MARIA DO SUAÇUÍ SÃO JOÃO EVANGELISTA,316350,3163508,SAO JOSE DO JACURI
SUDESTE,MG,3110,LESTE DO SUL,31041,MANHUAÇU,316360,3163607,SAO JOSE DO MANTIMENTO
SUDESTE,MG,3101,SUL,31065,SÃO LOURENÇO,316370,3163706,SAO LOURENCO
SUDESTE,MG,3110,LESTE DO SUL,31077,VIÇOSA,316380,3163805,SAO MIGUEL DO ANTA
SUDESTE,MG,3101,SUL,31026,GUAXUPÉ,316390,3163904,SAO PEDRO DA UNIAO
SUDESTE,MG,3110,LESTE DO SUL,31056,PONTE NOVA,316400,3164001,SAO PEDRO DOS FERROS
SUDESTE,MG,3106,LESTE,31060,SANTA MARIA DO SUAÇUÍ SÃO JOÃO EVANGELISTA,316410,3164100,SAO PEDRO DO SUACUI
SUDESTE,MG,3108,NORTE,31011,BRASÍLIA DE MINAS SÃO FRANCISCO,316420,3164209,SAO ROMAO
SUDESTE,MG,3101,SUL,31050,PASSOS PIUMHI,316430,3164308,SAO ROQUE DE MINAS
SUDESTE,MG,3101,SUL,31057,POUSO ALEGRE,316440,3164407,SAO SEBASTIAO DA BELA VISTA
SUDESTE,MG,3107,SUDESTE,31045,MURIAÉ,316443,3164431,SAO SEBASTIAO DA VARGEM ALEGRE
SUDESTE,MG,3114,VALE DO ACO,31013,CARATINGA,316447,3164472,SAO SEBASTIAO DO ANTA
SUDESTE,MG,3106,LESTE,31060,SANTA MARIA DO SUAÇUÍ SÃO JOÃO EVANGELISTA,316450,3164506,SAO SEBASTIAO DO MARANHAO
SUDESTE,MG,3105,OESTE,31020,DIVINÓPOLIS SANTO ANTÔNIO DO MONTE,316460,3164605,SAO SEBASTIAO DO OESTE
SUDESTE,MG,3101,SUL,31066,SÃO SEBASTIÃO DO PARAÍSO,316470,3164704,SAO SEBASTIAO DO PARAISO
SUDESTE,MG,3103,CENTRO,31028,ITABIRA,316480,3164803,SAO SEBASTIAO DO RIO PRETO
SUDESTE,MG,3101,SUL,31065,SÃO LOURENÇO,316490,3164902,SAO SEBASTIAO DO RIO VERDE
SUDESTE,MG,3102,CENTRO SUL,31063,SÃO JOÃO DEL REI,316500,3165008,SAO TIAGO
SUDESTE,MG,3101,SUL,31066,SÃO SEBASTIÃO DO PARAÍSO,316510,3165107,SAO TOMAS DE AQUINO
SUDESTE,MG,3101,SUL,31069,TRÊS CORAÇÕES,316520,3165206,SAO THOME DAS LETRAS
SUDESTE,MG,3102,CENTRO SUL,31063,SÃO JOÃO DEL REI,316530,3165305,SAO VICENTE DE MINAS
SUDESTE,MG,3101,SUL,31029,ITAJUBÁ,316540,3165404,SAPUCAI-MIRIM
SUDESTE,MG,3106,LESTE,31024,GOVERNADOR VALADARES,316550,3165503,SARDOA
SUDESTE,MG,3103,CENTRO,31015,CONTAGEM,316553,3165537,SARZEDO
SUDESTE,MG,3111,NORDESTE,31068,TEÓFILO OTONI MALACACHETA ITAMBACURI,316555,3165552,SETUBINHA
SUDESTE,MG,3110,LESTE DO SUL,31056,PONTE NOVA,316556,3165560,SEM-PEIXE
SUDESTE,MG,3101,SUL,31057,POUSO ALEGRE,316557,3165578,SENADOR AMARAL
SUDESTE,MG,3107,SUDESTE,31064,SÃO JOÃO NEPOMUCENO BICAS,316560,3165602,SENADOR CORTES
SUDESTE,MG,3107,SUDESTE,31071,UBÁ,316570,3165701,SENADOR FIRMINO
SUDESTE,MG,3101,SUL,31057,POUSO ALEGRE,316580,3165800,SENADOR JOSE BENTO
SUDESTE,MG,3104,JEQUITINHONHA,31019,DIAMANTINA,316590,3165909,SENADOR MODESTINO GONCALVES
SUDESTE,MG,3102,CENTRO SUL,31014,CONSELHEIRO LAFAIETE CONGONHAS,316600,3166006,SENHORA DE OLIVEIRA
SUDESTE,MG,3103,CENTRO,31025,GUANHÃES,316610,3166105,SENHORA DO PORTO
SUDESTE,MG,3102,CENTRO SUL,31007,BARBACENA,316620,3166204,SENHORA DOS REMEDIOS
SUDESTE,MG,3110,LESTE DO SUL,31056,PONTE NOVA,316630,3166303,SERICITA
SUDESTE,MG,3101,SUL,31065,SÃO LOURENÇO,316640,3166402,SERITINGA
SUDESTE,MG,3104,JEQUITINHONHA,31025,GUANHÃES,316650,3166501,SERRA AZUL DE MINAS
SUDESTE,MG,3105,OESTE,31010,BOM DESPACHO,316660,3166600,SERRA DA SAUDADE
SUDESTE,MG,3111,NORDESTE,31046,NANUQUE,316670,3166709,SERRA DOS AIMORES
SUDESTE,MG,3109,NOROESTE,31051,PATOS DE MINAS,316680,3166808,SERRA DO SALITRE
SUDESTE,MG,3101,SUL,31003,ALFENAS MACHADO,316690,3166907,SERRANIA
SUDESTE,MG,3108,NORTE,31033,JANAÚBA MONTE AZUL,316695,3166956,SERRANOPOLIS DE MINAS
SUDESTE,MG,3101,SUL,31065,SÃO LOURENÇO,316700,3167004,SERRANOS
SUDESTE,MG,3104,JEQUITINHONHA,31019,DIAMANTINA,316710,3167103,SERRO
SUDESTE,MG,3103,CENTRO,31067,SETE LAGOAS,316720,3167202,SETE LAGOAS
SUDESTE,MG,3107,SUDESTE,31071,UBÁ,316730,3167301,SILVEIRANIA
SUDESTE,MG,3101,SUL,31057,POUSO ALEGRE,316740,3167400,SILVIANOPOLIS
SUDESTE,MG,3107,SUDESTE,31037,JUIZ DE FORA LIMA DUARTE BOM JARDIM MINAS,316750,3167509,SIMAO PEREIRA
SUDESTE,MG,3110,LESTE DO SUL,31041,MANHUAÇU,316760,3167608,SIMONESIA
SUDESTE,MG,3106,LESTE,31024,GOVERNADOR VALADARES,316770,3167707,SOBRALIA
SUDESTE,MG,3101,SUL,31065,SÃO LOURENÇO,316780,3167806,SOLEDADE DE MINAS
SUDESTE,MG,3107,SUDESTE,31071,UBÁ,316790,3167905,TABULEIRO
SUDESTE,MG,3108,NORTE,31059,SALINAS TAIOBEIRAS,316800,3168002,TAIOBEIRAS
SUDESTE,MG,3110,LESTE DO SUL,31041,MANHUAÇU,316805,3168051,TAPARUBA
SUDESTE,MG,3112,TRIANGULO DO SUL,31006,ARAXÁ,316810,3168101,TAPIRA
SUDESTE,MG,3105,OESTE,31021,FORMIGA,316820,3168200,TAPIRAI
SUDESTE,MG,3103,CENTRO,31008,BELO HORIZONTE NOVA LIMA CAETÉ,316830,3168309,TAQUARACU DE MINAS
SUDESTE,MG,3106,LESTE,31024,GOVERNADOR VALADARES,316840,3168408,TARUMIRIM
SUDESTE,MG,3110,LESTE DO SUL,31077,VIÇOSA,316850,3168507,TEIXEIRAS
SUDESTE,MG,3111,NORDESTE,31068,TEÓFILO OTONI MALACACHETA ITAMBACURI,316860,3168606,TEOFILO OTONI
SUDESTE,MG,3114,VALE DO ACO,31017,CORONEL FABRICIANO TIMÓTEO,316870,3168705,TIMOTEO
SUDESTE,MG,3102,CENTRO SUL,31063,SÃO JOÃO DEL REI,316880,3168804,TIRADENTES
SUDESTE,MG,3109,NOROESTE,31051,PATOS DE MINAS,316890,3168903,TIROS
SUDESTE,MG,3107,SUDESTE,31071,UBÁ,316900,3169000,TOCANTINS
SUDESTE,MG,3101,SUL,31057,POUSO ALEGRE,316905,3169059,TOCOS DO MOJI
SUDESTE,MG,3101,SUL,31057,POUSO ALEGRE,316910,3169109,TOLEDO
SUDESTE,MG,3107,SUDESTE,31012,CARANGOLA,316920,3169208,TOMBOS
SUDESTE,MG,3101,SUL,31069,TRÊS CORAÇÕES,316930,3169307,TRES CORACOES
SUDESTE,MG,3103,CENTRO,31018,CURVELO,316935,3169356,TRES MARIAS
SUDESTE,MG,3101,SUL,31070,TRÊS PONTAS,316940,3169406,TRES PONTAS
SUDESTE,MG,3106,LESTE,31024,GOVERNADOR VALADARES,316950,3169505,TUMIRITINGA
SUDESTE,MG,3113,TRIANGULO DO NORTE,31073,UBERLÂNDIA ARAGUARI,316960,3169604,TUPACIGUARA
SUDESTE,MG,3104,JEQUITINHONHA,31043,MINAS NOVAS TURMALINA CAPELINHA,316970,3169703,TURMALINA
SUDESTE,MG,3101,SUL,31057,POUSO ALEGRE,316980,3169802,TURVOLANDIA
SUDESTE,MG,3107,SUDESTE,31071,UBÁ,316990,3169901,UBA
SUDESTE,MG,3108,NORTE,31011,BRASÍLIA DE MINAS SÃO FRANCISCO,317000,3170008,UBAI
SUDESTE,MG,3114,VALE DO ACO,31013,CARATINGA,317005,3170057,UBAPORANGA
SUDESTE,MG,3112,TRIANGULO DO SUL,31072,UBERABA,317010,3170107,UBERABA
SUDESTE,MG,3113,TRIANGULO DO NORTE,31073,UBERLÂNDIA ARAGUARI,317020,3170206,UBERLANDIA
SUDESTE,MG,3111,NORDESTE,31001,ÁGUAS FORMOSAS,317030,3170305,UMBURATIBA
SUDESTE,MG,3109,NOROESTE,31074,UNAÍ,317040,3170404,UNAI
SUDESTE,MG,3112,TRIANGULO DO SUL,31023,FRUTAL ITURAMA,317043,3170438,UNIAO DE MINAS
SUDESTE,MG,3109,NOROESTE,31074,UNAÍ,317047,3170479,URUANA DE MINAS
SUDESTE,MG,3110,LESTE DO SUL,31056,PONTE NOVA,317050,3170503,URUCANIA
SUDESTE,MG,3108,NORTE,31011,BRASÍLIA DE MINAS SÃO FRANCISCO,317052,3170529,URUCUIA
SUDESTE,MG,3114,VALE DO ACO,31013,CARATINGA,317057,3170578,VARGEM ALEGRE
SUDESTE,MG,3101,SUL,31050,PASSOS PIUMHI,317060,3170602,VARGEM BONITA
SUDESTE,MG,3108,NORTE,31059,SALINAS TAIOBEIRAS,317065,3170651,VARGEM GRANDE DO RIO PARDO
SUDESTE,MG,3101,SUL,31075,VARGINHA,317070,3170701,VARGINHA
SUDESTE,MG,3109,NOROESTE,31051,PATOS DE MINAS,317075,3170750,VARJAO DE MINAS
SUDESTE,MG,3108,NORTE,31054,PIRAPORA,317080,3170800,VARZEA DA PALMA
SUDESTE,MG,3108,NORTE,31011,BRASÍLIA DE MINAS SÃO FRANCISCO,317090,3170909,VARZELANDIA
SUDESTE,MG,3109,NOROESTE,31051,PATOS DE MINAS,317100,3171006,VAZANTE
SUDESTE,MG,3108,NORTE,31033,JANAÚBA MONTE AZUL,317103,3171030,VERDELANDIA
SUDESTE,MG,3104,JEQUITINHONHA,31043,MINAS NOVAS TURMALINA CAPELINHA,317107,3171071,VEREDINHA
SUDESTE,MG,3112,TRIANGULO DO SUL,31072,UBERABA,317110,3171105,VERISSIMO
SUDESTE,MG,3114,VALE DO ACO,31013,CARATINGA,317115,3171154,VERMELHO NOVO
SUDESTE,MG,3103,CENTRO,31076,VESPASIANO,317120,3171204,VESPASIANO
SUDESTE,MG,3110,LESTE DO SUL,31077,VIÇOSA,317130,3171303,VICOSA
SUDESTE,MG,3107,SUDESTE,31045,MURIAÉ,317140,3171402,VIEIRAS
SUDESTE,MG,3106,LESTE,31024,GOVERNADOR VALADARES,317150,3171501,MATHIAS LOBATO
SUDESTE,MG,3104,JEQUITINHONHA,31005,ARAÇUAÍ,317160,3171600,VIRGEM DA LAPA
SUDESTE,MG,3101,SUL,31065,SÃO LOURENÇO,317170,3171709,VIRGINIA
SUDESTE,MG,3103,CENTRO,31025,GUANHÃES,317180,3171808,VIRGINOPOLIS
SUDESTE,MG,3106,LESTE,31024,GOVERNADOR VALADARES,317190,3171907,VIRGOLANDIA
SUDESTE,MG,3107,SUDESTE,31071,UBÁ,317200,3172004,VISCONDE DO RIO BRANCO
SUDESTE,MG,3107,SUDESTE,31002,ALÉM PARAÍBA,317210,3172103,VOLTA GRANDE
SUDESTE,MG,3101,SUL,31029,ITAJUBÁ,317220,3172202,WENCESLAU BRAZ
SUDESTE,ES,3207,METROPOLITANA,32002,METROPOLITANA,320010,3200102,AFONSO CLAUDIO
SUDESTE,ES,3208,CENTRAL,32001,CENTRAL,320013,3200136,AGUIA BRANCA
SUDESTE,ES,3206,NORTE,32003,NORTE,320016,3200169,AGUA DOCE DO NORTE
SUDESTE,ES,3205,SUL,32004,SUL,320020,3200201,ALEGRE
SUDESTE,ES,3205,SUL,32004,SUL,320030,3200300,ALFREDO CHAVES
SUDESTE,ES,3208,CENTRAL,32001,CENTRAL,320035,3200359,ALTO RIO NOVO
SUDESTE,ES,3205,SUL,32004,SUL,320040,3200409,ANCHIETA
SUDESTE,ES,3205,SUL,32004,SUL,320050,3200508,APIACA
SUDESTE,ES,3208,CENTRAL,32001,CENTRAL,320060,3200607,ARACRUZ
SUDESTE,ES,3205,SUL,32004,SUL,320070,3200706,ATILIO VIVACQUA
SUDESTE,ES,3208,CENTRAL,32001,CENTRAL,320080,3200805,BAIXO GUANDU
SUDESTE,ES,3206,NORTE,32003,NORTE,320090,3200904,BARRA DE SAO FRANCISCO
SUDESTE,ES,3206,NORTE,32003,NORTE,320100,3201001,BOA ESPERANCA
SUDESTE,ES,3205,SUL,32004,SUL,320110,3201100,BOM JESUS DO NORTE
SUDESTE,ES,3207,METROPOLITANA,32002,METROPOLITANA,320115,3201159,BREJETUBA
SUDESTE,ES,3205,SUL,32004,SUL,320120,3201209,CACHOEIRO DE ITAPEMIRIM
SUDESTE,ES,3207,METROPOLITANA,32002,METROPOLITANA,320130,3201308,CARIACICA
SUDESTE,ES,3205,SUL,32004,SUL,320140,3201407,CASTELO
SUDESTE,ES,3208,CENTRAL,32001,CENTRAL,320150,3201506,COLATINA
SUDESTE,ES,3206,NORTE,32003,NORTE,320160,3201605,CONCEICAO DA BARRA
SUDESTE,ES,3207,METROPOLITANA,32002,METROPOLITANA,320170,3201704,CONCEICAO DO CASTELO
SUDESTE,ES,3205,SUL,32004,SUL,320180,3201803,DIVINO DE SAO LOURENCO
SUDESTE,ES,3207,METROPOLITANA,32002,METROPOLITANA,320190,3201902,DOMINGOS MARTINS
SUDESTE,ES,3205,SUL,32004,SUL,320200,3202009,DORES DO RIO PRETO
SUDESTE,ES,3206,NORTE,32003,NORTE,320210,3202108,ECOPORANGA
SUDESTE,ES,3207,METROPOLITANA,32002,METROPOLITANA,320220,3202207,FUNDAO
SUDESTE,ES,3208,CENTRAL,32001,CENTRAL,320225,3202256,GOVERNADOR LINDENBERG
SUDESTE,ES,3205,SUL,32004,SUL,320230,3202306,GUACUI
SUDESTE,ES,3207,METROPOLITANA,32002,METROPOLITANA,320240,3202405,GUARAPARI
SUDESTE,ES,3207,METROPOLITANA,32002,METROPOLITANA,320245,3202454,IBATIBA
SUDESTE,ES,3208,CENTRAL,32001,CENTRAL,320250,3202504,IBIRACU
SUDESTE,ES,3205,SUL,32004,SUL,320255,3202553,IBITIRAMA
SUDESTE,ES,3205,SUL,32004,SUL,320260,3202603,ICONHA
SUDESTE,ES,3205,SUL,32004,SUL,320265,3202652,IRUPI
SUDESTE,ES,3207,METROPOLITANA,32002,METROPOLITANA,320270,3202702,ITAGUACU
SUDESTE,ES,3205,SUL,32004,SUL,320280,3202801,ITAPEMIRIM
SUDESTE,ES,3207,METROPOLITANA,32002,METROPOLITANA,320290,3202900,ITARANA
SUDESTE,ES,3205,SUL,32004,SUL,320300,3203007,IUNA
SUDESTE,ES,3206,NORTE,32003,NORTE,320305,3203056,JAGUARE
SUDESTE,ES,3205,SUL,32004,SUL,320310,3203106,JERONIMO MONTEIRO
SUDESTE,ES,3208,CENTRAL,32001,CENTRAL,320313,3203130,JOAO NEIVA
SUDESTE,ES,3207,METROPOLITANA,32002,METROPOLITANA,320316,3203163,LARANJA DA TERRA
SUDESTE,ES,3208,CENTRAL,32001,CENTRAL,320320,3203205,LINHARES
SUDESTE,ES,3208,CENTRAL,32001,CENTRAL,320330,3203304,MANTENOPOLIS
SUDESTE,ES,3205,SUL,32004,SUL,320332,3203320,MARATAIZES
SUDESTE,ES,3207,METROPOLITANA,32002,METROPOLITANA,320334,3203346,MARECHAL FLORIANO
SUDESTE,ES,3208,CENTRAL,32001,CENTRAL,320335,3203353,MARILANDIA
SUDESTE,ES,3205,SUL,32004,SUL,320340,3203403,MIMOSO DO SUL
SUDESTE,ES,3206,NORTE,32003,NORTE,320350,3203502,MONTANHA
SUDESTE,ES,3206,NORTE,32003,NORTE,320360,3203601,MUCURICI
SUDESTE,ES,3205,SUL,32004,SUL,320370,3203700,MUNIZ FREIRE
SUDESTE,ES,3205,SUL,32004,SUL,320380,3203809,MUQUI
SUDESTE,ES,3206,NORTE,32003,NORTE,320390,3203908,NOVA VENECIA
SUDESTE,ES,3208,CENTRAL,32001,CENTRAL,320400,3204005,PANCAS
SUDESTE,ES,3206,NORTE,32003,NORTE,320405,3204054,PEDRO CANARIO
SUDESTE,ES,3206,NORTE,32003,NORTE,320410,3204104,PINHEIROS
SUDESTE,ES,3205,SUL,32004,SUL,320420,3204203,PIUMA
SUDESTE,ES,3206,NORTE,32003,NORTE,320425,3204252,PONTO BELO
SUDESTE,ES,3205,SUL,32004,SUL,320430,3204302,PRESIDENTE KENNEDY
SUDESTE,ES,3208,CENTRAL,32001,CENTRAL,320435,3204351,RIO BANANAL
SUDESTE,ES,3205,SUL,32004,SUL,320440,3204401,RIO NOVO DO SUL
SUDESTE,ES,3207,METROPOLITANA,32002,METROPOLITANA,320450,3204500,SANTA LEOPOLDINA
SUDESTE,ES,3207,METROPOLITANA,32002,METROPOLITANA,320455,3204559,SANTA MARIA DE JETIBA
SUDESTE,ES,3207,METROPOLITANA,32002,METROPOLITANA,320460,3204609,SANTA TERESA
SUDESTE,ES,3208,CENTRAL,32001,CENTRAL,320465,3204658,SAO DOMINGOS DO NORTE
SUDESTE,ES,3208,CENTRAL,32001,CENTRAL,320470,3204708,SAO GABRIEL DA PALHA
SUDESTE,ES,3205,SUL,32004,SUL,320480,3204807,SAO JOSE DO CALCADO
SUDESTE,ES,3206,NORTE,32003,NORTE,320490,3204906,SAO MATEUS
SUDESTE,ES,3208,CENTRAL,32001,CENTRAL,320495,3204955,SAO ROQUE DO CANAA
SUDESTE,ES,3207,METROPOLITANA,32002,METROPOLITANA,320500,3205002,SERRA
SUDESTE,ES,3208,CENTRAL,32001,CENTRAL,320501,3205010,SOORETAMA
SUDESTE,ES,3205,SUL,32004,SUL,320503,3205036,VARGEM ALTA
SUDESTE,ES,3207,METROPOLITANA,32002,METROPOLITANA,320506,3205069,VENDA NOVA DO IMIGRANTE
SUDESTE,ES,3207,METROPOLITANA,32002,METROPOLITANA,320510,3205101,VIANA
SUDESTE,ES,3206,NORTE,32003,NORTE,320515,3205150,VILA PAVAO
SUDESTE,ES,3208,CENTRAL,32001,CENTRAL,320517,3205176,VILA VALERIO
SUDESTE,ES,3207,METROPOLITANA,32002,METROPOLITANA,320520,3205200,VILA VELHA
SUDESTE,ES,3207,METROPOLITANA,32002,METROPOLITANA,320530,3205309,VITORIA
SUDESTE,RJ,3312,MACRORREGIAO I,33001,BAIA DA ILHA GRANDE,330010,3300100,ANGRA DOS REIS
SUDESTE,RJ,3310,MACRORREGIAO III,33007,NOROESTE,330015,3300159,APERIBE
SUDESTE,RJ,3310,MACRORREGIAO III,33002,BAIXADA LITORÂNEA,330020,3300209,ARARUAMA
SUDESTE,RJ,3312,MACRORREGIAO I,33003,CENTRO-SUL,330022,3300225,AREAL
SUDESTE,RJ,3310,MACRORREGIAO III,33002,BAIXADA LITORÂNEA,330023,3300233,ARMACAO DOS BUZIOS
SUDESTE,RJ,3310,MACRORREGIAO III,33002,BAIXADA LITORÂNEA,330025,3300258,ARRAIAL DO CABO
SUDESTE,RJ,3312,MACRORREGIAO I,33004,MÉDIO PARAÍBA,330030,3300308,BARRA DO PIRAI
SUDESTE,RJ,3312,MACRORREGIAO I,33004,MÉDIO PARAÍBA,330040,3300407,BARRA MANSA
SUDESTE,RJ,3311,MACRORREGIAO II,33005,METROPOLITANA I,330045,3300456,BELFORD ROXO
SUDESTE,RJ,3311,MACRORREGIAO II,33009,SERRANA,330050,3300506,BOM JARDIM
SUDESTE,RJ,3310,MACRORREGIAO III,33007,NOROESTE,330060,3300605,BOM JESUS DO ITABAPOANA
SUDESTE,RJ,3310,MACRORREGIAO III,33002,BAIXADA LITORÂNEA,330070,3300704,CABO FRIO
SUDESTE,RJ,3311,MACRORREGIAO II,33009,SERRANA,330080,3300803,CACHOEIRAS DE MACACU
SUDESTE,RJ,3310,MACRORREGIAO III,33007,NOROESTE,330090,3300902,CAMBUCI
SUDESTE,RJ,3310,MACRORREGIAO III,33008,NORTE,330093,3300936,CARAPEBUS
SUDESTE,RJ,3312,MACRORREGIAO I,33003,CENTRO-SUL,330095,3300951,COMENDADOR LEVY GASPARIAN
SUDESTE,RJ,3310,MACRORREGIAO III,33008,NORTE,330100,3301009,CAMPOS DOS GOYTACAZES
SUDESTE,RJ,3311,MACRORREGIAO II,33009,SERRANA,330110,3301108,CANTAGALO
SUDESTE,RJ,3310,MACRORREGIAO III,33007,NOROESTE,330115,3301157,CARDOSO MOREIRA
SUDESTE,RJ,3311,MACRORREGIAO II,33009,SERRANA,330120,3301207,CARMO
SUDESTE,RJ,3310,MACRORREGIAO III,33002,BAIXADA LITORÂNEA,330130,3301306,CASIMIRO DE ABREU
SUDESTE,RJ,3310,MACRORREGIAO III,33008,NORTE,330140,3301405,CONCEICAO DE MACABU
SUDESTE,RJ,3311,MACRORREGIAO II,33009,SERRANA,330150,3301504,CORDEIRO
SUDESTE,RJ,3311,MACRORREGIAO II,33009,SERRANA,330160,3301603,DUAS BARRAS
SUDESTE,RJ,3311,MACRORREGIAO II,33005,METROPOLITANA I,330170,3301702,DUQUE DE CAXIAS
SUDESTE,RJ,3312,MACRORREGIAO I,33003,CENTRO-SUL,330180,3301801,ENGENHEIRO PAULO DE FRONTIN
SUDESTE,RJ,3311,MACRORREGIAO II,33009,SERRANA,330185,3301850,GUAPIMIRIM
SUDESTE,RJ,3310,MACRORREGIAO III,33002,BAIXADA LITORÂNEA,330187,3301876,IGUABA GRANDE
SUDESTE,RJ,3311,MACRORREGIAO II,33006,METROPOLITANA II,330190,3301900,ITABORAI
SUDESTE,RJ,3311,MACRORREGIAO II,33005,METROPOLITANA I,330200,3302007,ITAGUAI
SUDESTE,RJ,3310,MACRORREGIAO III,33007,NOROESTE,330205,3302056,ITALVA
SUDESTE,RJ,3310,MACRORREGIAO III,33007,NOROESTE,330210,3302106,ITAOCARA
SUDESTE,RJ,3310,MACRORREGIAO III,33007,NOROESTE,330220,3302205,ITAPERUNA
SUDESTE,RJ,3312,MACRORREGIAO I,33004,MÉDIO PARAÍBA,330225,3302254,ITATIAIA
SUDESTE,RJ,3311,MACRORREGIAO II,33005,METROPOLITANA I,330227,3302270,JAPERI
SUDESTE,RJ,3310,MACRORREGIAO III,33007,NOROESTE,330230,3302304,LAJE DO MURIAE
SUDESTE,RJ,3310,MACRORREGIAO III,33008,NORTE,330240,3302403,MACAE
SUDESTE,RJ,3311,MACRORREGIAO II,33009,SERRANA,330245,3302452,MACUCO
SUDESTE,RJ,3311,MACRORREGIAO II,33005,METROPOLITANA I,330250,3302502,MAGE
SUDESTE,RJ,3312,MACRORREGIAO I,33001,BAIA DA ILHA GRANDE,330260,3302601,MANGARATIBA
SUDESTE,RJ,3311,MACRORREGIAO II,33006,METROPOLITANA II,330270,3302700,MARICA
SUDESTE,RJ,3312,MACRORREGIAO I,33003,CENTRO-SUL,330280,3302809,MENDES
SUDESTE,RJ,3311,MACRORREGIAO II,33005,METROPOLITANA I,330285,3302858,MESQUITA
SUDESTE,RJ,3312,MACRORREGIAO I,33003,CENTRO-SUL,330290,3302908,MIGUEL PEREIRA
SUDESTE,RJ,3310,MACRORREGIAO III,33007,NOROESTE,330300,3303005,MIRACEMA
SUDESTE,RJ,3310,MACRORREGIAO III,33007,NOROESTE,330310,3303104,NATIVIDADE
SUDESTE,RJ,3311,MACRORREGIAO II,33005,METROPOLITANA I,330320,3303203,NILOPOLIS
SUDESTE,RJ,3311,MACRORREGIAO II,33006,METROPOLITANA II,330330,3303302,NITEROI
SUDESTE,RJ,3311,MACRORREGIAO II,33009,SERRANA,330340,3303401,NOVA FRIBURGO
SUDESTE,RJ,3311,MACRORREGIAO II,33005,METROPOLITANA I,330350,3303500,NOVA IGUACU
SUDESTE,RJ,3312,MACRORREGIAO I,33003,CENTRO-SUL,330360,3303609,PARACAMBI
SUDESTE,RJ,3312,MACRORREGIAO I,33003,CENTRO-SUL,330370,3303708,PARAIBA DO SUL
SUDESTE,RJ,3312,MACRORREGIAO I,33001,BAIA DA ILHA GRANDE,330380,3303807,PARATY
SUDESTE,RJ,3312,MACRORREGIAO I,33003,CENTRO-SUL,330385,3303856,PATY DO ALFERES
SUDESTE,RJ,3311,MACRORREGIAO II,33009,SERRANA,330390,3303906,PETROPOLIS
SUDESTE,RJ,3312,MACRORREGIAO I,33004,MÉDIO PARAÍBA,330395,3303955,PINHEIRAL
SUDESTE,RJ,3312,MACRORREGIAO I,33004,MÉDIO PARAÍBA,330400,3304003,PIRAI
SUDESTE,RJ,3310,MACRORREGIAO III,33007,NOROESTE,330410,3304102,PORCIUNCULA
SUDESTE,RJ,3312,MACRORREGIAO I,33004,MÉDIO PARAÍBA,330411,3304110,PORTO REAL
SUDESTE,RJ,3312,MACRORREGIAO I,33004,MÉDIO PARAÍBA,330412,3304128,QUATIS
SUDESTE,RJ,3311,MACRORREGIAO II,33005,METROPOLITANA I,330414,3304144,QUEIMADOS
SUDESTE,RJ,3310,MACRORREGIAO III,33008,NORTE,330415,3304151,QUISSAMA
SUDESTE,RJ,3312,MACRORREGIAO I,33004,MÉDIO PARAÍBA,330420,3304201,RESENDE
SUDESTE,RJ,3311,MACRORREGIAO II,33006,METROPOLITANA II,330430,3304300,RIO BONITO
SUDESTE,RJ,3312,MACRORREGIAO I,33004,MÉDIO PARAÍBA,330440,3304409,RIO CLARO
SUDESTE,RJ,3312,MACRORREGIAO I,33004,MÉDIO PARAÍBA,330450,3304508,RIO DAS FLORES
SUDESTE,RJ,3310,MACRORREGIAO III,33002,BAIXADA LITORÂNEA,330452,3304524,RIO DAS OSTRAS
SUDESTE,RJ,3311,MACRORREGIAO II,33005,METROPOLITANA I,330455,3304557,RIO DE JANEIRO
SUDESTE,RJ,3311,MACRORREGIAO II,33009,SERRANA,330460,3304607,SANTA MARIA MADALENA
SUDESTE,RJ,3310,MACRORREGIAO III,33007,NOROESTE,330470,3304706,SANTO ANTONIO DE PADUA
SUDESTE,RJ,3310,MACRORREGIAO III,33008,NORTE,330475,3304755,SAO FRANCISCO DE ITABAPOANA
SUDESTE,RJ,3310,MACRORREGIAO III,33008,NORTE,330480,3304805,SAO FIDELIS
SUDESTE,RJ,3311,MACRORREGIAO II,33006,METROPOLITANA II,330490,3304904,SAO GONCALO
SUDESTE,RJ,3310,MACRORREGIAO III,33008,NORTE,330500,3305000,SAO JOAO DA BARRA
SUDESTE,RJ,3311,MACRORREGIAO II,33005,METROPOLITANA I,330510,3305109,SAO JOAO DE MERITI
SUDESTE,RJ,3310,MACRORREGIAO III,33007,NOROESTE,330513,3305133,SAO JOSE DE UBA
SUDESTE,RJ,3311,MACRORREGIAO II,33009,SERRANA,330515,3305158,SAO JOSE DO VALE DO RIO PRETO
SUDESTE,RJ,3310,MACRORREGIAO III,33002,BAIXADA LITORÂNEA,330520,3305208,SAO PEDRO DA ALDEIA
SUDESTE,RJ,3311,MACRORREGIAO II,33009,SERRANA,330530,3305307,SAO SEBASTIAO DO ALTO
SUDESTE,RJ,3312,MACRORREGIAO I,33003,CENTRO-SUL,330540,3305406,SAPUCAIA
SUDESTE,RJ,3310,MACRORREGIAO III,33002,BAIXADA LITORÂNEA,330550,3305505,SAQUAREMA
SUDESTE,RJ,3311,MACRORREGIAO II,33005,METROPOLITANA I,330555,3305554,SEROPEDICA
SUDESTE,RJ,3311,MACRORREGIAO II,33006,METROPOLITANA II,330560,3305604,SILVA JARDIM
SUDESTE,RJ,3311,MACRORREGIAO II,33009,SERRANA,330570,3305703,SUMIDOURO
SUDESTE,RJ,3311,MACRORREGIAO II,33006,METROPOLITANA II,330575,3305752,TANGUA
SUDESTE,RJ,3311,MACRORREGIAO II,33009,SERRANA,330580,3305802,TERESOPOLIS
SUDESTE,RJ,3311,MACRORREGIAO II,33009,SERRANA,330590,3305901,TRAJANO DE MORAES
SUDESTE,RJ,3312,MACRORREGIAO I,33003,CENTRO-SUL,330600,3306008,TRES RIOS
SUDESTE,RJ,3312,MACRORREGIAO I,33004,MÉDIO PARAÍBA,330610,3306107,VALENCA
SUDESTE,RJ,3310,MACRORREGIAO III,33007,NOROESTE,330615,3306156,VARRE-SAI
SUDESTE,RJ,3312,MACRORREGIAO I,33003,CENTRO-SUL,330620,3306206,VASSOURAS
SUDESTE,RJ,3312,MACRORREGIAO I,33004,MÉDIO PARAÍBA,330630,3306305,VOLTA REDONDA
SUDESTE,SP,3533,RRAS10,35091,ADAMANTINA,350010,3500105,ADAMANTINA
SUDESTE,SP,3531,RRAS12,35156,JOSÉ BONIFÁCIO,350020,3500204,ADOLFO
SUDESTE,SP,3528,RRAS15,35142,MANTIQUEIRA,350030,3500303,AGUAI
SUDESTE,SP,3528,RRAS15,35142,MANTIQUEIRA,350040,3500402,AGUAS DA PRATA
SUDESTE,SP,3528,RRAS15,35074,CIRCUITO DAS ÁGUAS,350050,3500501,AGUAS DE LINDOIA
SUDESTE,SP,3518,RRAS9,35061,VALE DO JURUMIRIM,350055,3500550,AGUAS DE SANTA BARBARA
SUDESTE,SP,3529,RRAS14,35103,PIRACICABA,350060,3500600,AGUAS DE SAO PEDRO
SUDESTE,SP,3518,RRAS9,35062,BAURU,350070,3500709,AGUDOS
SUDESTE,SP,3519,RRAS8,35161,ITAPETININGA,350075,3500758,ALAMBARI
SUDESTE,SP,3532,RRAS11,35112,ALTA SOROCABANA,350080,3500808,ALFREDO MARCONDES
SUDESTE,SP,3530,RRAS13,35051,NORTE - BARRETOS,350090,3500907,ALTAIR
SUDESTE,SP,3530,RRAS13,35133,VALE DAS CACHOEIRAS,350100,3501004,ALTINOPOLIS
SUDESTE,SP,3531,RRAS12,35023,CONSÓRCIOS DO DRS II,350110,3501103,ALTO ALEGRE
SUDESTE,SP,3519,RRAS8,35163,SOROCABA,350115,3501152,ALUMINIO
SUDESTE,SP,3531,RRAS12,35157,VOTUPORANGA,350120,3501202,ALVARES FLORENCE
SUDESTE,SP,3532,RRAS11,35112,ALTA SOROCABANA,350130,3501301,ALVARES MACHADO
SUDESTE,SP,3533,RRAS10,35093,MARÍLIA,350140,3501400,ALVARO DE CARVALHO
SUDESTE,SP,3533,RRAS10,35093,MARÍLIA,350150,3501509,ALVINLANDIA
SUDESTE,SP,3528,RRAS15,35072,REGIÃO METROPOLITANA DE CAMPINAS,350160,3501608,AMERICANA
SUDESTE,SP,3530,RRAS13,35031,CENTRAL DO DRS III,350170,3501707,AMERICO BRASILIENSE
SUDESTE,SP,3531,RRAS12,35157,VOTUPORANGA,350180,3501806,AMERICO DE CAMPOS
SUDESTE,SP,3528,RRAS15,35074,CIRCUITO DAS ÁGUAS,350190,3501905,AMPARO
SUDESTE,SP,3529,RRAS14,35104,RIO CLARO,350200,3502002,ANALANDIA
SUDESTE,SP,3531,RRAS12,35022,LAGOS DO DRS II,350210,3502101,ANDRADINA
SUDESTE,SP,3519,RRAS8,35161,ITAPETININGA,350220,3502200,ANGATUBA
SUDESTE,SP,3518,RRAS9,35063,POLO CUESTA,350230,3502309,ANHEMBI
SUDESTE,SP,3532,RRAS11,35112,ALTA SOROCABANA,350240,3502408,ANHUMAS
SUDESTE,SP,3526,RRAS17,35172,CIRCUITO DA FÉ E VALE HISTÓRICO,350250,3502507,APARECIDA
SUDESTE,SP,3531,RRAS12,35153,JALES,350260,3502606,APARECIDA D'OESTE
SUDESTE,SP,3519,RRAS8,35162,ITAPEVA,350270,3502705,APIAI
SUDESTE,SP,3519,RRAS8,35163,SOROCABA,350275,3502754,ARACARIGUAMA
SUDESTE,SP,3531,RRAS12,35021,CENTRAL DO DRS II,350280,3502804,ARACATUBA
SUDESTE,SP,3519,RRAS8,35163,SOROCABA,350290,3502903,ARACOIABA DA SERRA
SUDESTE,SP,3530,RRAS13,35083,ALTA MOGIANA,350300,3503000,ARAMINA
SUDESTE,SP,3518,RRAS9,35061,VALE DO JURUMIRIM,350310,3503109,ARANDU
SUDESTE,SP,3526,RRAS17,35172,CIRCUITO DA FÉ E VALE HISTÓRICO,350315,3503158,ARAPEI
SUDESTE,SP,3530,RRAS13,35031,CENTRAL DO DRS III,350320,3503208,ARARAQUARA
SUDESTE,SP,3529,RRAS14,35101,ARARAS,350330,3503307,ARARAS
SUDESTE,SP,3533,RRAS10,35095,TUPÃ,350335,3503356,ARCO-IRIS
SUDESTE,SP,3518,RRAS9,35062,BAURU,350340,3503406,AREALVA
SUDESTE,SP,3526,RRAS17,35172,CIRCUITO DA FÉ E VALE HISTÓRICO,350350,3503505,AREIAS
SUDESTE,SP,3518,RRAS9,35063,POLO CUESTA,350360,3503604,AREIOPOLIS
SUDESTE,SP,3531,RRAS12,35151,CATANDUVA,350370,3503703,ARIRANHA
SUDESTE,SP,3528,RRAS15,35072,REGIÃO METROPOLITANA DE CAMPINAS,350380,3503802,ARTUR NOGUEIRA
SUDESTE,SP,3525,RRAS2,35011,ALTO DO TIETÊ,350390,3503901,ARUJA
SUDESTE,SP,3531,RRAS12,35153,JALES,350395,3503950,ASPASIA
SUDESTE,SP,3533,RRAS10,35092,ASSIS,350400,3504008,ASSIS
SUDESTE,SP,3527,RRAS16,35071,BRAGANÇA,350410,3504107,ATIBAIA
SUDESTE,SP,3531,RRAS12,35021,CENTRAL DO DRS II,350420,3504206,AURIFLAMA
SUDESTE,SP,3518,RRAS9,35062,BAURU,350430,3504305,AVAI
SUDESTE,SP,3531,RRAS12,35023,CONSÓRCIOS DO DRS II,350440,3504404,AVANHANDAVA
SUDESTE,SP,3518,RRAS9,35061,VALE DO JURUMIRIM,350450,3504503,AVARE
SUDESTE,SP,3531,RRAS12,35155,SÃO JOSÉ DO RIO PRETO,350460,3504602,BADY BASSITT
SUDESTE,SP,3518,RRAS9,35062,BAURU,350470,3504701,BALBINOS
SUDESTE,SP,3531,RRAS12,35155,SÃO JOSÉ DO RIO PRETO,350480,3504800,BALSAMO
SUDESTE,SP,3526,RRAS17,35172,CIRCUITO DA FÉ E VALE HISTÓRICO,350490,3504909,BANANAL
SUDESTE,SP,3518,RRAS9,35061,VALE DO JURUMIRIM,350500,3505005,BARAO DE ANTONINA
SUDESTE,SP,3531,RRAS12,35023,CONSÓRCIOS DO DRS II,350510,3505104,BARBOSA
SUDESTE,SP,3518,RRAS9,35064,JAÚ,350520,3505203,BARIRI
SUDESTE,SP,3518,RRAS9,35064,JAÚ,350530,3505302,BARRA BONITA
SUDESTE,SP,3519,RRAS8,35162,ITAPEVA,350535,3505351,BARRA DO CHAPEU
SUDESTE,SP,3520,RRAS7,35121,VALE DO RIBEIRA,350540,3505401,BARRA DO TURVO
SUDESTE,SP,3530,RRAS13,35051,NORTE - BARRETOS,350550,3505500,BARRETOS
SUDESTE,SP,3530,RRAS13,35131,HORIZONTE VERDE,350560,3505609,BARRINHA
SUDESTE,SP,3522,RRAS5,35014,ROTA DOS BANDEIRANTES,350570,3505708,BARUERI
SUDESTE,SP,3533,RRAS10,35095,TUPÃ,350580,3505807,BASTOS
SUDESTE,SP,3530,RRAS13,35133,VALE DAS CACHOEIRAS,350590,3505906,BATATAIS
SUDESTE,SP,3518,RRAS9,35062,BAURU,350600,3506003,BAURU
SUDESTE,SP,3530,RRAS13,35052,SUL - BARRETOS,350610,3506102,BEBEDOURO
SUDESTE,SP,3531,RRAS12,35021,CENTRAL DO DRS II,350620,3506201,BENTO DE ABREU
SUDESTE,SP,3533,RRAS10,35094,OURINHOS,350630,3506300,BERNARDINO DE CAMPOS
SUDESTE,SP,3520,RRAS7,35041,BAIXADA SANTISTA,350635,3506359,BERTIOGA
SUDESTE,SP,3531,RRAS12,35021,CENTRAL DO DRS II,350640,3506409,BILAC
SUDESTE,SP,3531,RRAS12,35023,CONSÓRCIOS DO DRS II,350650,3506508,BIRIGUI
SUDESTE,SP,3525,RRAS2,35011,ALTO DO TIETÊ,350660,3506607,BIRITIBA-MIRIM
SUDESTE,SP,3530,RRAS13,35031,CENTRAL DO DRS III,350670,3506706,BOA ESPERANCA DO SUL
SUDESTE,SP,3518,RRAS9,35064,JAÚ,350680,3506805,BOCAINA
SUDESTE,SP,3518,RRAS9,35063,POLO CUESTA,350690,3506904,BOFETE
SUDESTE,SP,3519,RRAS8,35163,SOROCABA,350700,3507001,BOITUVA
SUDESTE,SP,3527,RRAS16,35071,BRAGANÇA,350710,3507100,BOM JESUS DOS PERDOES
SUDESTE,SP,3519,RRAS8,35162,ITAPEVA,350715,3507159,BOM SUCESSO DE ITARARE
SUDESTE,SP,3533,RRAS10,35092,ASSIS,350720,3507209,BORA
SUDESTE,SP,3518,RRAS9,35064,JAÚ,350730,3507308,BORACEIA
SUDESTE,SP,3530,RRAS13,35032,CENTRO OESTE DO DRS III,350740,3507407,BORBOREMA
SUDESTE,SP,3518,RRAS9,35062,BAURU,350745,3507456,BOREBI
SUDESTE,SP,3518,RRAS9,35063,POLO CUESTA,350750,3507506,BOTUCATU
SUDESTE,SP,3527,RRAS16,35071,BRAGANÇA,350760,3507605,BRAGANCA PAULISTA
SUDESTE,SP,3531,RRAS12,35023,CONSÓRCIOS DO DRS II,350770,3507704,BRAUNA
SUDESTE,SP,3531,RRAS12,35023,CONSÓRCIOS DO DRS II,350775,3507753,BREJO ALEGRE
SUDESTE,SP,3530,RRAS13,35133,VALE DAS CACHOEIRAS,350780,3507803,BRODOWSKI
SUDESTE,SP,3518,RRAS9,35064,JAÚ,350790,3507902,BROTAS
SUDESTE,SP,3519,RRAS8,35162,ITAPEVA,350800,3508009,BURI
SUDESTE,SP,3531,RRAS12,35023,CONSÓRCIOS DO DRS II,350810,3508108,BURITAMA
SUDESTE,SP,3530,RRAS13,35083,ALTA MOGIANA,350820,3508207,BURITIZAL
SUDESTE,SP,3518,RRAS9,35062,BAURU,350830,3508306,CABRALIA PAULISTA
SUDESTE,SP,3527,RRAS16,35073,JUNDIAÍ,350840,3508405,CABREUVA
SUDESTE,SP,3526,RRAS17,35171,ALTO VALE DO PARAÍBA,350850,3508504,CACAPAVA
SUDESTE,SP,3526,RRAS17,35172,CIRCUITO DA FÉ E VALE HISTÓRICO,350860,3508603,CACHOEIRA PAULISTA
SUDESTE,SP,3528,RRAS15,35143,RIO PARDO,350870,3508702,CACONDE
SUDESTE,SP,3518,RRAS9,35065,LINS,350880,3508801,CAFELANDIA
SUDESTE,SP,3532,RRAS11,35112,ALTA SOROCABANA,350890,3508900,CAIABU
SUDESTE,SP,3524,RRAS3,35012,FRANCO DA ROCHA,350900,3509007,CAIEIRAS
SUDESTE,SP,3532,RRAS11,35114,EXTREMO OESTE PAULISTA,350910,3509106,CAIUA
SUDESTE,SP,3524,RRAS3,35012,FRANCO DA ROCHA,350920,3509205,CAJAMAR
SUDESTE,SP,3520,RRAS7,35121,VALE DO RIBEIRA,350925,3509254,CAJATI
SUDESTE,SP,3530,RRAS13,35051,NORTE - BARRETOS,350930,3509304,CAJOBI
SUDESTE,SP,3530,RRAS13,35133,VALE DAS CACHOEIRAS,350940,3509403,CAJURU
SUDESTE,SP,3519,RRAS8,35161,ITAPETININGA,350945,3509452,CAMPINA DO MONTE ALEGRE
SUDESTE,SP,3528,RRAS15,35072,REGIÃO METROPOLITANA DE CAMPINAS,350950,3509502,CAMPINAS
SUDESTE,SP,3527,RRAS16,35073,JUNDIAÍ,350960,3509601,CAMPO LIMPO PAULISTA
SUDESTE,SP,3526,RRAS17,35174,VALE DO PARAÍBA/REGIÃO SERRANA,350970,3509700,CAMPOS DO JORDAO
SUDESTE,SP,3533,RRAS10,35093,MARÍLIA,350980,3509809,CAMPOS NOVOS PAULISTA
SUDESTE,SP,3520,RRAS7,35121,VALE DO RIBEIRA,350990,3509908,CANANEIA
SUDESTE,SP,3526,RRAS17,35172,CIRCUITO DA FÉ E VALE HISTÓRICO,350995,3509957,CANAS
SUDESTE,SP,3533,RRAS10,35092,ASSIS,351000,3510005,CANDIDO MOTA
SUDESTE,SP,3530,RRAS13,35033,NORTE DO DRS III,351010,3510104,CANDIDO RODRIGUES
SUDESTE,SP,3533,RRAS10,35094,OURINHOS,351015,3510153,CANITAR
SUDESTE,SP,3519,RRAS8,35161,ITAPETININGA,351020,3510203,CAPAO BONITO
SUDESTE,SP,3519,RRAS8,35163,SOROCABA,351030,3510302,CAPELA DO ALTO
SUDESTE,SP,3529,RRAS14,35103,PIRACICABA,351040,3510401,CAPIVARI
SUDESTE,SP,3526,RRAS17,35173,LITORAL NORTE,351050,3510500,CARAGUATATUBA
SUDESTE,SP,3522,RRAS5,35014,ROTA DOS BANDEIRANTES,351060,3510609,CARAPICUIBA
SUDESTE,SP,3531,RRAS12,35157,VOTUPORANGA,351070,3510708,CARDOSO
SUDESTE,SP,3528,RRAS15,35143,RIO PARDO,351080,3510807,CASA BRANCA
SUDESTE,SP,3530,RRAS13,35133,VALE DAS CACHOEIRAS,351090,3510906,CASSIA DOS COQUEIROS
SUDESTE,SP,3531,RRAS12,35022,LAGOS DO DRS II,351100,3511003,CASTILHO
SUDESTE,SP,3531,RRAS12,35151,CATANDUVA,351110,3511102,CATANDUVA
SUDESTE,SP,3531,RRAS12,35151,CATANDUVA,351120,3511201,CATIGUA
SUDESTE,SP,3531,RRAS12,35155,SÃO JOSÉ DO RIO PRETO,351130,3511300,CEDRAL
SUDESTE,SP,3518,RRAS9,35061,VALE DO JURUMIRIM,351140,3511409,CERQUEIRA CESAR
SUDESTE,SP,3519,RRAS8,35161,ITAPETININGA,351150,3511508,CERQUILHO
SUDESTE,SP,3519,RRAS8,35161,ITAPETININGA,351160,3511607,CESARIO LANGE
SUDESTE,SP,3529,RRAS14,35103,PIRACICABA,351170,3511706,CHARQUEADA
SUDESTE,SP,3531,RRAS12,35023,CONSÓRCIOS DO DRS II,351190,3511904,CLEMENTINA
SUDESTE,SP,3530,RRAS13,35051,NORTE - BARRETOS,351200,3512001,COLINA
SUDESTE,SP,3530,RRAS13,35051,NORTE - BARRETOS,351210,3512100,COLOMBIA
SUDESTE,SP,3529,RRAS14,35101,ARARAS,351220,3512209,CONCHAL
SUDESTE,SP,3518,RRAS9,35063,POLO CUESTA,351230,3512308,CONCHAS
SUDESTE,SP,3529,RRAS14,35102,LIMEIRA,351240,3512407,CORDEIROPOLIS
SUDESTE,SP,3531,RRAS12,35023,CONSÓRCIOS DO DRS II,351250,3512506,COROADOS
SUDESTE,SP,3518,RRAS9,35061,VALE DO JURUMIRIM,351260,3512605,CORONEL MACEDO
SUDESTE,SP,3529,RRAS14,35104,RIO CLARO,351270,3512704,CORUMBATAI
SUDESTE,SP,3528,RRAS15,35072,REGIÃO METROPOLITANA DE CAMPINAS,351280,3512803,COSMOPOLIS
SUDESTE,SP,3531,RRAS12,35157,VOTUPORANGA,351290,3512902,COSMORAMA
SUDESTE,SP,3523,RRAS4,35013,MANANCIAIS,351300,3513009,COTIA
SUDESTE,SP,3530,RRAS13,35132,AQUÍFERO GUARANI,351310,3513108,CRAVINHOS
SUDESTE,SP,3530,RRAS13,35081,TRÊS COLINAS,351320,3513207,CRISTAIS PAULISTA
SUDESTE,SP,3533,RRAS10,35092,ASSIS,351330,3513306,CRUZALIA
SUDESTE,SP,3526,RRAS17,35172,CIRCUITO DA FÉ E VALE HISTÓRICO,351340,3513405,CRUZEIRO
SUDESTE,SP,3520,RRAS7,35041,BAIXADA SANTISTA,351350,3513504,CUBATAO
SUDESTE,SP,3526,RRAS17,35172,CIRCUITO DA FÉ E VALE HISTÓRICO,351360,3513603,CUNHA
SUDESTE,SP,3530,RRAS13,35034,CORAÇÃO DO DRS III,351370,3513702,DESCALVADO
SUDESTE,SP,3534,RRAS1,35015,GRANDE ABC,351380,3513801,DIADEMA
SUDESTE,SP,3531,RRAS12,35153,JALES,351385,3513850,DIRCE REIS
SUDESTE,SP,3528,RRAS15,35143,RIO PARDO,351390,3513900,DIVINOLANDIA
SUDESTE,SP,3530,RRAS13,35033,NORTE DO DRS III,351400,3514007,DOBRADA
SUDESTE,SP,3518,RRAS9,35064,JAÚ,351410,3514106,DOIS CORREGOS
SUDESTE,SP,3531,RRAS12,35153,JALES,351420,3514205,DOLCINOPOLIS
SUDESTE,SP,3530,RRAS13,35034,CORAÇÃO DO DRS III,351430,3514304,DOURADO
SUDESTE,SP,3532,RRAS11,35111,ALTA PAULISTA,351440,3514403,DRACENA
SUDESTE,SP,3518,RRAS9,35062,BAURU,351450,3514502,DUARTINA
SUDESTE,SP,3530,RRAS13,35131,HORIZONTE VERDE,351460,3514601,DUMONT
SUDESTE,SP,3533,RRAS10,35093,MARÍLIA,351470,3514700,ECHAPORA
SUDESTE,SP,3520,RRAS7,35121,VALE DO RIBEIRA,351480,3514809,ELDORADO
SUDESTE,SP,3529,RRAS14,35103,PIRACICABA,351490,3514908,ELIAS FAUSTO
SUDESTE,SP,3531,RRAS12,35151,CATANDUVA,351492,3514924,ELISIARIO
SUDESTE,SP,3531,RRAS12,35151,CATANDUVA,351495,3514957,EMBAUBA
SUDESTE,SP,3523,RRAS4,35013,MANANCIAIS,351500,3515004,EMBU DAS ARTES
SUDESTE,SP,3523,RRAS4,35013,MANANCIAIS,351510,3515103,EMBU-GUACU
SUDESTE,SP,3532,RRAS11,35112,ALTA SOROCABANA,351512,3515129,EMILIANOPOLIS
SUDESTE,SP,3529,RRAS14,35102,LIMEIRA,351515,3515152,ENGENHEIRO COELHO
SUDESTE,SP,3528,RRAS15,35142,MANTIQUEIRA,351518,3515186,ESPIRITO SANTO DO PINHAL
SUDESTE,SP,3533,RRAS10,35094,OURINHOS,351519,3515194,ESPIRITO SANTO DO TURVO
SUDESTE,SP,3531,RRAS12,35154,FERNANDÓPOLIS,351520,3515202,ESTRELA D'OESTE
SUDESTE,SP,3532,RRAS11,35112,ALTA SOROCABANA,351530,3515301,ESTRELA DO NORTE
SUDESTE,SP,3532,RRAS11,35115,PONTAL DO PARANAPANEMA,351535,3515350,EUCLIDES DA CUNHA PAULISTA
SUDESTE,SP,3518,RRAS9,35061,VALE DO JURUMIRIM,351540,3515400,FARTURA
SUDESTE,SP,3531,RRAS12,35154,FERNANDÓPOLIS,351550,3515509,FERNANDOPOLIS
SUDESTE,SP,3531,RRAS12,35151,CATANDUVA,351560,3515608,FERNANDO PRESTES
SUDESTE,SP,3533,RRAS10,35093,MARÍLIA,351565,3515657,FERNAO
SUDESTE,SP,3525,RRAS2,35011,ALTO DO TIETÊ,351570,3515707,FERRAZ DE VASCONCELOS
SUDESTE,SP,3532,RRAS11,35111,ALTA PAULISTA,351580,3515806,FLORA RICA
SUDESTE,SP,3531,RRAS12,35157,VOTUPORANGA,351590,3515905,FLOREAL
SUDESTE,SP,3533,RRAS10,35091,ADAMANTINA,351600,3516002,FLORIDA PAULISTA
SUDESTE,SP,3533,RRAS10,35092,ASSIS,351610,3516101,FLORINIA
SUDESTE,SP,3530,RRAS13,35081,TRÊS COLINAS,351620,3516200,FRANCA
SUDESTE,SP,3524,RRAS3,35012,FRANCO DA ROCHA,351630,3516309,FRANCISCO MORATO
SUDESTE,SP,3524,RRAS3,35012,FRANCO DA ROCHA,351640,3516408,FRANCO DA ROCHA
SUDESTE,SP,3531,RRAS12,35023,CONSÓRCIOS DO DRS II,351650,3516507,GABRIEL MONTEIRO
SUDESTE,SP,3533,RRAS10,35093,MARÍLIA,351660,3516606,GALIA
SUDESTE,SP,3533,RRAS10,35093,MARÍLIA,351670,3516705,GARCA
SUDESTE,SP,3531,RRAS12,35157,VOTUPORANGA,351680,3516804,GASTAO VIDIGAL
SUDESTE,SP,3530,RRAS13,35031,CENTRAL DO DRS III,351685,3516853,GAVIAO PEIXOTO
SUDESTE,SP,3531,RRAS12,35157,VOTUPORANGA,351690,3516903,GENERAL SALGADO
SUDESTE,SP,3518,RRAS9,35065,LINS,351700,3517000,GETULINA
SUDESTE,SP,3531,RRAS12,35023,CONSÓRCIOS DO DRS II,351710,3517109,GLICERIO
SUDESTE,SP,3518,RRAS9,35065,LINS,351720,3517208,GUAICARA
SUDESTE,SP,3533,RRAS10,35093,MARÍLIA,351730,3517307,GUAIMBE
SUDESTE,SP,3530,RRAS13,35051,NORTE - BARRETOS,351740,3517406,GUAIRA
SUDESTE,SP,3531,RRAS12,35155,SÃO JOSÉ DO RIO PRETO,351750,3517505,GUAPIACU
SUDESTE,SP,3519,RRAS8,35162,ITAPEVA,351760,3517604,GUAPIARA
SUDESTE,SP,3530,RRAS13,35083,ALTA MOGIANA,351770,3517703,GUARA
SUDESTE,SP,3531,RRAS12,35022,LAGOS DO DRS II,351780,3517802,GUARACAI
SUDESTE,SP,3530,RRAS13,35051,NORTE - BARRETOS,351790,3517901,GUARACI
SUDESTE,SP,3531,RRAS12,35154,FERNANDÓPOLIS,351800,3518008,GUARANI D'OESTE
SUDESTE,SP,3533,RRAS10,35093,MARÍLIA,351810,3518107,GUARANTA
SUDESTE,SP,3531,RRAS12,35021,CENTRAL DO DRS II,351820,3518206,GUARARAPES
SUDESTE,SP,3525,RRAS2,35011,ALTO DO TIETÊ,351830,3518305,GUARAREMA
SUDESTE,SP,3526,RRAS17,35172,CIRCUITO DA FÉ E VALE HISTÓRICO,351840,3518404,GUARATINGUETA
SUDESTE,SP,3519,RRAS8,35161,ITAPETININGA,351850,3518503,GUAREI
SUDESTE,SP,3530,RRAS13,35131,HORIZONTE VERDE,351860,3518602,GUARIBA
SUDESTE,SP,3520,RRAS7,35041,BAIXADA SANTISTA,351870,3518701,GUARUJA
SUDESTE,SP,3525,RRAS2,35011,ALTO DO TIETÊ,351880,3518800,GUARULHOS
SUDESTE,SP,3530,RRAS13,35132,AQUÍFERO GUARANI,351885,3518859,GUATAPARA
SUDESTE,SP,3531,RRAS12,35021,CENTRAL DO DRS II,351890,3518909,GUZOLANDIA
SUDESTE,SP,3533,RRAS10,35095,TUPÃ,351900,3519006,HERCULANDIA
SUDESTE,SP,3528,RRAS15,35072,REGIÃO METROPOLITANA DE CAMPINAS,351905,3519055,HOLAMBRA
SUDESTE,SP,3528,RRAS15,35072,REGIÃO METROPOLITANA DE CAMPINAS,351907,3519071,HORTOLANDIA
SUDESTE,SP,3518,RRAS9,35062,BAURU,351910,3519105,IACANGA
SUDESTE,SP,3533,RRAS10,35095,TUPÃ,351920,3519204,IACRI
SUDESTE,SP,3518,RRAS9,35061,VALE DO JURUMIRIM,351925,3519253,IARAS
SUDESTE,SP,3530,RRAS13,35034,CORAÇÃO DO DRS III,351930,3519303,IBATE
SUDESTE,SP,3531,RRAS12,35155,SÃO JOSÉ DO RIO PRETO,351940,3519402,IBIRA
SUDESTE,SP,3533,RRAS10,35092,ASSIS,351950,3519501,IBIRAREMA
SUDESTE,SP,3530,RRAS13,35032,CENTRO OESTE DO DRS III,351960,3519600,IBITINGA
SUDESTE,SP,3519,RRAS8,35163,SOROCABA,351970,3519709,IBIUNA
SUDESTE,SP,3531,RRAS12,35155,SÃO JOSÉ DO RIO PRETO,351980,3519808,ICEM
SUDESTE,SP,3532,RRAS11,35113,ALTO CAPIVARI,351990,3519907,IEPE
SUDESTE,SP,3518,RRAS9,35064,JAÚ,352000,3520004,IGARACU DO TIETE
SUDESTE,SP,3530,RRAS13,35083,ALTA MOGIANA,352010,3520103,IGARAPAVA
SUDESTE,SP,3526,RRAS17,35171,ALTO VALE DO PARAÍBA,352020,3520202,IGARATA
SUDESTE,SP,3520,RRAS7,35121,VALE DO RIBEIRA,352030,3520301,IGUAPE
SUDESTE,SP,3526,RRAS17,35173,LITORAL NORTE,352040,3520400,ILHABELA
SUDESTE,SP,3520,RRAS7,35121,VALE DO RIBEIRA,352042,3520426,ILHA COMPRIDA
SUDESTE,SP,3531,RRAS12,35022,LAGOS DO DRS II,352044,3520442,ILHA SOLTEIRA
SUDESTE,SP,3528,RRAS15,35072,REGIÃO METROPOLITANA DE CAMPINAS,352050,3520509,INDAIATUBA
SUDESTE,SP,3532,RRAS11,35112,ALTA SOROCABANA,352060,3520608,INDIANA
SUDESTE,SP,3531,RRAS12,35154,FERNANDÓPOLIS,352070,3520707,INDIAPORA
SUDESTE,SP,3533,RRAS10,35091,ADAMANTINA,352080,3520806,INUBIA PAULISTA
SUDESTE,SP,3533,RRAS10,35094,OURINHOS,352090,3520905,IPAUSSU
SUDESTE,SP,3519,RRAS8,35163,SOROCABA,352100,3521002,IPERO
SUDESTE,SP,3529,RRAS14,35104,RIO CLARO,352110,3521101,IPEUNA
SUDESTE,SP,3531,RRAS12,35155,SÃO JOSÉ DO RIO PRETO,352115,3521150,IPIGUA
SUDESTE,SP,3520,RRAS7,35121,VALE DO RIBEIRA,352120,3521200,IPORANGA
SUDESTE,SP,3530,RRAS13,35082,ALTA ANHANGUERA,352130,3521309,IPUA
SUDESTE,SP,3529,RRAS14,35102,LIMEIRA,352140,3521408,IRACEMAPOLIS
SUDESTE,SP,3531,RRAS12,35151,CATANDUVA,352150,3521507,IRAPUA
SUDESTE,SP,3532,RRAS11,35111,ALTA PAULISTA,352160,3521606,IRAPURU
SUDESTE,SP,3519,RRAS8,35162,ITAPEVA,352170,3521705,ITABERA
SUDESTE,SP,3518,RRAS9,35061,VALE DO JURUMIRIM,352180,3521804,ITAI
SUDESTE,SP,3531,RRAS12,35151,CATANDUVA,352190,3521903,ITAJOBI
SUDESTE,SP,3518,RRAS9,35064,JAÚ,352200,3522000,ITAJU
SUDESTE,SP,3520,RRAS7,35041,BAIXADA SANTISTA,352210,3522109,ITANHAEM
SUDESTE,SP,3519,RRAS8,35162,ITAPEVA,352215,3522158,ITAOCA
SUDESTE,SP,3523,RRAS4,35013,MANANCIAIS,352220,3522208,ITAPECERICA DA SERRA
SUDESTE,SP,3519,RRAS8,35161,ITAPETININGA,352230,3522307,ITAPETININGA
SUDESTE,SP,3519,RRAS8,35162,ITAPEVA,352240,3522406,ITAPEVA
SUDESTE,SP,3522,RRAS5,35014,ROTA DOS BANDEIRANTES,352250,3522505,ITAPEVI
SUDESTE,SP,3528,RRAS15,35141,BAIXA MOGIANA,352260,3522604,ITAPIRA
SUDESTE,SP,3519,RRAS8,35162,ITAPEVA,352265,3522653,ITAPIRAPUA PAULISTA
SUDESTE,SP,3530,RRAS13,35032,CENTRO OESTE DO DRS III,352270,3522703,ITAPOLIS
SUDESTE,SP,3518,RRAS9,35061,VALE DO JURUMIRIM,352280,3522802,ITAPORANGA
SUDESTE,SP,3518,RRAS9,35064,JAÚ,352290,3522901,ITAPUI
SUDESTE,SP,3531,RRAS12,35022,LAGOS DO DRS II,352300,3523008,ITAPURA
SUDESTE,SP,3525,RRAS2,35011,ALTO DO TIETÊ,352310,3523107,ITAQUAQUECETUBA
SUDESTE,SP,3519,RRAS8,35162,ITAPEVA,352320,3523206,ITARARE
SUDESTE,SP,3520,RRAS7,35121,VALE DO RIBEIRA,352330,3523305,ITARIRI
SUDESTE,SP,3528,RRAS15,35072,REGIÃO METROPOLITANA DE CAMPINAS,352340,3523404,ITATIBA
SUDESTE,SP,3518,RRAS9,35063,POLO CUESTA,352350,3523503,ITATINGA
SUDESTE,SP,3529,RRAS14,35104,RIO CLARO,352360,3523602,ITIRAPINA
SUDESTE,SP,3530,RRAS13,35081,TRÊS COLINAS,352370,3523701,ITIRAPUA
SUDESTE,SP,3528,RRAS15,35143,RIO PARDO,352380,3523800,ITOBI
SUDESTE,SP,3519,RRAS8,35163,SOROCABA,352390,3523909,ITU
SUDESTE,SP,3527,RRAS16,35073,JUNDIAÍ,352400,3524006,ITUPEVA
SUDESTE,SP,3530,RRAS13,35083,ALTA MOGIANA,352410,3524105,ITUVERAVA
SUDESTE,SP,3530,RRAS13,35051,NORTE - BARRETOS,352420,3524204,JABORANDI
SUDESTE,SP,3530,RRAS13,35131,HORIZONTE VERDE,352430,3524303,JABOTICABAL
SUDESTE,SP,3526,RRAS17,35171,ALTO VALE DO PARAÍBA,352440,3524402,JACAREI
SUDESTE,SP,3531,RRAS12,35156,JOSÉ BONIFÁCIO,352450,3524501,JACI
SUDESTE,SP,3520,RRAS7,35121,VALE DO RIBEIRA,352460,3524600,JACUPIRANGA
SUDESTE,SP,3528,RRAS15,35072,REGIÃO METROPOLITANA DE CAMPINAS,352470,3524709,JAGUARIUNA
SUDESTE,SP,3531,RRAS12,35153,JALES,352480,3524808,JALES
SUDESTE,SP,3526,RRAS17,35171,ALTO VALE DO PARAÍBA,352490,3524907,JAMBEIRO
SUDESTE,SP,3522,RRAS5,35014,ROTA DOS BANDEIRANTES,352500,3525003,JANDIRA
SUDESTE,SP,3530,RRAS13,35132,AQUÍFERO GUARANI,352510,3525102,JARDINOPOLIS
SUDESTE,SP,3527,RRAS16,35073,JUNDIAÍ,352520,3525201,JARINU
SUDESTE,SP,3518,RRAS9,35064,JAÚ,352530,3525300,JAU
SUDESTE,SP,3530,RRAS13,35081,TRÊS COLINAS,352540,3525409,JERIQUARA
SUDESTE,SP,3527,RRAS16,35071,BRAGANÇA,352550,3525508,JOANOPOLIS
SUDESTE,SP,3532,RRAS11,35113,ALTO CAPIVARI,352560,3525607,JOAO RAMALHO
SUDESTE,SP,3531,RRAS12,35156,JOSÉ BONIFÁCIO,352570,3525706,JOSE BONIFACIO
SUDESTE,SP,3533,RRAS10,35093,MARÍLIA,352580,3525805,JULIO MESQUITA
SUDESTE,SP,3519,RRAS8,35163,SOROCABA,352585,3525854,JUMIRIM
SUDESTE,SP,3527,RRAS16,35073,JUNDIAÍ,352590,3525904,JUNDIAI
SUDESTE,SP,3532,RRAS11,35111,ALTA PAULISTA,352600,3526001,JUNQUEIROPOLIS
SUDESTE,SP,3520,RRAS7,35121,VALE DO RIBEIRA,352610,3526100,JUQUIA
SUDESTE,SP,3523,RRAS4,35013,MANANCIAIS,352620,3526209,JUQUITIBA
SUDESTE,SP,3526,RRAS17,35174,VALE DO PARAÍBA/REGIÃO SERRANA,352630,3526308,LAGOINHA
SUDESTE,SP,3518,RRAS9,35063,POLO CUESTA,352640,3526407,LARANJAL PAULISTA
SUDESTE,SP,3531,RRAS12,35022,LAGOS DO DRS II,352650,3526506,LAVINIA
SUDESTE,SP,3526,RRAS17,35172,CIRCUITO DA FÉ E VALE HISTÓRICO,352660,3526605,LAVRINHAS
SUDESTE,SP,3529,RRAS14,35101,ARARAS,352670,3526704,LEME
SUDESTE,SP,3518,RRAS9,35062,BAURU,352680,3526803,LENCOIS PAULISTA
SUDESTE,SP,3529,RRAS14,35102,LIMEIRA,352690,3526902,LIMEIRA
SUDESTE,SP,3528,RRAS15,35074,CIRCUITO DAS ÁGUAS,352700,3527009,LINDOIA
SUDESTE,SP,3518,RRAS9,35065,LINS,352710,3527108,LINS
SUDESTE,SP,3526,RRAS17,35172,CIRCUITO DA FÉ E VALE HISTÓRICO,352720,3527207,LORENA
SUDESTE,SP,3531,RRAS12,35023,CONSÓRCIOS DO DRS II,352725,3527256,LOURDES
SUDESTE,SP,3527,RRAS16,35073,JUNDIAÍ,352730,3527306,LOUVEIRA
SUDESTE,SP,3533,RRAS10,35091,ADAMANTINA,352740,3527405,LUCELIA
SUDESTE,SP,3518,RRAS9,35062,BAURU,352750,3527504,LUCIANOPOLIS
SUDESTE,SP,3530,RRAS13,35132,AQUÍFERO GUARANI,352760,3527603,LUIS ANTONIO
SUDESTE,SP,3531,RRAS12,35023,CONSÓRCIOS DO DRS II,352770,3527702,LUIZIANIA
SUDESTE,SP,3533,RRAS10,35093,MARÍLIA,352780,3527801,LUPERCIO
SUDESTE,SP,3533,RRAS10,35092,ASSIS,352790,3527900,LUTECIA
SUDESTE,SP,3518,RRAS9,35062,BAURU,352800,3528007,MACATUBA
SUDESTE,SP,3531,RRAS12,35157,VOTUPORANGA,352810,3528106,MACAUBAL
SUDESTE,SP,3531,RRAS12,35154,FERNANDÓPOLIS,352820,3528205,MACEDONIA
SUDESTE,SP,3531,RRAS12,35157,VOTUPORANGA,352830,3528304,MAGDA
SUDESTE,SP,3519,RRAS8,35163,SOROCABA,352840,3528403,MAIRINQUE
SUDESTE,SP,3524,RRAS3,35012,FRANCO DA ROCHA,352850,3528502,MAIRIPORA
SUDESTE,SP,3518,RRAS9,35061,VALE DO JURUMIRIM,352860,3528601,MANDURI
SUDESTE,SP,3532,RRAS11,35114,EXTREMO OESTE PAULISTA,352870,3528700,MARABA PAULISTA
SUDESTE,SP,3533,RRAS10,35092,ASSIS,352880,3528809,MARACAI
SUDESTE,SP,3531,RRAS12,35151,CATANDUVA,352885,3528858,MARAPOAMA
SUDESTE,SP,3533,RRAS10,35091,ADAMANTINA,352890,3528908,MARIAPOLIS
SUDESTE,SP,3533,RRAS10,35093,MARÍLIA,352900,3529005,MARILIA
SUDESTE,SP,3531,RRAS12,35153,JALES,352910,3529104,MARINOPOLIS
SUDESTE,SP,3532,RRAS11,35112,ALTA SOROCABANA,352920,3529203,MARTINOPOLIS
SUDESTE,SP,3530,RRAS13,35033,NORTE DO DRS III,352930,3529302,MATAO
SUDESTE,SP,3534,RRAS1,35015,GRANDE ABC,352940,3529401,MAUA
SUDESTE,SP,3531,RRAS12,35156,JOSÉ BONIFÁCIO,352950,3529500,MENDONCA
SUDESTE,SP,3531,RRAS12,35154,FERNANDÓPOLIS,352960,3529609,MERIDIANO
SUDESTE,SP,3531,RRAS12,35153,JALES,352965,3529658,MESOPOLIS
SUDESTE,SP,3530,RRAS13,35083,ALTA MOGIANA,352970,3529708,MIGUELOPOLIS
SUDESTE,SP,3518,RRAS9,35064,JAÚ,352980,3529807,MINEIROS DO TIETE
SUDESTE,SP,3520,RRAS7,35121,VALE DO RIBEIRA,352990,3529906,MIRACATU
SUDESTE,SP,3531,RRAS12,35154,FERNANDÓPOLIS,353000,3530003,MIRA ESTRELA
SUDESTE,SP,3531,RRAS12,35022,LAGOS DO DRS II,353010,3530102,MIRANDOPOLIS
SUDESTE,SP,3532,RRAS11,35115,PONTAL DO PARANAPANEMA,353020,3530201,MIRANTE DO PARANAPANEMA
SUDESTE,SP,3531,RRAS12,35155,SÃO JOSÉ DO RIO PRETO,353030,3530300,MIRASSOL
SUDESTE,SP,3531,RRAS12,35155,SÃO JOSÉ DO RIO PRETO,353040,3530409,MIRASSOLANDIA
SUDESTE,SP,3528,RRAS15,35143,RIO PARDO,353050,3530508,MOCOCA
SUDESTE,SP,3525,RRAS2,35011,ALTO DO TIETÊ,353060,3530607,MOGI DAS CRUZES
SUDESTE,SP,3528,RRAS15,35141,BAIXA MOGIANA,353070,3530706,MOGI GUACU
SUDESTE,SP,3528,RRAS15,35141,BAIXA MOGIANA,353080,3530805,MOGI MIRIM
SUDESTE,SP,3529,RRAS14,35103,PIRACICABA,353090,3530904,MOMBUCA
SUDESTE,SP,3531,RRAS12,35157,VOTUPORANGA,353100,3531001,MONCOES
SUDESTE,SP,3520,RRAS7,35041,BAIXADA SANTISTA,353110,3531100,MONGAGUA
SUDESTE,SP,3528,RRAS15,35074,CIRCUITO DAS ÁGUAS,353120,3531209,MONTE ALEGRE DO SUL
SUDESTE,SP,3530,RRAS13,35131,HORIZONTE VERDE,353130,3531308,MONTE ALTO
SUDESTE,SP,3531,RRAS12,35156,JOSÉ BONIFÁCIO,353140,3531407,MONTE APRAZIVEL
SUDESTE,SP,3530,RRAS13,35052,SUL - BARRETOS,353150,3531506,MONTE AZUL PAULISTA
SUDESTE,SP,3532,RRAS11,35111,ALTA PAULISTA,353160,3531605,MONTE CASTELO
SUDESTE,SP,3526,RRAS17,35171,ALTO VALE DO PARAÍBA,353170,3531704,MONTEIRO LOBATO
SUDESTE,SP,3528,RRAS15,35072,REGIÃO METROPOLITANA DE CAMPINAS,353180,3531803,MONTE MOR
SUDESTE,SP,3530,RRAS13,35082,ALTA ANHANGUERA,353190,3531902,MORRO AGUDO
SUDESTE,SP,3528,RRAS15,35072,REGIÃO METROPOLITANA DE CAMPINAS,353200,3532009,MORUNGABA
SUDESTE,SP,3530,RRAS13,35031,CENTRAL DO DRS III,353205,3532058,MOTUCA
SUDESTE,SP,3531,RRAS12,35022,LAGOS DO DRS II,353210,3532108,MURUTINGA DO SUL
SUDESTE,SP,3532,RRAS11,35113,ALTO CAPIVARI,353215,3532157,NANTES
SUDESTE,SP,3532,RRAS11,35112,ALTA SOROCABANA,353220,3532207,NARANDIBA
SUDESTE,SP,3526,RRAS17,35174,VALE DO PARAÍBA/REGIÃO SERRANA,353230,3532306,NATIVIDADE DA SERRA
SUDESTE,SP,3527,RRAS16,35071,BRAGANÇA,353240,3532405,NAZARE PAULISTA
SUDESTE,SP,3531,RRAS12,35155,SÃO JOSÉ DO RIO PRETO,353250,3532504,NEVES PAULISTA
SUDESTE,SP,3531,RRAS12,35157,VOTUPORANGA,353260,3532603,NHANDEARA
SUDESTE,SP,3531,RRAS12,35156,JOSÉ BONIFÁCIO,353270,3532702,NIPOA
SUDESTE,SP,3531,RRAS12,35155,SÃO JOSÉ DO RIO PRETO,353280,3532801,NOVA ALIANCA
SUDESTE,SP,3519,RRAS8,35162,ITAPEVA,353282,3532827,NOVA CAMPINA
SUDESTE,SP,3531,RRAS12,35152,SANTA FÉ DO SUL,353284,3532843,NOVA CANAA PAULISTA
SUDESTE,SP,3531,RRAS12,35021,CENTRAL DO DRS II,353286,3532868,NOVA CASTILHO
SUDESTE,SP,3530,RRAS13,35032,CENTRO OESTE DO DRS III,353290,3532900,NOVA EUROPA
SUDESTE,SP,3531,RRAS12,35155,SÃO JOSÉ DO RIO PRETO,353300,3533007,NOVA GRANADA
SUDESTE,SP,3532,RRAS11,35111,ALTA PAULISTA,353310,3533106,NOVA GUATAPORANGA
SUDESTE,SP,3531,RRAS12,35022,LAGOS DO DRS II,353320,3533205,NOVA INDEPENDENCIA
SUDESTE,SP,3531,RRAS12,35151,CATANDUVA,353325,3533254,NOVAIS
SUDESTE,SP,3531,RRAS12,35021,CENTRAL DO DRS II,353330,3533304,NOVA LUZITANIA
SUDESTE,SP,3528,RRAS15,35072,REGIÃO METROPOLITANA DE CAMPINAS,353340,3533403,NOVA ODESSA
SUDESTE,SP,3531,RRAS12,35151,CATANDUVA,353350,3533502,NOVO HORIZONTE
SUDESTE,SP,3530,RRAS13,35082,ALTA ANHANGUERA,353360,3533601,NUPORANGA
SUDESTE,SP,3533,RRAS10,35093,MARÍLIA,353370,3533700,OCAUCU
SUDESTE,SP,3533,RRAS10,35094,OURINHOS,353380,3533809,OLEO
SUDESTE,SP,3530,RRAS13,35051,NORTE - BARRETOS,353390,3533908,OLIMPIA
SUDESTE,SP,3531,RRAS12,35155,SÃO JOSÉ DO RIO PRETO,353400,3534005,ONDA VERDE
SUDESTE,SP,3533,RRAS10,35093,MARÍLIA,353410,3534104,ORIENTE
SUDESTE,SP,3531,RRAS12,35155,SÃO JOSÉ DO RIO PRETO,353420,3534203,ORINDIUVA
SUDESTE,SP,3530,RRAS13,35082,ALTA ANHANGUERA,353430,3534302,ORLANDIA
SUDESTE,SP,3522,RRAS5,35014,ROTA DOS BANDEIRANTES,353440,3534401,OSASCO
SUDESTE,SP,3533,RRAS10,35093,MARÍLIA,353450,3534500,OSCAR BRESSANE
SUDESTE,SP,3533,RRAS10,35091,ADAMANTINA,353460,3534609,OSVALDO CRUZ
SUDESTE,SP,3533,RRAS10,35094,OURINHOS,353470,3534708,OURINHOS
SUDESTE,SP,3531,RRAS12,35154,FERNANDÓPOLIS,353475,3534757,OUROESTE
SUDESTE,SP,3532,RRAS11,35111,ALTA PAULISTA,353480,3534807,OURO VERDE
SUDESTE,SP,3533,RRAS10,35091,ADAMANTINA,353490,3534906,PACAEMBU
SUDESTE,SP,3531,RRAS12,35155,SÃO JOSÉ DO RIO PRETO,353500,3535002,PALESTINA
SUDESTE,SP,3531,RRAS12,35151,CATANDUVA,353510,3535101,PALMARES PAULISTA
SUDESTE,SP,3531,RRAS12,35153,JALES,353520,3535200,PALMEIRA D'OESTE
SUDESTE,SP,3533,RRAS10,35092,ASSIS,353530,3535309,PALMITAL
SUDESTE,SP,3532,RRAS11,35111,ALTA PAULISTA,353540,3535408,PANORAMA
SUDESTE,SP,3533,RRAS10,35092,ASSIS,353550,3535507,PARAGUACU PAULISTA
SUDESTE,SP,3526,RRAS17,35171,ALTO VALE DO PARAÍBA,353560,3535606,PARAIBUNA
SUDESTE,SP,3531,RRAS12,35151,CATANDUVA,353570,3535705,PARAISO
SUDESTE,SP,3518,RRAS9,35061,VALE DO JURUMIRIM,353580,3535804,PARANAPANEMA
SUDESTE,SP,3531,RRAS12,35153,JALES,353590,3535903,PARANAPUA
SUDESTE,SP,3533,RRAS10,35095,TUPÃ,353600,3536000,PARAPUA
SUDESTE,SP,3518,RRAS9,35063,POLO CUESTA,353610,3536109,PARDINHO
SUDESTE,SP,3520,RRAS7,35121,VALE DO RIBEIRA,353620,3536208,PARIQUERA-ACU
SUDESTE,SP,3531,RRAS12,35157,VOTUPORANGA,353625,3536257,PARISI
SUDESTE,SP,3530,RRAS13,35081,TRÊS COLINAS,353630,3536307,PATROCINIO PAULISTA
SUDESTE,SP,3532,RRAS11,35111,ALTA PAULISTA,353640,3536406,PAULICEIA
SUDESTE,SP,3528,RRAS15,35072,REGIÃO METROPOLITANA DE CAMPINAS,353650,3536505,PAULINIA
SUDESTE,SP,3518,RRAS9,35062,BAURU,353657,3536570,PAULISTANIA
SUDESTE,SP,3531,RRAS12,35155,SÃO JOSÉ DO RIO PRETO,353660,3536604,PAULO DE FARIA
SUDESTE,SP,3518,RRAS9,35062,BAURU,353670,3536703,PEDERNEIRAS
SUDESTE,SP,3527,RRAS16,35071,BRAGANÇA,353680,3536802,PEDRA BELA
SUDESTE,SP,3531,RRAS12,35154,FERNANDÓPOLIS,353690,3536901,PEDRANOPOLIS
SUDESTE,SP,3530,RRAS13,35081,TRÊS COLINAS,353700,3537008,PEDREGULHO
SUDESTE,SP,3528,RRAS15,35072,REGIÃO METROPOLITANA DE CAMPINAS,353710,3537107,PEDREIRA
SUDESTE,SP,3533,RRAS10,35092,ASSIS,353715,3537156,PEDRINHAS PAULISTA
SUDESTE,SP,3520,RRAS7,35121,VALE DO RIBEIRA,353720,3537206,PEDRO DE TOLEDO
SUDESTE,SP,3531,RRAS12,35023,CONSÓRCIOS DO DRS II,353730,3537305,PENAPOLIS
SUDESTE,SP,3531,RRAS12,35022,LAGOS DO DRS II,353740,3537404,PEREIRA BARRETO
SUDESTE,SP,3518,RRAS9,35063,POLO CUESTA,353750,3537503,PEREIRAS
SUDESTE,SP,3520,RRAS7,35041,BAIXADA SANTISTA,353760,3537602,PERUIBE
SUDESTE,SP,3531,RRAS12,35023,CONSÓRCIOS DO DRS II,353770,3537701,PIACATU
SUDESTE,SP,3519,RRAS8,35163,SOROCABA,353780,3537800,PIEDADE
SUDESTE,SP,3519,RRAS8,35163,SOROCABA,353790,3537909,PILAR DO SUL
SUDESTE,SP,3526,RRAS17,35174,VALE DO PARAÍBA/REGIÃO SERRANA,353800,3538006,PINDAMONHANGABA
SUDESTE,SP,3531,RRAS12,35151,CATANDUVA,353810,3538105,PINDORAMA
SUDESTE,SP,3527,RRAS16,35071,BRAGANÇA,353820,3538204,PINHALZINHO
SUDESTE,SP,3532,RRAS11,35114,EXTREMO OESTE PAULISTA,353830,3538303,PIQUEROBI
SUDESTE,SP,3526,RRAS17,35172,CIRCUITO DA FÉ E VALE HISTÓRICO,353850,3538501,PIQUETE
SUDESTE,SP,3527,RRAS16,35071,BRAGANÇA,353860,3538600,PIRACAIA
SUDESTE,SP,3529,RRAS14,35103,PIRACICABA,353870,3538709,PIRACICABA
SUDESTE,SP,3518,RRAS9,35061,VALE DO JURUMIRIM,353880,3538808,PIRAJU
SUDESTE,SP,3518,RRAS9,35062,BAURU,353890,3538907,PIRAJUI
SUDESTE,SP,3531,RRAS12,35151,CATANDUVA,353900,3539004,PIRANGI
SUDESTE,SP,3522,RRAS5,35014,ROTA DOS BANDEIRANTES,353910,3539103,PIRAPORA DO BOM JESUS
SUDESTE,SP,3532,RRAS11,35112,ALTA SOROCABANA,353920,3539202,PIRAPOZINHO
SUDESTE,SP,3529,RRAS14,35101,ARARAS,353930,3539301,PIRASSUNUNGA
SUDESTE,SP,3518,RRAS9,35062,BAURU,353940,3539400,PIRATININGA
SUDESTE,SP,3530,RRAS13,35131,HORIZONTE VERDE,353950,3539509,PITANGUEIRAS
SUDESTE,SP,3531,RRAS12,35156,JOSÉ BONIFÁCIO,353960,3539608,PLANALTO
SUDESTE,SP,3533,RRAS10,35092,ASSIS,353970,3539707,PLATINA
SUDESTE,SP,3525,RRAS2,35011,ALTO DO TIETÊ,353980,3539806,POA
SUDESTE,SP,3531,RRAS12,35156,JOSÉ BONIFÁCIO,353990,3539905,POLONI
SUDESTE,SP,3533,RRAS10,35093,MARÍLIA,354000,3540002,POMPEIA
SUDESTE,SP,3518,RRAS9,35065,LINS,354010,3540101,PONGAI
SUDESTE,SP,3530,RRAS13,35131,HORIZONTE VERDE,354020,3540200,PONTAL
SUDESTE,SP,3531,RRAS12,35153,JALES,354025,3540259,PONTALINDA
SUDESTE,SP,3531,RRAS12,35157,VOTUPORANGA,354030,3540309,PONTES GESTAL
SUDESTE,SP,3531,RRAS12,35154,FERNANDÓPOLIS,354040,3540408,POPULINA
SUDESTE,SP,3518,RRAS9,35063,POLO CUESTA,354050,3540507,PORANGABA
SUDESTE,SP,3519,RRAS8,35163,SOROCABA,354060,3540606,PORTO FELIZ
SUDESTE,SP,3530,RRAS13,35034,CORAÇÃO DO DRS III,354070,3540705,PORTO FERREIRA
SUDESTE,SP,3526,RRAS17,35172,CIRCUITO DA FÉ E VALE HISTÓRICO,354075,3540754,POTIM
SUDESTE,SP,3531,RRAS12,35155,SÃO JOSÉ DO RIO PRETO,354080,3540804,POTIRENDABA
SUDESTE,SP,3533,RRAS10,35091,ADAMANTINA,354085,3540853,PRACINHA
SUDESTE,SP,3530,RRAS13,35131,HORIZONTE VERDE,354090,3540903,PRADOPOLIS
SUDESTE,SP,3520,RRAS7,35041,BAIXADA SANTISTA,354100,3541000,PRAIA GRANDE
SUDESTE,SP,3518,RRAS9,35063,POLO CUESTA,354105,3541059,PRATANIA
SUDESTE,SP,3518,RRAS9,35062,BAURU,354110,3541109,PRESIDENTE ALVES
SUDESTE,SP,3532,RRAS11,35112,ALTA SOROCABANA,354120,3541208,PRESIDENTE BERNARDES
SUDESTE,SP,3532,RRAS11,35114,EXTREMO OESTE PAULISTA,354130,3541307,PRESIDENTE EPITACIO
SUDESTE,SP,3532,RRAS11,35112,ALTA SOROCABANA,354140,3541406,PRESIDENTE PRUDENTE
SUDESTE,SP,3532,RRAS11,35114,EXTREMO OESTE PAULISTA,354150,3541505,PRESIDENTE VENCESLAU
SUDESTE,SP,3518,RRAS9,35065,LINS,354160,3541604,PROMISSAO
SUDESTE,SP,3519,RRAS8,35161,ITAPETININGA,354165,3541653,QUADRA
SUDESTE,SP,3532,RRAS11,35113,ALTO CAPIVARI,354170,3541703,QUATA
SUDESTE,SP,3533,RRAS10,35095,TUPÃ,354180,3541802,QUEIROZ
SUDESTE,SP,3526,RRAS17,35172,CIRCUITO DA FÉ E VALE HISTÓRICO,354190,3541901,QUELUZ
SUDESTE,SP,3533,RRAS10,35093,MARÍLIA,354200,3542008,QUINTANA
SUDESTE,SP,3529,RRAS14,35103,PIRACICABA,354210,3542107,RAFARD
SUDESTE,SP,3532,RRAS11,35113,ALTO CAPIVARI,354220,3542206,RANCHARIA
SUDESTE,SP,3526,RRAS17,35174,VALE DO PARAÍBA/REGIÃO SERRANA,354230,3542305,REDENCAO DA SERRA
SUDESTE,SP,3532,RRAS11,35112,ALTA SOROCABANA,354240,3542404,REGENTE FEIJO
SUDESTE,SP,3518,RRAS9,35062,BAURU,354250,3542503,REGINOPOLIS
SUDESTE,SP,3520,RRAS7,35121,VALE DO RIBEIRA,354260,3542602,REGISTRO
SUDESTE,SP,3530,RRAS13,35081,TRÊS COLINAS,354270,3542701,RESTINGA
SUDESTE,SP,3519,RRAS8,35162,ITAPEVA,354280,3542800,RIBEIRA
SUDESTE,SP,3530,RRAS13,35034,CORAÇÃO DO DRS III,354290,3542909,RIBEIRAO BONITO
SUDESTE,SP,3519,RRAS8,35162,ITAPEVA,354300,3543006,RIBEIRAO BRANCO
SUDESTE,SP,3530,RRAS13,35081,TRÊS COLINAS,354310,3543105,RIBEIRAO CORRENTE
SUDESTE,SP,3533,RRAS10,35094,OURINHOS,354320,3543204,RIBEIRAO DO SUL
SUDESTE,SP,3532,RRAS11,35112,ALTA SOROCABANA,354323,3543238,RIBEIRAO DOS INDIOS
SUDESTE,SP,3519,RRAS8,35161,ITAPETININGA,354325,3543253,RIBEIRAO GRANDE
SUDESTE,SP,3534,RRAS1,35015,GRANDE ABC,354330,3543303,RIBEIRAO PIRES
SUDESTE,SP,3530,RRAS13,35132,AQUÍFERO GUARANI,354340,3543402,RIBEIRAO PRETO
SUDESTE,SP,3519,RRAS8,35162,ITAPEVA,354350,3543501,RIVERSUL
SUDESTE,SP,3530,RRAS13,35081,TRÊS COLINAS,354360,3543600,RIFAINA
SUDESTE,SP,3530,RRAS13,35031,CENTRAL DO DRS III,354370,3543709,RINCAO
SUDESTE,SP,3533,RRAS10,35095,TUPÃ,354380,3543808,RINOPOLIS
SUDESTE,SP,3529,RRAS14,35104,RIO CLARO,354390,3543907,RIO CLARO
SUDESTE,SP,3529,RRAS14,35103,PIRACICABA,354400,3544004,RIO DAS PEDRAS
SUDESTE,SP,3534,RRAS1,35015,GRANDE ABC,354410,3544103,RIO GRANDE DA SERRA
SUDESTE,SP,3531,RRAS12,35157,VOTUPORANGA,354420,3544202,RIOLANDIA
SUDESTE,SP,3532,RRAS11,35115,PONTAL DO PARANAPANEMA,354425,3544251,ROSANA
SUDESTE,SP,3526,RRAS17,35172,CIRCUITO DA FÉ E VALE HISTÓRICO,354430,3544301,ROSEIRA
SUDESTE,SP,3531,RRAS12,35021,CENTRAL DO DRS II,354440,3544400,RUBIACEA
SUDESTE,SP,3531,RRAS12,35152,SANTA FÉ DO SUL,354450,3544509,RUBINEIA
SUDESTE,SP,3518,RRAS9,35065,LINS,354460,3544608,SABINO
SUDESTE,SP,3533,RRAS10,35091,ADAMANTINA,354470,3544707,SAGRES
SUDESTE,SP,3531,RRAS12,35151,CATANDUVA,354480,3544806,SALES
SUDESTE,SP,3530,RRAS13,35082,ALTA ANHANGUERA,354490,3544905,SALES OLIVEIRA
SUDESTE,SP,3525,RRAS2,35011,ALTO DO TIETÊ,354500,3545001,SALESOPOLIS
SUDESTE,SP,3533,RRAS10,35091,ADAMANTINA,354510,3545100,SALMOURAO
SUDESTE,SP,3529,RRAS14,35103,PIRACICABA,354515,3545159,SALTINHO
SUDESTE,SP,3519,RRAS8,35163,SOROCABA,354520,3545209,SALTO
SUDESTE,SP,3519,RRAS8,35163,SOROCABA,354530,3545308,SALTO DE PIRAPORA
SUDESTE,SP,3533,RRAS10,35094,OURINHOS,354540,3545407,SALTO GRANDE
SUDESTE,SP,3532,RRAS11,35112,ALTA SOROCABANA,354550,3545506,SANDOVALINA
SUDESTE,SP,3531,RRAS12,35151,CATANDUVA,354560,3545605,SANTA ADELIA
SUDESTE,SP,3531,RRAS12,35153,JALES,354570,3545704,SANTA ALBERTINA
SUDESTE,SP,3528,RRAS15,35072,REGIÃO METROPOLITANA DE CAMPINAS,354580,3545803,SANTA BARBARA D'OESTE
SUDESTE,SP,3526,RRAS17,35171,ALTO VALE DO PARAÍBA,354600,3546009,SANTA BRANCA
SUDESTE,SP,3531,RRAS12,35152,SANTA FÉ DO SUL,354610,3546108,SANTA CLARA D'OESTE
SUDESTE,SP,3529,RRAS14,35101,ARARAS,354620,3546207,SANTA CRUZ DA CONCEICAO
SUDESTE,SP,3530,RRAS13,35133,VALE DAS CACHOEIRAS,354625,3546256,SANTA CRUZ DA ESPERANCA
SUDESTE,SP,3528,RRAS15,35142,MANTIQUEIRA,354630,3546306,SANTA CRUZ DAS PALMEIRAS
SUDESTE,SP,3533,RRAS10,35094,OURINHOS,354640,3546405,SANTA CRUZ DO RIO PARDO
SUDESTE,SP,3530,RRAS13,35033,NORTE DO DRS III,354650,3546504,SANTA ERNESTINA
SUDESTE,SP,3531,RRAS12,35152,SANTA FÉ DO SUL,354660,3546603,SANTA FE DO SUL
SUDESTE,SP,3529,RRAS14,35104,RIO CLARO,354670,3546702,SANTA GERTRUDES
SUDESTE,SP,3525,RRAS2,35011,ALTO DO TIETÊ,354680,3546801,SANTA ISABEL
SUDESTE,SP,3530,RRAS13,35031,CENTRAL DO DRS III,354690,3546900,SANTA LUCIA
SUDESTE,SP,3529,RRAS14,35103,PIRACICABA,354700,3547007,SANTA MARIA DA SERRA
SUDESTE,SP,3532,RRAS11,35111,ALTA PAULISTA,354710,3547106,SANTA MERCEDES
SUDESTE,SP,3531,RRAS12,35153,JALES,354720,3547205,SANTANA DA PONTE PENSA
SUDESTE,SP,3522,RRAS5,35014,ROTA DOS BANDEIRANTES,354730,3547304,SANTANA DE PARNAIBA
SUDESTE,SP,3531,RRAS12,35152,SANTA FÉ DO SUL,354740,3547403,SANTA RITA D'OESTE
SUDESTE,SP,3530,RRAS13,35132,AQUÍFERO GUARANI,354750,3547502,SANTA RITA DO PASSA QUATRO
SUDESTE,SP,3530,RRAS13,35132,AQUÍFERO GUARANI,354760,3547601,SANTA ROSA DE VITERBO
SUDESTE,SP,3531,RRAS12,35153,JALES,354765,3547650,SANTA SALETE
SUDESTE,SP,3532,RRAS11,35112,ALTA SOROCABANA,354770,3547700,SANTO ANASTACIO
SUDESTE,SP,3534,RRAS1,35015,GRANDE ABC,354780,3547809,SANTO ANDRE
SUDESTE,SP,3530,RRAS13,35133,VALE DAS CACHOEIRAS,354790,3547908,SANTO ANTONIO DA ALEGRIA
SUDESTE,SP,3528,RRAS15,35072,REGIÃO METROPOLITANA DE CAMPINAS,354800,3548005,SANTO ANTONIO DE POSSE
SUDESTE,SP,3531,RRAS12,35021,CENTRAL DO DRS II,354805,3548054,SANTO ANTONIO DO ARACANGUA
SUDESTE,SP,3528,RRAS15,35142,MANTIQUEIRA,354810,3548104,SANTO ANTONIO DO JARDIM
SUDESTE,SP,3526,RRAS17,35174,VALE DO PARAÍBA/REGIÃO SERRANA,354820,3548203,SANTO ANTONIO DO PINHAL
SUDESTE,SP,3532,RRAS11,35112,ALTA SOROCABANA,354830,3548302,SANTO EXPEDITO
SUDESTE,SP,3531,RRAS12,35023,CONSÓRCIOS DO DRS II,354840,3548401,SANTOPOLIS DO AGUAPEI
SUDESTE,SP,3520,RRAS7,35041,BAIXADA SANTISTA,354850,3548500,SANTOS
SUDESTE,SP,3526,RRAS17,35174,VALE DO PARAÍBA/REGIÃO SERRANA,354860,3548609,SAO BENTO DO SAPUCAI
SUDESTE,SP,3534,RRAS1,35015,GRANDE ABC,354870,3548708,SAO BERNARDO DO CAMPO
SUDESTE,SP,3534,RRAS1,35015,GRANDE ABC,354880,3548807,SAO CAETANO DO SUL
SUDESTE,SP,3530,RRAS13,35034,CORAÇÃO DO DRS III,354890,3548906,SAO CARLOS
SUDESTE,SP,3531,RRAS12,35153,JALES,354900,3549003,SAO FRANCISCO
SUDESTE,SP,3528,RRAS15,35142,MANTIQUEIRA,354910,3549102,SAO JOAO DA BOA VISTA
SUDESTE,SP,3531,RRAS12,35154,FERNANDÓPOLIS,354920,3549201,SAO JOAO DAS DUAS PONTES
SUDESTE,SP,3531,RRAS12,35154,FERNANDÓPOLIS,354925,3549250,SAO JOAO DE IRACEMA
SUDESTE,SP,3532,RRAS11,35111,ALTA PAULISTA,354930,3549300,SAO JOAO DO PAU D'ALHO
SUDESTE,SP,3530,RRAS13,35082,ALTA ANHANGUERA,354940,3549409,SAO JOAQUIM DA BARRA
SUDESTE,SP,3530,RRAS13,35081,TRÊS COLINAS,354950,3549508,SAO JOSE DA BELA VISTA
SUDESTE,SP,3526,RRAS17,35172,CIRCUITO DA FÉ E VALE HISTÓRICO,354960,3549607,SAO JOSE DO BARREIRO
SUDESTE,SP,3528,RRAS15,35143,RIO PARDO,354970,3549706,SAO JOSE DO RIO PARDO
SUDESTE,SP,3531,RRAS12,35155,SÃO JOSÉ DO RIO PRETO,354980,3549805,SAO JOSE DO RIO PRETO
SUDESTE,SP,3526,RRAS17,35171,ALTO VALE DO PARAÍBA,354990,3549904,SAO JOSE DOS CAMPOS
SUDESTE,SP,3523,RRAS4,35013,MANANCIAIS,354995,3549953,SAO LOURENCO DA SERRA
SUDESTE,SP,3526,RRAS17,35174,VALE DO PARAÍBA/REGIÃO SERRANA,355000,3550001,SAO LUIS DO PARAITINGA
SUDESTE,SP,3518,RRAS9,35063,POLO CUESTA,355010,3550100,SAO MANUEL
SUDESTE,SP,3519,RRAS8,35161,ITAPETININGA,355020,3550209,SAO MIGUEL ARCANJO
SUDESTE,SP,3521,RRAS6,35016,SÃO PAULO,355030,3550308,SAO PAULO
SUDESTE,SP,3529,RRAS14,35103,PIRACICABA,355040,3550407,SAO PEDRO
SUDESTE,SP,3533,RRAS10,35094,OURINHOS,355050,3550506,SAO PEDRO DO TURVO
SUDESTE,SP,3519,RRAS8,35163,SOROCABA,355060,3550605,SAO ROQUE
SUDESTE,SP,3526,RRAS17,35173,LITORAL NORTE,355070,3550704,SAO SEBASTIAO
SUDESTE,SP,3528,RRAS15,35143,RIO PARDO,355080,3550803,SAO SEBASTIAO DA GRAMA
SUDESTE,SP,3530,RRAS13,35132,AQUÍFERO GUARANI,355090,3550902,SAO SIMAO
SUDESTE,SP,3520,RRAS7,35041,BAIXADA SANTISTA,355100,3551009,SAO VICENTE
SUDESTE,SP,3519,RRAS8,35161,ITAPETININGA,355110,3551108,SARAPUI
SUDESTE,SP,3518,RRAS9,35061,VALE DO JURUMIRIM,355120,3551207,SARUTAIA
SUDESTE,SP,3531,RRAS12,35157,VOTUPORANGA,355130,3551306,SEBASTIANOPOLIS DO SUL
SUDESTE,SP,3530,RRAS13,35132,AQUÍFERO GUARANI,355140,3551405,SERRA AZUL
SUDESTE,SP,3530,RRAS13,35132,AQUÍFERO GUARANI,355150,3551504,SERRANA
SUDESTE,SP,3528,RRAS15,35074,CIRCUITO DAS ÁGUAS,355160,3551603,SERRA NEGRA
SUDESTE,SP,3530,RRAS13,35131,HORIZONTE VERDE,355170,3551702,SERTAOZINHO
SUDESTE,SP,3520,RRAS7,35121,VALE DO RIBEIRA,355180,3551801,SETE BARRAS
SUDESTE,SP,3530,RRAS13,35051,NORTE - BARRETOS,355190,3551900,SEVERINIA
SUDESTE,SP,3526,RRAS17,35172,CIRCUITO DA FÉ E VALE HISTÓRICO,355200,3552007,SILVEIRAS
SUDESTE,SP,3527,RRAS16,35071,BRAGANÇA,355210,3552106,SOCORRO
SUDESTE,SP,3519,RRAS8,35163,SOROCABA,355220,3552205,SOROCABA
SUDESTE,SP,3531,RRAS12,35022,LAGOS DO DRS II,355230,3552304,SUD MENNUCCI
SUDESTE,SP,3528,RRAS15,35072,REGIÃO METROPOLITANA DE CAMPINAS,355240,3552403,SUMARE
SUDESTE,SP,3525,RRAS2,35011,ALTO DO TIETÊ,355250,3552502,SUZANO
SUDESTE,SP,3531,RRAS12,35022,LAGOS DO DRS II,355255,3552551,SUZANAPOLIS
SUDESTE,SP,3531,RRAS12,35151,CATANDUVA,355260,3552601,TABAPUA
SUDESTE,SP,3530,RRAS13,35032,CENTRO OESTE DO DRS III,355270,3552700,TABATINGA
SUDESTE,SP,3523,RRAS4,35013,MANANCIAIS,355280,3552809,TABOAO DA SERRA
SUDESTE,SP,3532,RRAS11,35112,ALTA SOROCABANA,355290,3552908,TACIBA
SUDESTE,SP,3518,RRAS9,35061,VALE DO JURUMIRIM,355300,3553005,TAGUAI
SUDESTE,SP,3530,RRAS13,35052,SUL - BARRETOS,355310,3553104,TAIACU
SUDESTE,SP,3530,RRAS13,35052,SUL - BARRETOS,355320,3553203,TAIUVA
SUDESTE,SP,3528,RRAS15,35142,MANTIQUEIRA,355330,3553302,TAMBAU
SUDESTE,SP,3531,RRAS12,35155,SÃO JOSÉ DO RIO PRETO,355340,3553401,TANABI
SUDESTE,SP,3519,RRAS8,35163,SOROCABA,355350,3553500,TAPIRAI
SUDESTE,SP,3528,RRAS15,35143,RIO PARDO,355360,3553609,TAPIRATIBA
SUDESTE,SP,3530,RRAS13,35052,SUL - BARRETOS,355365,3553658,TAQUARAL
SUDESTE,SP,3530,RRAS13,35033,NORTE DO DRS III,355370,3553708,TAQUARITINGA
SUDESTE,SP,3518,RRAS9,35061,VALE DO JURUMIRIM,355380,3553807,TAQUARITUBA
SUDESTE,SP,3519,RRAS8,35162,ITAPEVA,355385,3553856,TAQUARIVAI
SUDESTE,SP,3532,RRAS11,35112,ALTA SOROCABANA,355390,3553906,TARABAI
SUDESTE,SP,3533,RRAS10,35092,ASSIS,355395,3553955,TARUMA
SUDESTE,SP,3519,RRAS8,35161,ITAPETININGA,355400,3554003,TATUI
SUDESTE,SP,3526,RRAS17,35174,VALE DO PARAÍBA/REGIÃO SERRANA,355410,3554102,TAUBATE
SUDESTE,SP,3518,RRAS9,35061,VALE DO JURUMIRIM,355420,3554201,TEJUPA
SUDESTE,SP,3532,RRAS11,35115,PONTAL DO PARANAPANEMA,355430,3554300,TEODORO SAMPAIO
SUDESTE,SP,3530,RRAS13,35052,SUL - BARRETOS,355440,3554409,TERRA ROXA
SUDESTE,SP,3519,RRAS8,35163,SOROCABA,355450,3554508,TIETE
SUDESTE,SP,3533,RRAS10,35094,OURINHOS,355460,3554607,TIMBURI
SUDESTE,SP,3518,RRAS9,35063,POLO CUESTA,355465,3554656,TORRE DE PEDRA
SUDESTE,SP,3518,RRAS9,35064,JAÚ,355470,3554706,TORRINHA
SUDESTE,SP,3530,RRAS13,35031,CENTRAL DO DRS III,355475,3554755,TRABIJU
SUDESTE,SP,3526,RRAS17,35174,VALE DO PARAÍBA/REGIÃO SERRANA,355480,3554805,TREMEMBE
SUDESTE,SP,3531,RRAS12,35152,SANTA FÉ DO SUL,355490,3554904,TRES FRONTEIRAS
SUDESTE,SP,3527,RRAS16,35071,BRAGANÇA,355495,3554953,TUIUTI
SUDESTE,SP,3533,RRAS10,35095,TUPÃ,355500,3555000,TUPA
SUDESTE,SP,3532,RRAS11,35111,ALTA PAULISTA,355510,3555109,TUPI PAULISTA
SUDESTE,SP,3531,RRAS12,35023,CONSÓRCIOS DO DRS II,355520,3555208,TURIUBA
SUDESTE,SP,3531,RRAS12,35154,FERNANDÓPOLIS,355530,3555307,TURMALINA
SUDESTE,SP,3531,RRAS12,35156,JOSÉ BONIFÁCIO,355535,3555356,UBARANA
SUDESTE,SP,3526,RRAS17,35173,LITORAL NORTE,355540,3555406,UBATUBA
SUDESTE,SP,3533,RRAS10,35093,MARÍLIA,355550,3555505,UBIRAJARA
SUDESTE,SP,3531,RRAS12,35155,SÃO JOSÉ DO RIO PRETO,355560,3555604,UCHOA
SUDESTE,SP,3531,RRAS12,35156,JOSÉ BONIFÁCIO,355570,3555703,UNIAO PAULISTA
SUDESTE,SP,3531,RRAS12,35153,JALES,355580,3555802,URANIA
SUDESTE,SP,3518,RRAS9,35065,LINS,355590,3555901,URU
SUDESTE,SP,3531,RRAS12,35151,CATANDUVA,355600,3556008,URUPES
SUDESTE,SP,3531,RRAS12,35157,VOTUPORANGA,355610,3556107,VALENTIM GENTIL
SUDESTE,SP,3528,RRAS15,35072,REGIÃO METROPOLITANA DE CAMPINAS,355620,3556206,VALINHOS
SUDESTE,SP,3531,RRAS12,35021,CENTRAL DO DRS II,355630,3556305,VALPARAISO
SUDESTE,SP,3527,RRAS16,35071,BRAGANÇA,355635,3556354,VARGEM
SUDESTE,SP,3528,RRAS15,35142,MANTIQUEIRA,355640,3556404,VARGEM GRANDE DO SUL
SUDESTE,SP,3523,RRAS4,35013,MANANCIAIS,355645,3556453,VARGEM GRANDE PAULISTA
SUDESTE,SP,3527,RRAS16,35073,JUNDIAÍ,355650,3556503,VARZEA PAULISTA
SUDESTE,SP,3533,RRAS10,35093,MARÍLIA,355660,3556602,VERA CRUZ
SUDESTE,SP,3528,RRAS15,35072,REGIÃO METROPOLITANA DE CAMPINAS,355670,3556701,VINHEDO
SUDESTE,SP,3530,RRAS13,35052,SUL - BARRETOS,355680,3556800,VIRADOURO
SUDESTE,SP,3530,RRAS13,35052,SUL - BARRETOS,355690,3556909,VISTA ALEGRE DO ALTO
SUDESTE,SP,3531,RRAS12,35153,JALES,355695,3556958,VITORIA BRASIL
SUDESTE,SP,3519,RRAS8,35163,SOROCABA,355700,3557006,VOTORANTIM
SUDESTE,SP,3531,RRAS12,35157,VOTUPORANGA,355710,3557105,VOTUPORANGA
SUDESTE,SP,3531,RRAS12,35156,JOSÉ BONIFÁCIO,355715,3557154,ZACARIAS
SUDESTE,SP,3533,RRAS10,35094,OURINHOS,355720,3557204,CHAVANTES
SUDESTE,SP,3528,RRAS15,35141,BAIXA MOGIANA,355730,3557303,ESTIVA GERBI
SUL,PR,4105,MACRORREGIONAL NORTE,41018,18ª RS CORNÉLIO PROCÓPIO,410010,4100103,ABATIA
SUL,PR,4107,MACRORREGIONAL LESTE,41002,2ª RS METROPOLITANA,410020,4100202,ADRIANOPOLIS
SUL,PR,4107,MACRORREGIONAL LESTE,41002,2ª RS METROPOLITANA,410030,4100301,AGUDOS DO SUL
SUL,PR,4107,MACRORREGIONAL LESTE,41002,2ª RS METROPOLITANA,410040,4100400,ALMIRANTE TAMANDARE
SUL,PR,4106,MACRORREGIONAL NOROESTE,41011,11ª RS CAMPO MOURÃO,410045,4100459,ALTAMIRA DO PARANA
SUL,PR,4106,MACRORREGIONAL NOROESTE,41012,12ª RS UMUARAMA,410050,4100509,ALTONIA
SUL,PR,4106,MACRORREGIONAL NOROESTE,41014,14ª RS PARANAVAÍ,410060,4100608,ALTO PARANA
SUL,PR,4106,MACRORREGIONAL NOROESTE,41012,12ª RS UMUARAMA,410070,4100707,ALTO PIQUIRI
SUL,PR,4105,MACRORREGIONAL NORTE,41017,17ª RS LONDRINA,410080,4100806,ALVORADA DO SUL
SUL,PR,4106,MACRORREGIONAL NOROESTE,41014,14ª RS PARANAVAÍ,410090,4100905,AMAPORA
SUL,PR,4108,MACRORREGIAO OESTE,41008,8ª RS FRANCISCO BELTRÃO,410100,4101002,AMPERE
SUL,PR,4108,MACRORREGIAO OESTE,41010,10ª RS CASCAVEL,410105,4101051,ANAHY
SUL,PR,4105,MACRORREGIONAL NORTE,41018,18ª RS CORNÉLIO PROCÓPIO,410110,4101101,ANDIRA
SUL,PR,4106,MACRORREGIONAL NOROESTE,41015,15ª RS MARINGÁ,410115,4101150,ANGULO
SUL,PR,4107,MACRORREGIONAL LESTE,41001,1ª RS PARANAGUÁ,410120,4101200,ANTONINA
SUL,PR,4107,MACRORREGIONAL LESTE,41006,6ª RS UNIÃO DA VITÓRIA,410130,4101309,ANTONIO OLINTO
SUL,PR,4105,MACRORREGIONAL NORTE,41016,16ª RS APUCARANA,410140,4101408,APUCARANA
SUL,PR,4105,MACRORREGIONAL NORTE,41016,16ª RS APUCARANA,410150,4101507,ARAPONGAS
SUL,PR,4107,MACRORREGIONAL LESTE,41003,3ª RS PONTA GROSSA,410160,4101606,ARAPOTI
SUL,PR,4105,MACRORREGIONAL NORTE,41022,22ª RS IVAIPORÃ,410165,4101655,ARAPUA
SUL,PR,4106,MACRORREGIONAL NOROESTE,41011,11ª RS CAMPO MOURÃO,410170,4101705,ARARUNA
SUL,PR,4107,MACRORREGIONAL LESTE,41002,2ª RS METROPOLITANA,410180,4101804,ARAUCARIA
SUL,PR,4105,MACRORREGIONAL NORTE,41022,22ª RS IVAIPORÃ,410185,4101853,ARIRANHA DO IVAI
SUL,PR,4105,MACRORREGIONAL NORTE,41017,17ª RS LONDRINA,410190,4101903,ASSAI
SUL,PR,4108,MACRORREGIAO OESTE,41020,20ª RS TOLEDO,410200,4102000,ASSIS CHATEAUBRIAND
SUL,PR,4106,MACRORREGIONAL NOROESTE,41015,15ª RS MARINGÁ,410210,4102109,ASTORGA
SUL,PR,4106,MACRORREGIONAL NOROESTE,41015,15ª RS MARINGÁ,410220,4102208,ATALAIA
SUL,PR,4107,MACRORREGIONAL LESTE,41002,2ª RS METROPOLITANA,410230,4102307,BALSA NOVA
SUL,PR,4105,MACRORREGIONAL NORTE,41018,18ª RS CORNÉLIO PROCÓPIO,410240,4102406,BANDEIRANTES
SUL,PR,4106,MACRORREGIONAL NOROESTE,41011,11ª RS CAMPO MOURÃO,410250,4102505,BARBOSA FERRAZ
SUL,PR,4108,MACRORREGIAO OESTE,41008,8ª RS FRANCISCO BELTRÃO,410260,4102604,BARRACAO
SUL,PR,4105,MACRORREGIONAL NORTE,41019,19ª RS JACAREZINHO,410270,4102703,BARRA DO JACARE
SUL,PR,4108,MACRORREGIAO OESTE,41008,8ª RS FRANCISCO BELTRÃO,410275,4102752,BELA VISTA DA CAROBA
SUL,PR,4105,MACRORREGIONAL NORTE,41017,17ª RS LONDRINA,410280,4102802,BELA VISTA DO PARAISO
SUL,PR,4107,MACRORREGIONAL LESTE,41006,6ª RS UNIÃO DA VITÓRIA,410290,4102901,BITURUNA
SUL,PR,4106,MACRORREGIONAL NOROESTE,41011,11ª RS CAMPO MOURÃO,410300,4103008,BOA ESPERANCA
SUL,PR,4108,MACRORREGIAO OESTE,41008,8ª RS FRANCISCO BELTRÃO,410302,4103024,BOA ESPERANCA DO IGUACU
SUL,PR,4107,MACRORREGIONAL LESTE,41005,5ª RS GUARAPUAVA,410304,4103040,BOA VENTURA DE SAO ROQUE
SUL,PR,4108,MACRORREGIAO OESTE,41010,10ª RS CASCAVEL,410305,4103057,BOA VISTA DA APARECIDA
SUL,PR,4107,MACRORREGIONAL LESTE,41002,2ª RS METROPOLITANA,410310,4103107,BOCAIUVA DO SUL
SUL,PR,4108,MACRORREGIAO OESTE,41008,8ª RS FRANCISCO BELTRÃO,410315,4103156,BOM JESUS DO SUL
SUL,PR,4105,MACRORREGIONAL NORTE,41016,16ª RS APUCARANA,410320,4103206,BOM SUCESSO
SUL,PR,4108,MACRORREGIAO OESTE,41007,7ª RS PATO BRANCO,410322,4103222,BOM SUCESSO DO SUL
SUL,PR,4105,MACRORREGIONAL NORTE,41016,16ª RS APUCARANA,410330,4103305,BORRAZOPOLIS
SUL,PR,4108,MACRORREGIAO OESTE,41010,10ª RS CASCAVEL,410335,4103354,BRAGANEY
SUL,PR,4106,MACRORREGIONAL NOROESTE,41012,12ª RS UMUARAMA,410337,4103370,BRASILANDIA DO SUL
SUL,PR,4105,MACRORREGIONAL NORTE,41017,17ª RS LONDRINA,410340,4103404,CAFEARA
SUL,PR,4108,MACRORREGIAO OESTE,41010,10ª RS CASCAVEL,410345,4103453,CAFELANDIA
SUL,PR,4106,MACRORREGIONAL NOROESTE,41012,12ª RS UMUARAMA,410347,4103479,CAFEZAL DO SUL
SUL,PR,4105,MACRORREGIONAL NORTE,41016,16ª RS APUCARANA,410350,4103503,CALIFORNIA
SUL,PR,4105,MACRORREGIONAL NORTE,41019,19ª RS JACAREZINHO,410360,4103602,CAMBARA
SUL,PR,4105,MACRORREGIONAL NORTE,41017,17ª RS LONDRINA,410370,4103701,CAMBE
SUL,PR,4105,MACRORREGIONAL NORTE,41016,16ª RS APUCARANA,410380,4103800,CAMBIRA
SUL,PR,4106,MACRORREGIONAL NOROESTE,41011,11ª RS CAMPO MOURÃO,410390,4103909,CAMPINA DA LAGOA
SUL,PR,4107,MACRORREGIONAL LESTE,41005,5ª RS GUARAPUAVA,410395,4103958,CAMPINA DO SIMAO
SUL,PR,4107,MACRORREGIONAL LESTE,41002,2ª RS METROPOLITANA,410400,4104006,CAMPINA GRANDE DO SUL
SUL,PR,4108,MACRORREGIAO OESTE,41010,10ª RS CASCAVEL,410405,4104055,CAMPO BONITO
SUL,PR,4107,MACRORREGIONAL LESTE,41002,2ª RS METROPOLITANA,410410,4104105,CAMPO DO TENENTE
SUL,PR,4107,MACRORREGIONAL LESTE,41002,2ª RS METROPOLITANA,410420,4104204,CAMPO LARGO
SUL,PR,4107,MACRORREGIONAL LESTE,41002,2ª RS METROPOLITANA,410425,4104253,CAMPO MAGRO
SUL,PR,4106,MACRORREGIONAL NOROESTE,41011,11ª RS CAMPO MOURÃO,410430,4104303,CAMPO MOURAO
SUL,PR,4105,MACRORREGIONAL NORTE,41022,22ª RS IVAIPORÃ,410440,4104402,CANDIDO DE ABREU
SUL,PR,4107,MACRORREGIONAL LESTE,41005,5ª RS GUARAPUAVA,410442,4104428,CANDOI
SUL,PR,4107,MACRORREGIONAL LESTE,41005,5ª RS GUARAPUAVA,410445,4104451,CANTAGALO
SUL,PR,4108,MACRORREGIAO OESTE,41008,8ª RS FRANCISCO BELTRÃO,410450,4104501,CAPANEMA
SUL,PR,4108,MACRORREGIAO OESTE,41010,10ª RS CASCAVEL,410460,4104600,CAPITAO LEONIDAS MARQUES
SUL,PR,4107,MACRORREGIONAL LESTE,41003,3ª RS PONTA GROSSA,410465,4104659,CARAMBEI
SUL,PR,4105,MACRORREGIONAL NORTE,41019,19ª RS JACAREZINHO,410470,4104709,CARLOPOLIS
SUL,PR,4108,MACRORREGIAO OESTE,41010,10ª RS CASCAVEL,410480,4104808,CASCAVEL
SUL,PR,4107,MACRORREGIONAL LESTE,41003,3ª RS PONTA GROSSA,410490,4104907,CASTRO
SUL,PR,4108,MACRORREGIAO OESTE,41010,10ª RS CASCAVEL,410500,4105003,CATANDUVAS
SUL,PR,4105,MACRORREGIONAL NORTE,41017,17ª RS LONDRINA,410510,4105102,CENTENARIO DO SUL
SUL,PR,4107,MACRORREGIONAL LESTE,41002,2ª RS METROPOLITANA,410520,4105201,CERRO AZUL
SUL,PR,4108,MACRORREGIAO OESTE,41010,10ª RS CASCAVEL,410530,4105300,CEU AZUL
SUL,PR,4108,MACRORREGIAO OESTE,41007,7ª RS PATO BRANCO,410540,4105409,CHOPINZINHO
SUL,PR,4106,MACRORREGIONAL NOROESTE,41013,13ª RS CIANORTE,410550,4105508,CIANORTE
SUL,PR,4106,MACRORREGIONAL NOROESTE,41013,13ª RS CIANORTE,410560,4105607,CIDADE GAUCHA
SUL,PR,4108,MACRORREGIAO OESTE,41007,7ª RS PATO BRANCO,410570,4105706,CLEVELANDIA
SUL,PR,4107,MACRORREGIONAL LESTE,41002,2ª RS METROPOLITANA,410580,4105805,COLOMBO
SUL,PR,4106,MACRORREGIONAL NOROESTE,41015,15ª RS MARINGÁ,410590,4105904,COLORADO
SUL,PR,4105,MACRORREGIONAL NORTE,41018,18ª RS CORNÉLIO PROCÓPIO,410600,4106001,CONGONHINHAS
SUL,PR,4105,MACRORREGIONAL NORTE,41019,19ª RS JACAREZINHO,410610,4106100,CONSELHEIRO MAIRINCK
SUL,PR,4107,MACRORREGIONAL LESTE,41002,2ª RS METROPOLITANA,410620,4106209,CONTENDA
SUL,PR,4108,MACRORREGIAO OESTE,41010,10ª RS CASCAVEL,410630,4106308,CORBELIA
SUL,PR,4105,MACRORREGIONAL NORTE,41018,18ª RS CORNÉLIO PROCÓPIO,410640,4106407,CORNELIO PROCOPIO
SUL,PR,4108,MACRORREGIAO OESTE,41007,7ª RS PATO BRANCO,410645,4106456,CORONEL DOMINGOS SOARES
SUL,PR,4108,MACRORREGIAO OESTE,41007,7ª RS PATO BRANCO,410650,4106506,CORONEL VIVIDA
SUL,PR,4106,MACRORREGIONAL NOROESTE,41011,11ª RS CAMPO MOURÃO,410655,4106555,CORUMBATAI DO SUL
SUL,PR,4108,MACRORREGIAO OESTE,41008,8ª RS FRANCISCO BELTRÃO,410657,4106571,CRUZEIRO DO IGUACU
SUL,PR,4106,MACRORREGIONAL NOROESTE,41012,12ª RS UMUARAMA,410660,4106605,CRUZEIRO DO OESTE
SUL,PR,4106,MACRORREGIONAL NOROESTE,41014,14ª RS PARANAVAÍ,410670,4106704,CRUZEIRO DO SUL
SUL,PR,4107,MACRORREGIONAL LESTE,41006,6ª RS UNIÃO DA VITÓRIA,410680,4106803,CRUZ MACHADO
SUL,PR,4105,MACRORREGIONAL NORTE,41022,22ª RS IVAIPORÃ,410685,4106852,CRUZMALTINA
SUL,PR,4107,MACRORREGIONAL LESTE,41002,2ª RS METROPOLITANA,410690,4106902,CURITIBA
SUL,PR,4107,MACRORREGIONAL LESTE,41021,21ª RS TELÊMACO BORBA,410700,4107009,CURIUVA
SUL,PR,4106,MACRORREGIONAL NOROESTE,41014,14ª RS PARANAVAÍ,410710,4107108,DIAMANTE DO NORTE
SUL,PR,4108,MACRORREGIAO OESTE,41010,10ª RS CASCAVEL,410712,4107124,DIAMANTE DO SUL
SUL,PR,4108,MACRORREGIAO OESTE,41020,20ª RS TOLEDO,410715,4107157,DIAMANTE D'OESTE
SUL,PR,4108,MACRORREGIAO OESTE,41008,8ª RS FRANCISCO BELTRÃO,410720,4107207,DOIS VIZINHOS
SUL,PR,4106,MACRORREGIONAL NOROESTE,41012,12ª RS UMUARAMA,410725,4107256,DOURADINA
SUL,PR,4106,MACRORREGIONAL NOROESTE,41015,15ª RS MARINGÁ,410730,4107306,DOUTOR CAMARGO
SUL,PR,4108,MACRORREGIAO OESTE,41008,8ª RS FRANCISCO BELTRÃO,410740,4107405,ENEAS MARQUES
SUL,PR,4106,MACRORREGIONAL NOROESTE,41011,11ª RS CAMPO MOURÃO,410750,4107504,ENGENHEIRO BELTRAO
SUL,PR,4106,MACRORREGIONAL NOROESTE,41012,12ª RS UMUARAMA,410752,4107520,ESPERANCA NOVA
SUL,PR,4108,MACRORREGIAO OESTE,41020,20ª RS TOLEDO,410753,4107538,ENTRE RIOS DO OESTE
SUL,PR,4108,MACRORREGIAO OESTE,41010,10ª RS CASCAVEL,410754,4107546,ESPIGAO ALTO DO IGUACU
SUL,PR,4106,MACRORREGIONAL NOROESTE,41011,11ª RS CAMPO MOURÃO,410755,4107553,FAROL
SUL,PR,4105,MACRORREGIONAL NORTE,41016,16ª RS APUCARANA,410760,4107603,FAXINAL
SUL,PR,4107,MACRORREGIONAL LESTE,41002,2ª RS METROPOLITANA,410765,4107652,FAZENDA RIO GRANDE
SUL,PR,4106,MACRORREGIONAL NOROESTE,41011,11ª RS CAMPO MOURÃO,410770,4107702,FENIX
SUL,PR,4107,MACRORREGIONAL LESTE,41004,4ª RS IRATI,410773,4107736,FERNANDES PINHEIRO
SUL,PR,4105,MACRORREGIONAL NORTE,41019,19ª RS JACAREZINHO,410775,4107751,FIGUEIRA
SUL,PR,4106,MACRORREGIONAL NOROESTE,41015,15ª RS MARINGÁ,410780,4107801,FLORAI
SUL,PR,4108,MACRORREGIAO OESTE,41008,8ª RS FRANCISCO BELTRÃO,410785,4107850,FLOR DA SERRA DO SUL
SUL,PR,4106,MACRORREGIONAL NOROESTE,41015,15ª RS MARINGÁ,410790,4107900,FLORESTA
SUL,PR,4105,MACRORREGIONAL NORTE,41017,17ª RS LONDRINA,410800,4108007,FLORESTOPOLIS
SUL,PR,4106,MACRORREGIONAL NOROESTE,41015,15ª RS MARINGÁ,410810,4108106,FLORIDA
SUL,PR,4108,MACRORREGIAO OESTE,41010,10ª RS CASCAVEL,410820,4108205,FORMOSA DO OESTE
SUL,PR,4108,MACRORREGIAO OESTE,41009,9ª RS FOZ DO IGUAÇU,410830,4108304,FOZ DO IGUACU
SUL,PR,4106,MACRORREGIONAL NOROESTE,41012,12ª RS UMUARAMA,410832,4108320,FRANCISCO ALVES
SUL,PR,4108,MACRORREGIAO OESTE,41008,8ª RS FRANCISCO BELTRÃO,410840,4108403,FRANCISCO BELTRAO
SUL,PR,4107,MACRORREGIONAL LESTE,41005,5ª RS GUARAPUAVA,410845,4108452,FOZ DO JORDAO
SUL,PR,4107,MACRORREGIONAL LESTE,41006,6ª RS UNIÃO DA VITÓRIA,410850,4108502,GENERAL CARNEIRO
SUL,PR,4105,MACRORREGIONAL NORTE,41022,22ª RS IVAIPORÃ,410855,4108551,GODOY MOREIRA
SUL,PR,4106,MACRORREGIONAL NOROESTE,41011,11ª RS CAMPO MOURÃO,410860,4108601,GOIOERE
SUL,PR,4107,MACRORREGIONAL LESTE,41005,5ª RS GUARAPUAVA,410865,4108650,GOIOXIM
SUL,PR,4105,MACRORREGIONAL NORTE,41016,16ª RS APUCARANA,410870,4108700,GRANDES RIOS
SUL,PR,4108,MACRORREGIAO OESTE,41020,20ª RS TOLEDO,410880,4108809,GUAIRA
SUL,PR,4106,MACRORREGIONAL NOROESTE,41014,14ª RS PARANAVAÍ,410890,4108908,GUAIRACA
SUL,PR,4107,MACRORREGIONAL LESTE,41004,4ª RS IRATI,410895,4108957,GUAMIRANGA
SUL,PR,4105,MACRORREGIONAL NORTE,41019,19ª RS JACAREZINHO,410900,4109005,GUAPIRAMA
SUL,PR,4106,MACRORREGIONAL NOROESTE,41013,13ª RS CIANORTE,410910,4109104,GUAPOREMA
SUL,PR,4105,MACRORREGIONAL NORTE,41017,17ª RS LONDRINA,410920,4109203,GUARACI
SUL,PR,4108,MACRORREGIAO OESTE,41010,10ª RS CASCAVEL,410930,4109302,GUARANIACU
SUL,PR,4107,MACRORREGIONAL LESTE,41005,5ª RS GUARAPUAVA,410940,4109401,GUARAPUAVA
SUL,PR,4107,MACRORREGIONAL LESTE,41001,1ª RS PARANAGUÁ,410950,4109500,GUARAQUECABA
SUL,PR,4107,MACRORREGIONAL LESTE,41001,1ª RS PARANAGUÁ,410960,4109609,GUARATUBA
SUL,PR,4108,MACRORREGIAO OESTE,41007,7ª RS PATO BRANCO,410965,4109658,HONORIO SERPA
SUL,PR,4105,MACRORREGIONAL NORTE,41019,19ª RS JACAREZINHO,410970,4109708,IBAITI
SUL,PR,4108,MACRORREGIAO OESTE,41010,10ª RS CASCAVEL,410975,4109757,IBEMA
SUL,PR,4105,MACRORREGIONAL NORTE,41017,17ª RS LONDRINA,410980,4109807,IBIPORA
SUL,PR,4106,MACRORREGIONAL NOROESTE,41012,12ª RS UMUARAMA,410990,4109906,ICARAIMA
SUL,PR,4106,MACRORREGIONAL NOROESTE,41015,15ª RS MARINGÁ,411000,4110003,IGUARACU
SUL,PR,4108,MACRORREGIAO OESTE,41010,10ª RS CASCAVEL,411005,4110052,IGUATU
SUL,PR,4107,MACRORREGIONAL LESTE,41021,21ª RS TELÊMACO BORBA,411007,4110078,IMBAU
SUL,PR,4107,MACRORREGIONAL LESTE,41004,4ª RS IRATI,411010,4110102,IMBITUVA
SUL,PR,4107,MACRORREGIONAL LESTE,41004,4ª RS IRATI,411020,4110201,INACIO MARTINS
SUL,PR,4106,MACRORREGIONAL NOROESTE,41014,14ª RS PARANAVAÍ,411030,4110300,INAJA
SUL,PR,4106,MACRORREGIONAL NOROESTE,41013,13ª RS CIANORTE,411040,4110409,INDIANOPOLIS
SUL,PR,4107,MACRORREGIONAL LESTE,41003,3ª RS PONTA GROSSA,411050,4110508,IPIRANGA
SUL,PR,4106,MACRORREGIONAL NOROESTE,41012,12ª RS UMUARAMA,411060,4110607,IPORA
SUL,PR,4108,MACRORREGIAO OESTE,41010,10ª RS CASCAVEL,411065,4110656,IRACEMA DO OESTE
SUL,PR,4107,MACRORREGIONAL LESTE,41004,4ª RS IRATI,411070,4110706,IRATI
SUL,PR,4106,MACRORREGIONAL NOROESTE,41011,11ª RS CAMPO MOURÃO,411080,4110805,IRETAMA
SUL,PR,4106,MACRORREGIONAL NOROESTE,41015,15ª RS MARINGÁ,411090,4110904,ITAGUAJE
SUL,PR,4108,MACRORREGIAO OESTE,41009,9ª RS FOZ DO IGUAÇU,411095,4110953,ITAIPULANDIA
SUL,PR,4105,MACRORREGIONAL NORTE,41018,18ª RS CORNÉLIO PROCÓPIO,411100,4111001,ITAMBARACA
SUL,PR,4106,MACRORREGIONAL NOROESTE,41015,15ª RS MARINGÁ,411110,4111100,ITAMBE
SUL,PR,4108,MACRORREGIAO OESTE,41007,7ª RS PATO BRANCO,411120,4111209,ITAPEJARA D'OESTE
SUL,PR,4107,MACRORREGIONAL LESTE,41002,2ª RS METROPOLITANA,411125,4111258,ITAPERUCU
SUL,PR,4106,MACRORREGIONAL NOROESTE,41014,14ª RS PARANAVAÍ,411130,4111308,ITAUNA DO SUL
SUL,PR,4107,MACRORREGIONAL LESTE,41003,3ª RS PONTA GROSSA,411140,4111407,IVAI
SUL,PR,4105,MACRORREGIONAL NORTE,41022,22ª RS IVAIPORÃ,411150,4111506,IVAIPORA
SUL,PR,4106,MACRORREGIONAL NOROESTE,41012,12ª RS UMUARAMA,411155,4111555,IVATE
SUL,PR,4106,MACRORREGIONAL NOROESTE,41015,15ª RS MARINGÁ,411160,4111605,IVATUBA
SUL,PR,4105,MACRORREGIONAL NORTE,41019,19ª RS JACAREZINHO,411170,4111704,JABOTI
SUL,PR,4105,MACRORREGIONAL NORTE,41019,19ª RS JACAREZINHO,411180,4111803,JACAREZINHO
SUL,PR,4105,MACRORREGIONAL NORTE,41017,17ª RS LONDRINA,411190,4111902,JAGUAPITA
SUL,PR,4107,MACRORREGIONAL LESTE,41003,3ª RS PONTA GROSSA,411200,4112009,JAGUARIAIVA
SUL,PR,4105,MACRORREGIONAL NORTE,41016,16ª RS APUCARANA,411210,4112108,JANDAIA DO SUL
SUL,PR,4106,MACRORREGIONAL NOROESTE,41011,11ª RS CAMPO MOURÃO,411220,4112207,JANIOPOLIS
SUL,PR,4105,MACRORREGIONAL NORTE,41019,19ª RS JACAREZINHO,411230,4112306,JAPIRA
SUL,PR,4106,MACRORREGIONAL NOROESTE,41013,13ª RS CIANORTE,411240,4112405,JAPURA
SUL,PR,4105,MACRORREGIONAL NORTE,41022,22ª RS IVAIPORÃ,411250,4112504,JARDIM ALEGRE
SUL,PR,4106,MACRORREGIONAL NOROESTE,41014,14ª RS PARANAVAÍ,411260,4112603,JARDIM OLINDA
SUL,PR,4105,MACRORREGIONAL NORTE,41017,17ª RS LONDRINA,411270,4112702,JATAIZINHO
SUL,PR,4108,MACRORREGIAO OESTE,41010,10ª RS CASCAVEL,411275,4112751,JESUITAS
SUL,PR,4105,MACRORREGIONAL NORTE,41019,19ª RS JACAREZINHO,411280,4112801,JOAQUIM TAVORA
SUL,PR,4105,MACRORREGIONAL NORTE,41019,19ª RS JACAREZINHO,411290,4112900,JUNDIAI DO SUL
SUL,PR,4106,MACRORREGIONAL NOROESTE,41011,11ª RS CAMPO MOURÃO,411295,4112959,JURANDA
SUL,PR,4106,MACRORREGIONAL NOROESTE,41013,13ª RS CIANORTE,411300,4113007,JUSSARA
SUL,PR,4105,MACRORREGIONAL NORTE,41016,16ª RS APUCARANA,411310,4113106,KALORE
SUL,PR,4107,MACRORREGIONAL LESTE,41002,2ª RS METROPOLITANA,411320,4113205,LAPA
SUL,PR,4107,MACRORREGIONAL LESTE,41005,5ª RS GUARAPUAVA,411325,4113254,LARANJAL
SUL,PR,4107,MACRORREGIONAL LESTE,41005,5ª RS GUARAPUAVA,411330,4113304,LARANJEIRAS DO SUL
SUL,PR,4105,MACRORREGIONAL NORTE,41018,18ª RS CORNÉLIO PROCÓPIO,411340,4113403,LEOPOLIS
SUL,PR,4105,MACRORREGIONAL NORTE,41022,22ª RS IVAIPORÃ,411342,4113429,LIDIANOPOLIS
SUL,PR,4108,MACRORREGIAO OESTE,41010,10ª RS CASCAVEL,411345,4113452,LINDOESTE
SUL,PR,4106,MACRORREGIONAL NOROESTE,41014,14ª RS PARANAVAÍ,411350,4113502,LOANDA
SUL,PR,4106,MACRORREGIONAL NOROESTE,41015,15ª RS MARINGÁ,411360,4113601,LOBATO
SUL,PR,4105,MACRORREGIONAL NORTE,41017,17ª RS LONDRINA,411370,4113700,LONDRINA
SUL,PR,4106,MACRORREGIONAL NOROESTE,41011,11ª RS CAMPO MOURÃO,411373,4113734,LUIZIANA
SUL,PR,4105,MACRORREGIONAL NORTE,41022,22ª RS IVAIPORÃ,411375,4113759,LUNARDELLI
SUL,PR,4105,MACRORREGIONAL NORTE,41017,17ª RS LONDRINA,411380,4113809,LUPIONOPOLIS
SUL,PR,4107,MACRORREGIONAL LESTE,41004,4ª RS IRATI,411390,4113908,MALLET
SUL,PR,4106,MACRORREGIONAL NOROESTE,41011,11ª RS CAMPO MOURÃO,411400,4114005,MAMBORE
SUL,PR,4106,MACRORREGIONAL NOROESTE,41015,15ª RS MARINGÁ,411410,4114104,MANDAGUACU
SUL,PR,4106,MACRORREGIONAL NOROESTE,41015,15ª RS MARINGÁ,411420,4114203,MANDAGUARI
SUL,PR,4107,MACRORREGIONAL LESTE,41002,2ª RS METROPOLITANA,411430,4114302,MANDIRITUBA
SUL,PR,4108,MACRORREGIAO OESTE,41008,8ª RS FRANCISCO BELTRÃO,411435,4114351,MANFRINOPOLIS
SUL,PR,4108,MACRORREGIAO OESTE,41007,7ª RS PATO BRANCO,411440,4114401,MANGUEIRINHA
SUL,PR,4105,MACRORREGIONAL NORTE,41022,22ª RS IVAIPORÃ,411450,4114500,MANOEL RIBAS
SUL,PR,4108,MACRORREGIAO OESTE,41020,20ª RS TOLEDO,411460,4114609,MARECHAL CANDIDO RONDON
SUL,PR,4106,MACRORREGIONAL NOROESTE,41012,12ª RS UMUARAMA,411470,4114708,MARIA HELENA
SUL,PR,4106,MACRORREGIONAL NOROESTE,41015,15ª RS MARINGÁ,411480,4114807,MARIALVA
SUL,PR,4105,MACRORREGIONAL NORTE,41016,16ª RS APUCARANA,411490,4114906,MARILANDIA DO SUL
SUL,PR,4106,MACRORREGIONAL NOROESTE,41014,14ª RS PARANAVAÍ,411500,4115002,MARILENA
SUL,PR,4106,MACRORREGIONAL NOROESTE,41012,12ª RS UMUARAMA,411510,4115101,MARILUZ
SUL,PR,4106,MACRORREGIONAL NOROESTE,41015,15ª RS MARINGÁ,411520,4115200,MARINGA
SUL,PR,4108,MACRORREGIAO OESTE,41007,7ª RS PATO BRANCO,411530,4115309,MARIOPOLIS
SUL,PR,4108,MACRORREGIAO OESTE,41020,20ª RS TOLEDO,411535,4115358,MARIPA
SUL,PR,4108,MACRORREGIAO OESTE,41008,8ª RS FRANCISCO BELTRÃO,411540,4115408,MARMELEIRO
SUL,PR,4107,MACRORREGIONAL LESTE,41005,5ª RS GUARAPUAVA,411545,4115457,MARQUINHO
SUL,PR,4105,MACRORREGIONAL NORTE,41016,16ª RS APUCARANA,411550,4115507,MARUMBI
SUL,PR,4108,MACRORREGIAO OESTE,41009,9ª RS FOZ DO IGUAÇU,411560,4115606,MATELANDIA
SUL,PR,4107,MACRORREGIONAL LESTE,41001,1ª RS PARANAGUÁ,411570,4115705,MATINHOS
SUL,PR,4105,MACRORREGIONAL NORTE,41022,22ª RS IVAIPORÃ,411573,4115739,MATO RICO
SUL,PR,4105,MACRORREGIONAL NORTE,41016,16ª RS APUCARANA,411575,4115754,MAUA DA SERRA
SUL,PR,4108,MACRORREGIAO OESTE,41009,9ª RS FOZ DO IGUAÇU,411580,4115804,MEDIANEIRA
SUL,PR,4108,MACRORREGIAO OESTE,41020,20ª RS TOLEDO,411585,4115853,MERCEDES
SUL,PR,4106,MACRORREGIONAL NOROESTE,41014,14ª RS PARANAVAÍ,411590,4115903,MIRADOR
SUL,PR,4105,MACRORREGIONAL NORTE,41017,17ª RS LONDRINA,411600,4116000,MIRASELVA
SUL,PR,4108,MACRORREGIAO OESTE,41009,9ª RS FOZ DO IGUAÇU,411605,4116059,MISSAL
SUL,PR,4106,MACRORREGIONAL NOROESTE,41011,11ª RS CAMPO MOURÃO,411610,4116109,MOREIRA SALES
SUL,PR,4107,MACRORREGIONAL LESTE,41001,1ª RS PARANAGUÁ,411620,4116208,MORRETES
SUL,PR,4106,MACRORREGIONAL NOROESTE,41015,15ª RS MARINGÁ,411630,4116307,MUNHOZ DE MELO
SUL,PR,4106,MACRORREGIONAL NOROESTE,41015,15ª RS MARINGÁ,411640,4116406,NOSSA SENHORA DAS GRACAS
SUL,PR,4106,MACRORREGIONAL NOROESTE,41014,14ª RS PARANAVAÍ,411650,4116505,NOVA ALIANCA DO IVAI
SUL,PR,4105,MACRORREGIONAL NORTE,41018,18ª RS CORNÉLIO PROCÓPIO,411660,4116604,NOVA AMERICA DA COLINA
SUL,PR,4108,MACRORREGIAO OESTE,41010,10ª RS CASCAVEL,411670,4116703,NOVA AURORA
SUL,PR,4106,MACRORREGIONAL NOROESTE,41011,11ª RS CAMPO MOURÃO,411680,4116802,NOVA CANTU
SUL,PR,4106,MACRORREGIONAL NOROESTE,41015,15ª RS MARINGÁ,411690,4116901,NOVA ESPERANCA
SUL,PR,4108,MACRORREGIAO OESTE,41008,8ª RS FRANCISCO BELTRÃO,411695,4116950,NOVA ESPERANCA DO SUDOESTE
SUL,PR,4105,MACRORREGIONAL NORTE,41018,18ª RS CORNÉLIO PROCÓPIO,411700,4117008,NOVA FATIMA
SUL,PR,4107,MACRORREGIONAL LESTE,41005,5ª RS GUARAPUAVA,411705,4117057,NOVA LARANJEIRAS
SUL,PR,4106,MACRORREGIONAL NOROESTE,41014,14ª RS PARANAVAÍ,411710,4117107,NOVA LONDRINA
SUL,PR,4106,MACRORREGIONAL NOROESTE,41012,12ª RS UMUARAMA,411720,4117206,NOVA OLIMPIA
SUL,PR,4105,MACRORREGIONAL NORTE,41018,18ª RS CORNÉLIO PROCÓPIO,411721,4117214,NOVA SANTA BARBARA
SUL,PR,4108,MACRORREGIAO OESTE,41020,20ª RS TOLEDO,411722,4117222,NOVA SANTA ROSA
SUL,PR,4108,MACRORREGIAO OESTE,41008,8ª RS FRANCISCO BELTRÃO,411725,4117255,NOVA PRATA DO IGUACU
SUL,PR,4105,MACRORREGIONAL NORTE,41022,22ª RS IVAIPORÃ,411727,4117271,NOVA TEBAS
SUL,PR,4105,MACRORREGIONAL NORTE,41016,16ª RS APUCARANA,411729,4117297,NOVO ITACOLOMI
SUL,PR,4107,MACRORREGIONAL LESTE,41021,21ª RS TELÊMACO BORBA,411730,4117305,ORTIGUEIRA
SUL,PR,4106,MACRORREGIONAL NOROESTE,41015,15ª RS MARINGÁ,411740,4117404,OURIZONA
SUL,PR,4108,MACRORREGIAO OESTE,41020,20ª RS TOLEDO,411745,4117453,OURO VERDE DO OESTE
SUL,PR,4106,MACRORREGIONAL NOROESTE,41015,15ª RS MARINGÁ,411750,4117503,PAICANDU
SUL,PR,4108,MACRORREGIAO OESTE,41007,7ª RS PATO BRANCO,411760,4117602,PALMAS
SUL,PR,4107,MACRORREGIONAL LESTE,41003,3ª RS PONTA GROSSA,411770,4117701,PALMEIRA
SUL,PR,4107,MACRORREGIONAL LESTE,41005,5ª RS GUARAPUAVA,411780,4117800,PALMITAL
SUL,PR,4108,MACRORREGIAO OESTE,41020,20ª RS TOLEDO,411790,4117909,PALOTINA
SUL,PR,4106,MACRORREGIONAL NOROESTE,41014,14ª RS PARANAVAÍ,411800,4118006,PARAISO DO NORTE
SUL,PR,4106,MACRORREGIONAL NOROESTE,41015,15ª RS MARINGÁ,411810,4118105,PARANACITY
SUL,PR,4107,MACRORREGIONAL LESTE,41001,1ª RS PARANAGUÁ,411820,4118204,PARANAGUA
SUL,PR,4106,MACRORREGIONAL NOROESTE,41014,14ª RS PARANAVAÍ,411830,4118303,PARANAPOEMA
SUL,PR,4106,MACRORREGIONAL NOROESTE,41014,14ª RS PARANAVAÍ,411840,4118402,PARANAVAI
SUL,PR,4108,MACRORREGIAO OESTE,41020,20ª RS TOLEDO,411845,4118451,PATO BRAGADO
SUL,PR,4108,MACRORREGIAO OESTE,41007,7ª RS PATO BRANCO,411850,4118501,PATO BRANCO
SUL,PR,4107,MACRORREGIONAL LESTE,41006,6ª RS UNIÃO DA VITÓRIA,411860,4118600,PAULA FREITAS
SUL,PR,4107,MACRORREGIONAL LESTE,41006,6ª RS UNIÃO DA VITÓRIA,411870,4118709,PAULO FRONTIN
SUL,PR,4106,MACRORREGIONAL NOROESTE,41011,11ª RS CAMPO MOURÃO,411880,4118808,PEABIRU
SUL,PR,4106,MACRORREGIONAL NOROESTE,41012,12ª RS UMUARAMA,411885,4118857,PEROBAL
SUL,PR,4106,MACRORREGIONAL NOROESTE,41012,12ª RS UMUARAMA,411890,4118907,PEROLA
SUL,PR,4108,MACRORREGIAO OESTE,41008,8ª RS FRANCISCO BELTRÃO,411900,4119004,PEROLA D'OESTE
SUL,PR,4107,MACRORREGIONAL LESTE,41002,2ª RS METROPOLITANA,411910,4119103,PIEN
SUL,PR,4107,MACRORREGIONAL LESTE,41002,2ª RS METROPOLITANA,411915,4119152,PINHAIS
SUL,PR,4105,MACRORREGIONAL NORTE,41019,19ª RS JACAREZINHO,411920,4119202,PINHALAO
SUL,PR,4108,MACRORREGIAO OESTE,41008,8ª RS FRANCISCO BELTRÃO,411925,4119251,PINHAL DE SAO BENTO
SUL,PR,4107,MACRORREGIONAL LESTE,41005,5ª RS GUARAPUAVA,411930,4119301,PINHAO
SUL,PR,4107,MACRORREGIONAL LESTE,41003,3ª RS PONTA GROSSA,411940,4119400,PIRAI DO SUL
SUL,PR,4107,MACRORREGIONAL LESTE,41002,2ª RS METROPOLITANA,411950,4119509,PIRAQUARA
SUL,PR,4107,MACRORREGIONAL LESTE,41005,5ª RS GUARAPUAVA,411960,4119608,PITANGA
SUL,PR,4105,MACRORREGIONAL NORTE,41017,17ª RS LONDRINA,411965,4119657,PITANGUEIRAS
SUL,PR,4106,MACRORREGIONAL NOROESTE,41014,14ª RS PARANAVAÍ,411970,4119707,PLANALTINA DO PARANA
SUL,PR,4108,MACRORREGIAO OESTE,41008,8ª RS FRANCISCO BELTRÃO,411980,4119806,PLANALTO
SUL,PR,4107,MACRORREGIONAL LESTE,41003,3ª RS PONTA GROSSA,411990,4119905,PONTA GROSSA
SUL,PR,4107,MACRORREGIONAL LESTE,41001,1ª RS PARANAGUÁ,411995,4119954,PONTAL DO PARANA
SUL,PR,4105,MACRORREGIONAL NORTE,41017,17ª RS LONDRINA,412000,4120002,PORECATU
SUL,PR,4107,MACRORREGIONAL LESTE,41003,3ª RS PONTA GROSSA,412010,4120101,PORTO AMAZONAS
SUL,PR,4107,MACRORREGIONAL LESTE,41005,5ª RS GUARAPUAVA,412015,4120150,PORTO BARREIRO
SUL,PR,4106,MACRORREGIONAL NOROESTE,41014,14ª RS PARANAVAÍ,412020,4120200,PORTO RICO
SUL,PR,4107,MACRORREGIONAL LESTE,41006,6ª RS UNIÃO DA VITÓRIA,412030,4120309,PORTO VITORIA
SUL,PR,4105,MACRORREGIONAL NORTE,41017,17ª RS LONDRINA,412033,4120333,PRADO FERREIRA
SUL,PR,4108,MACRORREGIAO OESTE,41008,8ª RS FRANCISCO BELTRÃO,412035,4120358,PRANCHITA
SUL,PR,4106,MACRORREGIONAL NOROESTE,41015,15ª RS MARINGÁ,412040,4120408,PRESIDENTE CASTELO BRANCO
SUL,PR,4105,MACRORREGIONAL NORTE,41017,17ª RS LONDRINA,412050,4120507,PRIMEIRO DE MAIO
SUL,PR,4107,MACRORREGIONAL LESTE,41005,5ª RS GUARAPUAVA,412060,4120606,PRUDENTOPOLIS
SUL,PR,4106,MACRORREGIONAL NOROESTE,41011,11ª RS CAMPO MOURÃO,412065,4120655,QUARTO CENTENARIO
SUL,PR,4105,MACRORREGIONAL NORTE,41019,19ª RS JACAREZINHO,412070,4120705,QUATIGUA
SUL,PR,4107,MACRORREGIONAL LESTE,41002,2ª RS METROPOLITANA,412080,4120804,QUATRO BARRAS
SUL,PR,4108,MACRORREGIAO OESTE,41020,20ª RS TOLEDO,412085,4120853,QUATRO PONTES
SUL,PR,4108,MACRORREGIAO OESTE,41010,10ª RS CASCAVEL,412090,4120903,QUEDAS DO IGUACU
SUL,PR,4106,MACRORREGIONAL NOROESTE,41014,14ª RS PARANAVAÍ,412100,4121000,QUERENCIA DO NORTE
SUL,PR,4106,MACRORREGIONAL NOROESTE,41011,11ª RS CAMPO MOURÃO,412110,4121109,QUINTA DO SOL
SUL,PR,4107,MACRORREGIONAL LESTE,41002,2ª RS METROPOLITANA,412120,4121208,QUITANDINHA
SUL,PR,4108,MACRORREGIAO OESTE,41009,9ª RS FOZ DO IGUAÇU,412125,4121257,RAMILANDIA
SUL,PR,4105,MACRORREGIONAL NORTE,41018,18ª RS CORNÉLIO PROCÓPIO,412130,4121307,RANCHO ALEGRE
SUL,PR,4106,MACRORREGIONAL NOROESTE,41011,11ª RS CAMPO MOURÃO,412135,4121356,RANCHO ALEGRE D'OESTE
SUL,PR,4108,MACRORREGIAO OESTE,41008,8ª RS FRANCISCO BELTRÃO,412140,4121406,REALEZA
SUL,PR,4107,MACRORREGIONAL LESTE,41004,4ª RS IRATI,412150,4121505,REBOUCAS
SUL,PR,4108,MACRORREGIAO OESTE,41008,8ª RS FRANCISCO BELTRÃO,412160,4121604,RENASCENCA
SUL,PR,4107,MACRORREGIONAL LESTE,41021,21ª RS TELÊMACO BORBA,412170,4121703,RESERVA
SUL,PR,4107,MACRORREGIONAL LESTE,41005,5ª RS GUARAPUAVA,412175,4121752,RESERVA DO IGUACU
SUL,PR,4105,MACRORREGIONAL NORTE,41019,19ª RS JACAREZINHO,412180,4121802,RIBEIRAO CLARO
SUL,PR,4105,MACRORREGIONAL NORTE,41018,18ª RS CORNÉLIO PROCÓPIO,412190,4121901,RIBEIRAO DO PINHAL
SUL,PR,4107,MACRORREGIONAL LESTE,41004,4ª RS IRATI,412200,4122008,RIO AZUL
SUL,PR,4105,MACRORREGIONAL NORTE,41016,16ª RS APUCARANA,412210,4122107,RIO BOM
SUL,PR,4107,MACRORREGIONAL LESTE,41005,5ª RS GUARAPUAVA,412215,4122156,RIO BONITO DO IGUACU
SUL,PR,4105,MACRORREGIONAL NORTE,41022,22ª RS IVAIPORÃ,412217,4122172,RIO BRANCO DO IVAI
SUL,PR,4107,MACRORREGIONAL LESTE,41002,2ª RS METROPOLITANA,412220,4122206,RIO BRANCO DO SUL
SUL,PR,4107,MACRORREGIONAL LESTE,41002,2ª RS METROPOLITANA,412230,4122305,RIO NEGRO
SUL,PR,4105,MACRORREGIONAL NORTE,41017,17ª RS LONDRINA,412240,4122404,ROLANDIA
SUL,PR,4106,MACRORREGIONAL NOROESTE,41011,11ª RS CAMPO MOURÃO,412250,4122503,RONCADOR
SUL,PR,4106,MACRORREGIONAL NOROESTE,41013,13ª RS CIANORTE,412260,4122602,RONDON
SUL,PR,4105,MACRORREGIONAL NORTE,41022,22ª RS IVAIPORÃ,412265,4122651,ROSARIO DO IVAI
SUL,PR,4105,MACRORREGIONAL NORTE,41016,16ª RS APUCARANA,412270,4122701,SABAUDIA
SUL,PR,4108,MACRORREGIAO OESTE,41008,8ª RS FRANCISCO BELTRÃO,412280,4122800,SALGADO FILHO
SUL,PR,4105,MACRORREGIONAL NORTE,41019,19ª RS JACAREZINHO,412290,4122909,SALTO DO ITARARE
SUL,PR,4108,MACRORREGIAO OESTE,41008,8ª RS FRANCISCO BELTRÃO,412300,4123006,SALTO DO LONTRA
SUL,PR,4105,MACRORREGIONAL NORTE,41018,18ª RS CORNÉLIO PROCÓPIO,412310,4123105,SANTA AMELIA
SUL,PR,4105,MACRORREGIONAL NORTE,41018,18ª RS CORNÉLIO PROCÓPIO,412320,4123204,SANTA CECILIA DO PAVAO
SUL,PR,4106,MACRORREGIONAL NOROESTE,41014,14ª RS PARANAVAÍ,412330,4123303,SANTA CRUZ DE MONTE CASTELO
SUL,PR,4106,MACRORREGIONAL NOROESTE,41015,15ª RS MARINGÁ,412340,4123402,SANTA FE
SUL,PR,4108,MACRORREGIAO OESTE,41020,20ª RS TOLEDO,412350,4123501,SANTA HELENA
SUL,PR,4106,MACRORREGIONAL NOROESTE,41015,15ª RS MARINGÁ,412360,4123600,SANTA INES
SUL,PR,4106,MACRORREGIONAL NOROESTE,41014,14ª RS PARANAVAÍ,412370,4123709,SANTA ISABEL DO IVAI
SUL,PR,4108,MACRORREGIAO OESTE,41008,8ª RS FRANCISCO BELTRÃO,412380,4123808,SANTA IZABEL DO OESTE
SUL,PR,4108,MACRORREGIAO OESTE,41010,10ª RS CASCAVEL,412382,4123824,SANTA LUCIA
SUL,PR,4105,MACRORREGIONAL NORTE,41022,22ª RS IVAIPORÃ,412385,4123857,SANTA MARIA DO OESTE
SUL,PR,4105,MACRORREGIONAL NORTE,41018,18ª RS CORNÉLIO PROCÓPIO,412390,4123907,SANTA MARIANA
SUL,PR,4106,MACRORREGIONAL NOROESTE,41014,14ª RS PARANAVAÍ,412395,4123956,SANTA MONICA
SUL,PR,4105,MACRORREGIONAL NORTE,41019,19ª RS JACAREZINHO,412400,4124004,SANTANA DO ITARARE
SUL,PR,4108,MACRORREGIAO OESTE,41010,10ª RS CASCAVEL,412402,4124020,SANTA TEREZA DO OESTE
SUL,PR,4108,MACRORREGIAO OESTE,41009,9ª RS FOZ DO IGUAÇU,412405,4124053,SANTA TEREZINHA DE ITAIPU
SUL,PR,4105,MACRORREGIONAL NORTE,41019,19ª RS JACAREZINHO,412410,4124103,SANTO ANTONIO DA PLATINA
SUL,PR,4106,MACRORREGIONAL NOROESTE,41014,14ª RS PARANAVAÍ,412420,4124202,SANTO ANTONIO DO CAIUA
SUL,PR,4105,MACRORREGIONAL NORTE,41018,18ª RS CORNÉLIO PROCÓPIO,412430,4124301,SANTO ANTONIO DO PARAISO
SUL,PR,4108,MACRORREGIAO OESTE,41008,8ª RS FRANCISCO BELTRÃO,412440,4124400,SANTO ANTONIO DO SUDOESTE
SUL,PR,4106,MACRORREGIONAL NOROESTE,41015,15ª RS MARINGÁ,412450,4124509,SANTO INACIO
SUL,PR,4106,MACRORREGIONAL NOROESTE,41014,14ª RS PARANAVAÍ,412460,4124608,SAO CARLOS DO IVAI
SUL,PR,4105,MACRORREGIONAL NORTE,41018,18ª RS CORNÉLIO PROCÓPIO,412470,4124707,SAO JERONIMO DA SERRA
SUL,PR,4108,MACRORREGIAO OESTE,41007,7ª RS PATO BRANCO,412480,4124806,SAO JOAO
SUL,PR,4106,MACRORREGIONAL NOROESTE,41014,14ª RS PARANAVAÍ,412490,4124905,SAO JOAO DO CAIUA
SUL,PR,4105,MACRORREGIONAL NORTE,41022,22ª RS IVAIPORÃ,412500,4125001,SAO JOAO DO IVAI
SUL,PR,4107,MACRORREGIONAL LESTE,41003,3ª RS PONTA GROSSA,412510,4125100,SAO JOAO DO TRIUNFO
SUL,PR,4108,MACRORREGIAO OESTE,41008,8ª RS FRANCISCO BELTRÃO,412520,4125209,SAO JORGE D'OESTE
SUL,PR,4106,MACRORREGIONAL NOROESTE,41015,15ª RS MARINGÁ,412530,4125308,SAO JORGE DO IVAI
SUL,PR,4106,MACRORREGIONAL NOROESTE,41012,12ª RS UMUARAMA,412535,4125357,SAO JORGE DO PATROCINIO
SUL,PR,4105,MACRORREGIONAL NORTE,41019,19ª RS JACAREZINHO,412540,4125407,SAO JOSE DA BOA VISTA
SUL,PR,4108,MACRORREGIAO OESTE,41020,20ª RS TOLEDO,412545,4125456,SAO JOSE DAS PALMEIRAS
SUL,PR,4107,MACRORREGIONAL LESTE,41002,2ª RS METROPOLITANA,412550,4125506,SAO JOSE DOS PINHAIS
SUL,PR,4106,MACRORREGIONAL NOROESTE,41013,13ª RS CIANORTE,412555,4125555,SAO MANOEL DO PARANA
SUL,PR,4107,MACRORREGIONAL LESTE,41006,6ª RS UNIÃO DA VITÓRIA,412560,4125605,SAO MATEUS DO SUL
SUL,PR,4108,MACRORREGIAO OESTE,41009,9ª RS FOZ DO IGUAÇU,412570,4125704,SAO MIGUEL DO IGUACU
SUL,PR,4108,MACRORREGIAO OESTE,41020,20ª RS TOLEDO,412575,4125753,SAO PEDRO DO IGUACU
SUL,PR,4105,MACRORREGIONAL NORTE,41016,16ª RS APUCARANA,412580,4125803,SAO PEDRO DO IVAI
SUL,PR,4106,MACRORREGIONAL NOROESTE,41014,14ª RS PARANAVAÍ,412590,4125902,SAO PEDRO DO PARANA
SUL,PR,4105,MACRORREGIONAL NORTE,41018,18ª RS CORNÉLIO PROCÓPIO,412600,4126009,SAO SEBASTIAO DA AMOREIRA
SUL,PR,4106,MACRORREGIONAL NOROESTE,41013,13ª RS CIANORTE,412610,4126108,SAO TOME
SUL,PR,4105,MACRORREGIONAL NORTE,41018,18ª RS CORNÉLIO PROCÓPIO,412620,4126207,SAPOPEMA
SUL,PR,4106,MACRORREGIONAL NOROESTE,41015,15ª RS MARINGÁ,412625,4126256,SARANDI
SUL,PR,4108,MACRORREGIAO OESTE,41007,7ª RS PATO BRANCO,412627,4126272,SAUDADE DO IGUACU
SUL,PR,4107,MACRORREGIONAL LESTE,41003,3ª RS PONTA GROSSA,412630,4126306,SENGES
SUL,PR,4108,MACRORREGIAO OESTE,41009,9ª RS FOZ DO IGUAÇU,412635,4126355,SERRANOPOLIS DO IGUACU
SUL,PR,4105,MACRORREGIONAL NORTE,41018,18ª RS CORNÉLIO PROCÓPIO,412640,4126405,SERTANEJA
SUL,PR,4105,MACRORREGIONAL NORTE,41017,17ª RS LONDRINA,412650,4126504,SERTANOPOLIS
SUL,PR,4105,MACRORREGIONAL NORTE,41019,19ª RS JACAREZINHO,412660,4126603,SIQUEIRA CAMPOS
SUL,PR,4108,MACRORREGIAO OESTE,41007,7ª RS PATO BRANCO,412665,4126652,SULINA
SUL,PR,4105,MACRORREGIONAL NORTE,41017,17ª RS LONDRINA,412667,4126678,TAMARANA
SUL,PR,4106,MACRORREGIONAL NOROESTE,41014,14ª RS PARANAVAÍ,412670,4126702,TAMBOARA
SUL,PR,4106,MACRORREGIONAL NOROESTE,41013,13ª RS CIANORTE,412680,4126801,TAPEJARA
SUL,PR,4106,MACRORREGIONAL NOROESTE,41012,12ª RS UMUARAMA,412690,4126900,TAPIRA
SUL,PR,4107,MACRORREGIONAL LESTE,41004,4ª RS IRATI,412700,4127007,TEIXEIRA SOARES
SUL,PR,4107,MACRORREGIONAL LESTE,41021,21ª RS TELÊMACO BORBA,412710,4127106,TELEMACO BORBA
SUL,PR,4106,MACRORREGIONAL NOROESTE,41011,11ª RS CAMPO MOURÃO,412720,4127205,TERRA BOA
SUL,PR,4106,MACRORREGIONAL NOROESTE,41014,14ª RS PARANAVAÍ,412730,4127304,TERRA RICA
SUL,PR,4108,MACRORREGIAO OESTE,41020,20ª RS TOLEDO,412740,4127403,TERRA ROXA
SUL,PR,4107,MACRORREGIONAL LESTE,41021,21ª RS TELÊMACO BORBA,412750,4127502,TIBAGI
SUL,PR,4107,MACRORREGIONAL LESTE,41002,2ª RS METROPOLITANA,412760,4127601,TIJUCAS DO SUL
SUL,PR,4108,MACRORREGIAO OESTE,41020,20ª RS TOLEDO,412770,4127700,TOLEDO
SUL,PR,4105,MACRORREGIONAL NORTE,41019,19ª RS JACAREZINHO,412780,4127809,TOMAZINA
SUL,PR,4108,MACRORREGIAO OESTE,41010,10ª RS CASCAVEL,412785,4127858,TRES BARRAS DO PARANA
SUL,PR,4107,MACRORREGIONAL LESTE,41002,2ª RS METROPOLITANA,412788,4127882,TUNAS DO PARANA
SUL,PR,4106,MACRORREGIONAL NOROESTE,41013,13ª RS CIANORTE,412790,4127908,TUNEIRAS DO OESTE
SUL,PR,4108,MACRORREGIAO OESTE,41020,20ª RS TOLEDO,412795,4127957,TUPASSI
SUL,PR,4107,MACRORREGIONAL LESTE,41005,5ª RS GUARAPUAVA,412796,4127965,TURVO
SUL,PR,4106,MACRORREGIONAL NOROESTE,41011,11ª RS CAMPO MOURÃO,412800,4128005,UBIRATA
SUL,PR,4106,MACRORREGIONAL NOROESTE,41012,12ª RS UMUARAMA,412810,4128104,UMUARAMA
SUL,PR,4107,MACRORREGIONAL LESTE,41006,6ª RS UNIÃO DA VITÓRIA,412820,4128203,UNIAO DA VITORIA
SUL,PR,4106,MACRORREGIONAL NOROESTE,41015,15ª RS MARINGÁ,412830,4128302,UNIFLOR
SUL,PR,4105,MACRORREGIONAL NORTE,41018,18ª RS CORNÉLIO PROCÓPIO,412840,4128401,URAI
SUL,PR,4105,MACRORREGIONAL NORTE,41019,19ª RS JACAREZINHO,412850,4128500,WENCESLAU BRAZ
SUL,PR,4107,MACRORREGIONAL LESTE,41021,21ª RS TELÊMACO BORBA,412853,4128534,VENTANIA
SUL,PR,4108,MACRORREGIAO OESTE,41010,10ª RS CASCAVEL,412855,4128559,VERA CRUZ DO OESTE
SUL,PR,4108,MACRORREGIAO OESTE,41008,8ª RS FRANCISCO BELTRÃO,412860,4128609,VERE
SUL,PR,4106,MACRORREGIONAL NOROESTE,41012,12ª RS UMUARAMA,412862,4128625,ALTO PARAISO
SUL,PR,4107,MACRORREGIONAL LESTE,41002,2ª RS METROPOLITANA,412863,4128633,DOUTOR ULYSSES
SUL,PR,4107,MACRORREGIONAL LESTE,41005,5ª RS GUARAPUAVA,412865,4128658,VIRMOND
SUL,PR,4108,MACRORREGIAO OESTE,41007,7ª RS PATO BRANCO,412870,4128708,VITORINO
SUL,PR,4106,MACRORREGIONAL NOROESTE,41012,12ª RS UMUARAMA,412880,4128807,XAMBRE
SUL,SC,4212,MEIO OESTE E SERRA CATARINENSE,42008,MEIO OESTE,420005,4200051,ABDON BATISTA
SUL,SC,4213,GRANDE OESTE,42003,XANXERÊ,420010,4200101,ABELARDO LUZ
SUL,SC,4216,ALTO VALE DO ITAJAI,42004,ALTO VALE DO ITAJAÍ,420020,4200200,AGROLANDIA
SUL,SC,4216,ALTO VALE DO ITAJAI,42004,ALTO VALE DO ITAJAÍ,420030,4200309,AGRONOMICA
SUL,SC,4212,MEIO OESTE E SERRA CATARINENSE,42008,MEIO OESTE,420040,4200408,AGUA DOCE
SUL,SC,4213,GRANDE OESTE,42002,OESTE,420050,4200507,AGUAS DE CHAPECO
SUL,SC,4213,GRANDE OESTE,42002,OESTE,420055,4200556,AGUAS FRIAS
SUL,SC,4214,GRANDE FLORIANOPOLIS,42007,GRANDE FLORIANÓPOLIS,420060,4200606,AGUAS MORNAS
SUL,SC,4214,GRANDE FLORIANOPOLIS,42007,GRANDE FLORIANÓPOLIS,420070,4200705,ALFREDO WAGNER
SUL,SC,4212,MEIO OESTE E SERRA CATARINENSE,42010,ALTO URUGUAI CATARINENSE,420075,4200754,ALTO BELA VISTA
SUL,SC,4213,GRANDE OESTE,42001,EXTREMO OESTE,420080,4200804,ANCHIETA
SUL,SC,4214,GRANDE FLORIANOPOLIS,42007,GRANDE FLORIANÓPOLIS,420090,4200903,ANGELINA
SUL,SC,4212,MEIO OESTE E SERRA CATARINENSE,42013,SERRA CATARINENSE,420100,4201000,ANITA GARIBALDI
SUL,SC,4214,GRANDE FLORIANOPOLIS,42007,GRANDE FLORIANÓPOLIS,420110,4201109,ANITAPOLIS
SUL,SC,4214,GRANDE FLORIANOPOLIS,42007,GRANDE FLORIANÓPOLIS,420120,4201208,ANTONIO CARLOS
SUL,SC,4216,ALTO VALE DO ITAJAI,42006,MÉDIO VALE DO ITAJAÍ,420125,4201257,APIUNA
SUL,SC,4212,MEIO OESTE E SERRA CATARINENSE,42010,ALTO URUGUAI CATARINENSE,420127,4201273,ARABUTA
SUL,SC,4211,PLANALTO NORTE E NORDESTE,42011,NORDESTE,420130,4201307,ARAQUARI
SUL,SC,4210,SUL,42014,EXTREMO SUL CATARINENSE,420140,4201406,ARARANGUA
SUL,SC,4210,SUL,42016,LAGUNA,420150,4201505,ARMAZEM
SUL,SC,4212,MEIO OESTE E SERRA CATARINENSE,42009,ALTO VALE DO RIO DO PEIXE,420160,4201604,ARROIO TRINTA
SUL,SC,4213,GRANDE OESTE,42010,ALTO URUGUAI CATARINENSE,420165,4201653,ARVOREDO
SUL,SC,4216,ALTO VALE DO ITAJAI,42006,MÉDIO VALE DO ITAJAÍ,420170,4201703,ASCURRA
SUL,SC,4216,ALTO VALE DO ITAJAI,42004,ALTO VALE DO ITAJAÍ,420180,4201802,ATALANTA
SUL,SC,4216,ALTO VALE DO ITAJAI,42004,ALTO VALE DO ITAJAÍ,420190,4201901,AURORA
SUL,SC,4210,SUL,42014,EXTREMO SUL CATARINENSE,420195,4201950,BALNEARIO ARROIO DO SILVA
SUL,SC,4215,FOZ DO RIO ITAJAI,42005,FOZ DO RIO ITAJAÍ,420200,4202008,BALNEARIO CAMBORIU
SUL,SC,4211,PLANALTO NORTE E NORDESTE,42011,NORDESTE,420205,4202057,BALNEARIO BARRA DO SUL
SUL,SC,4210,SUL,42014,EXTREMO SUL CATARINENSE,420207,4202073,BALNEARIO GAIVOTA
SUL,SC,4213,GRANDE OESTE,42001,EXTREMO OESTE,420208,4202081,BANDEIRANTE
SUL,SC,4213,GRANDE OESTE,42001,EXTREMO OESTE,420209,4202099,BARRA BONITA
SUL,SC,4211,PLANALTO NORTE E NORDESTE,42011,NORDESTE,420210,4202107,BARRA VELHA
SUL,SC,4211,PLANALTO NORTE E NORDESTE,42012,PLANALTO NORTE,420213,4202131,BELA VISTA DO TOLDO
SUL,SC,4213,GRANDE OESTE,42001,EXTREMO OESTE,420215,4202156,BELMONTE
SUL,SC,4216,ALTO VALE DO ITAJAI,42006,MÉDIO VALE DO ITAJAÍ,420220,4202206,BENEDITO NOVO
SUL,SC,4214,GRANDE FLORIANOPOLIS,42007,GRANDE FLORIANÓPOLIS,420230,4202305,BIGUACU
SUL,SC,4216,ALTO VALE DO ITAJAI,42006,MÉDIO VALE DO ITAJAÍ,420240,4202404,BLUMENAU
SUL,SC,4212,MEIO OESTE E SERRA CATARINENSE,42013,SERRA CATARINENSE,420243,4202438,BOCAINA DO SUL
SUL,SC,4215,FOZ DO RIO ITAJAI,42005,FOZ DO RIO ITAJAÍ,420245,4202453,BOMBINHAS
SUL,SC,4212,MEIO OESTE E SERRA CATARINENSE,42013,SERRA CATARINENSE,420250,4202503,BOM JARDIM DA SERRA
SUL,SC,4213,GRANDE OESTE,42003,XANXERÊ,420253,4202537,BOM JESUS
SUL,SC,4213,GRANDE OESTE,42001,EXTREMO OESTE,420257,4202578,BOM JESUS DO OESTE
SUL,SC,4212,MEIO OESTE E SERRA CATARINENSE,42013,SERRA CATARINENSE,420260,4202602,BOM RETIRO
SUL,SC,4216,ALTO VALE DO ITAJAI,42006,MÉDIO VALE DO ITAJAÍ,420270,4202701,BOTUVERA
SUL,SC,4210,SUL,42016,LAGUNA,420280,4202800,BRACO DO NORTE
SUL,SC,4216,ALTO VALE DO ITAJAI,42004,ALTO VALE DO ITAJAÍ,420285,4202859,BRACO DO TROMBUDO
SUL,SC,4212,MEIO OESTE E SERRA CATARINENSE,42008,MEIO OESTE,420287,4202875,BRUNOPOLIS
SUL,SC,4216,ALTO VALE DO ITAJAI,42006,MÉDIO VALE DO ITAJAÍ,420290,4202909,BRUSQUE
SUL,SC,4212,MEIO OESTE E SERRA CATARINENSE,42009,ALTO VALE DO RIO DO PEIXE,420300,4203006,CACADOR
SUL,SC,4213,GRANDE OESTE,42002,OESTE,420310,4203105,CAIBI
SUL,SC,4212,MEIO OESTE E SERRA CATARINENSE,42009,ALTO VALE DO RIO DO PEIXE,420315,4203154,CALMON
SUL,SC,4215,FOZ DO RIO ITAJAI,42005,FOZ DO RIO ITAJAÍ,420320,4203204,CAMBORIU
SUL,SC,4212,MEIO OESTE E SERRA CATARINENSE,42013,SERRA CATARINENSE,420325,4203253,CAPAO ALTO
SUL,SC,4211,PLANALTO NORTE E NORDESTE,42012,PLANALTO NORTE,420330,4203303,CAMPO ALEGRE
SUL,SC,4212,MEIO OESTE E SERRA CATARINENSE,42013,SERRA CATARINENSE,420340,4203402,CAMPO BELO DO SUL
SUL,SC,4213,GRANDE OESTE,42003,XANXERÊ,420350,4203501,CAMPO ERE
SUL,SC,4212,MEIO OESTE E SERRA CATARINENSE,42008,MEIO OESTE,420360,4203600,CAMPOS NOVOS
SUL,SC,4214,GRANDE FLORIANOPOLIS,42007,GRANDE FLORIANÓPOLIS,420370,4203709,CANELINHA
SUL,SC,4211,PLANALTO NORTE E NORDESTE,42012,PLANALTO NORTE,420380,4203808,CANOINHAS
SUL,SC,4212,MEIO OESTE E SERRA CATARINENSE,42008,MEIO OESTE,420390,4203907,CAPINZAL
SUL,SC,4210,SUL,42016,LAGUNA,420395,4203956,CAPIVARI DE BAIXO
SUL,SC,4212,MEIO OESTE E SERRA CATARINENSE,42008,MEIO OESTE,420400,4204004,CATANDUVAS
SUL,SC,4213,GRANDE OESTE,42002,OESTE,420410,4204103,CAXAMBU DO SUL
SUL,SC,4212,MEIO OESTE E SERRA CATARINENSE,42008,MEIO OESTE,420415,4204152,CELSO RAMOS
SUL,SC,4212,MEIO OESTE E SERRA CATARINENSE,42013,SERRA CATARINENSE,420417,4204178,CERRO NEGRO
SUL,SC,4216,ALTO VALE DO ITAJAI,42004,ALTO VALE DO ITAJAÍ,420419,4204194,CHAPADAO DO LAGEADO
SUL,SC,4213,GRANDE OESTE,42002,OESTE,420420,4204202,CHAPECO
SUL,SC,4210,SUL,42015,CARBONÍFERA,420425,4204251,COCAL DO SUL
SUL,SC,4212,MEIO OESTE E SERRA CATARINENSE,42010,ALTO URUGUAI CATARINENSE,420430,4204301,CONCORDIA
SUL,SC,4213,GRANDE OESTE,42002,OESTE,420435,4204350,CORDILHEIRA ALTA
SUL,SC,4213,GRANDE OESTE,42002,OESTE,420440,4204400,CORONEL FREITAS
SUL,SC,4213,GRANDE OESTE,42003,XANXERÊ,420445,4204459,CORONEL MARTINS
SUL,SC,4211,PLANALTO NORTE E NORDESTE,42011,NORDESTE,420450,4204509,CORUPA
SUL,SC,4212,MEIO OESTE E SERRA CATARINENSE,42013,SERRA CATARINENSE,420455,4204558,CORREIA PINTO
SUL,SC,4210,SUL,42015,CARBONÍFERA,420460,4204608,CRICIUMA
SUL,SC,4213,GRANDE OESTE,42002,OESTE,420470,4204707,CUNHA PORA
SUL,SC,4213,GRANDE OESTE,42002,OESTE,420475,4204756,CUNHATAI
SUL,SC,4212,MEIO OESTE E SERRA CATARINENSE,42009,ALTO VALE DO RIO DO PEIXE,420480,4204806,CURITIBANOS
SUL,SC,4213,GRANDE OESTE,42001,EXTREMO OESTE,420490,4204905,DESCANSO
SUL,SC,4213,GRANDE OESTE,42001,EXTREMO OESTE,420500,4205001,DIONISIO CERQUEIRA
SUL,SC,4216,ALTO VALE DO ITAJAI,42004,ALTO VALE DO ITAJAÍ,420510,4205100,DONA EMMA
SUL,SC,4216,ALTO VALE DO ITAJAI,42006,MÉDIO VALE DO ITAJAÍ,420515,4205159,DOUTOR PEDRINHO
SUL,SC,4213,GRANDE OESTE,42003,XANXERÊ,420517,4205175,ENTRE RIOS
SUL,SC,4210,SUL,42014,EXTREMO SUL CATARINENSE,420519,4205191,ERMO
SUL,SC,4212,MEIO OESTE E SERRA CATARINENSE,42008,MEIO OESTE,420520,4205209,ERVAL VELHO
SUL,SC,4213,GRANDE OESTE,42003,XANXERÊ,420530,4205308,FAXINAL DOS GUEDES
SUL,SC,4213,GRANDE OESTE,42001,EXTREMO OESTE,420535,4205357,FLOR DO SERTAO
SUL,SC,4214,GRANDE FLORIANOPOLIS,42007,GRANDE FLORIANÓPOLIS,420540,4205407,FLORIANOPOLIS
SUL,SC,4213,GRANDE OESTE,42002,OESTE,420543,4205431,FORMOSA DO SUL
SUL,SC,4210,SUL,42015,CARBONÍFERA,420545,4205456,FORQUILHINHA
SUL,SC,4212,MEIO OESTE E SERRA CATARINENSE,42009,ALTO VALE DO RIO DO PEIXE,420550,4205506,FRAIBURGO
SUL,SC,4212,MEIO OESTE E SERRA CATARINENSE,42009,ALTO VALE DO RIO DO PEIXE,420555,4205555,FREI ROGERIO
SUL,SC,4213,GRANDE OESTE,42003,XANXERÊ,420560,4205605,GALVAO
SUL,SC,4214,GRANDE FLORIANOPOLIS,42007,GRANDE FLORIANÓPOLIS,420570,4205704,GAROPABA
SUL,SC,4211,PLANALTO NORTE E NORDESTE,42011,NORDESTE,420580,4205803,GARUVA
SUL,SC,4216,ALTO VALE DO ITAJAI,42006,MÉDIO VALE DO ITAJAÍ,420590,4205902,GASPAR
SUL,SC,4214,GRANDE FLORIANOPOLIS,42007,GRANDE FLORIANÓPOLIS,420600,4206009,GOVERNADOR CELSO RAMOS
SUL,SC,4210,SUL,42016,LAGUNA,420610,4206108,GRAO PARA
SUL,SC,4210,SUL,42016,LAGUNA,420620,4206207,GRAVATAL
SUL,SC,4216,ALTO VALE DO ITAJAI,42006,MÉDIO VALE DO ITAJAÍ,420630,4206306,GUABIRUBA
SUL,SC,4213,GRANDE OESTE,42001,EXTREMO OESTE,420640,4206405,GUARACIABA
SUL,SC,4211,PLANALTO NORTE E NORDESTE,42011,NORDESTE,420650,4206504,GUARAMIRIM
SUL,SC,4213,GRANDE OESTE,42001,EXTREMO OESTE,420660,4206603,GUARUJA DO SUL
SUL,SC,4213,GRANDE OESTE,42002,OESTE,420665,4206652,GUATAMBU
SUL,SC,4212,MEIO OESTE E SERRA CATARINENSE,42008,MEIO OESTE,420670,4206702,HERVAL D'OESTE
SUL,SC,4212,MEIO OESTE E SERRA CATARINENSE,42009,ALTO VALE DO RIO DO PEIXE,420675,4206751,IBIAM
SUL,SC,4212,MEIO OESTE E SERRA CATARINENSE,42008,MEIO OESTE,420680,4206801,IBICARE
SUL,SC,4216,ALTO VALE DO ITAJAI,42004,ALTO VALE DO ITAJAÍ,420690,4206900,IBIRAMA
SUL,SC,4210,SUL,42015,CARBONÍFERA,420700,4207007,ICARA
SUL,SC,4215,FOZ DO RIO ITAJAI,42005,FOZ DO RIO ITAJAÍ,420710,4207106,ILHOTA
SUL,SC,4210,SUL,42016,LAGUNA,420720,4207205,IMARUI
SUL,SC,4210,SUL,42016,LAGUNA,420730,4207304,IMBITUBA
SUL,SC,4216,ALTO VALE DO ITAJAI,42004,ALTO VALE DO ITAJAÍ,420740,4207403,IMBUIA
SUL,SC,4216,ALTO VALE DO ITAJAI,42006,MÉDIO VALE DO ITAJAÍ,420750,4207502,INDAIAL
SUL,SC,4212,MEIO OESTE E SERRA CATARINENSE,42009,ALTO VALE DO RIO DO PEIXE,420757,4207577,IOMERE
SUL,SC,4212,MEIO OESTE E SERRA CATARINENSE,42010,ALTO URUGUAI CATARINENSE,420760,4207601,IPIRA
SUL,SC,4213,GRANDE OESTE,42001,EXTREMO OESTE,420765,4207650,IPORA DO OESTE
SUL,SC,4213,GRANDE OESTE,42003,XANXERÊ,420768,4207684,IPUACU
SUL,SC,4212,MEIO OESTE E SERRA CATARINENSE,42010,ALTO URUGUAI CATARINENSE,420770,4207700,IPUMIRIM
SUL,SC,4213,GRANDE OESTE,42001,EXTREMO OESTE,420775,4207759,IRACEMINHA
SUL,SC,4212,MEIO OESTE E SERRA CATARINENSE,42010,ALTO URUGUAI CATARINENSE,420780,4207809,IRANI
SUL,SC,4213,GRANDE OESTE,42002,OESTE,420785,4207858,IRATI
SUL,SC,4211,PLANALTO NORTE E NORDESTE,42012,PLANALTO NORTE,420790,4207908,IRINEOPOLIS
SUL,SC,4212,MEIO OESTE E SERRA CATARINENSE,42010,ALTO URUGUAI CATARINENSE,420800,4208005,ITA
SUL,SC,4211,PLANALTO NORTE E NORDESTE,42012,PLANALTO NORTE,420810,4208104,ITAIOPOLIS
SUL,SC,4215,FOZ DO RIO ITAJAI,42005,FOZ DO RIO ITAJAÍ,420820,4208203,ITAJAI
SUL,SC,4215,FOZ DO RIO ITAJAI,42005,FOZ DO RIO ITAJAÍ,420830,4208302,ITAPEMA
SUL,SC,4213,GRANDE OESTE,42001,EXTREMO OESTE,420840,4208401,ITAPIRANGA
SUL,SC,4211,PLANALTO NORTE E NORDESTE,42011,NORDESTE,420845,4208450,ITAPOA
SUL,SC,4216,ALTO VALE DO ITAJAI,42004,ALTO VALE DO ITAJAÍ,420850,4208500,ITUPORANGA
SUL,SC,4212,MEIO OESTE E SERRA CATARINENSE,42008,MEIO OESTE,420860,4208609,JABORA
SUL,SC,4210,SUL,42014,EXTREMO SUL CATARINENSE,420870,4208708,JACINTO MACHADO
SUL,SC,4210,SUL,42016,LAGUNA,420880,4208807,JAGUARUNA
SUL,SC,4211,PLANALTO NORTE E NORDESTE,42011,NORDESTE,420890,4208906,JARAGUA DO SUL
SUL,SC,4213,GRANDE OESTE,42002,OESTE,420895,4208955,JARDINOPOLIS
SUL,SC,4212,MEIO OESTE E SERRA CATARINENSE,42008,MEIO OESTE,420900,4209003,JOACABA
SUL,SC,4211,PLANALTO NORTE E NORDESTE,42011,NORDESTE,420910,4209102,JOINVILLE
SUL,SC,4216,ALTO VALE DO ITAJAI,42004,ALTO VALE DO ITAJAÍ,420915,4209151,JOSE BOITEUX
SUL,SC,4213,GRANDE OESTE,42003,XANXERÊ,420917,4209177,JUPIA
SUL,SC,4212,MEIO OESTE E SERRA CATARINENSE,42008,MEIO OESTE,420920,4209201,LACERDOPOLIS
SUL,SC,4212,MEIO OESTE E SERRA CATARINENSE,42013,SERRA CATARINENSE,420930,4209300,LAGES
SUL,SC,4210,SUL,42016,LAGUNA,420940,4209409,LAGUNA
SUL,SC,4213,GRANDE OESTE,42003,XANXERÊ,420945,4209458,LAJEADO GRANDE
SUL,SC,4216,ALTO VALE DO ITAJAI,42004,ALTO VALE DO ITAJAÍ,420950,4209508,LAURENTINO
SUL,SC,4210,SUL,42015,CARBONÍFERA,420960,4209607,LAURO MULLER
SUL,SC,4212,MEIO OESTE E SERRA CATARINENSE,42009,ALTO VALE DO RIO DO PEIXE,420970,4209706,LEBON REGIS
SUL,SC,4214,GRANDE FLORIANOPOLIS,42007,GRANDE FLORIANÓPOLIS,420980,4209805,LEOBERTO LEAL
SUL,SC,4212,MEIO OESTE E SERRA CATARINENSE,42010,ALTO URUGUAI CATARINENSE,420985,4209854,LINDOIA DO SUL
SUL,SC,4216,ALTO VALE DO ITAJAI,42004,ALTO VALE DO ITAJAÍ,420990,4209904,LONTRAS
SUL,SC,4215,FOZ DO RIO ITAJAI,42005,FOZ DO RIO ITAJAÍ,421000,4210001,LUIZ ALVES
SUL,SC,4212,MEIO OESTE E SERRA CATARINENSE,42008,MEIO OESTE,421003,4210035,LUZERNA
SUL,SC,4212,MEIO OESTE E SERRA CATARINENSE,42009,ALTO VALE DO RIO DO PEIXE,421005,4210050,MACIEIRA
SUL,SC,4211,PLANALTO NORTE E NORDESTE,42012,PLANALTO NORTE,421010,4210100,MAFRA
SUL,SC,4214,GRANDE FLORIANOPOLIS,42007,GRANDE FLORIANÓPOLIS,421020,4210209,MAJOR GERCINO
SUL,SC,4211,PLANALTO NORTE E NORDESTE,42012,PLANALTO NORTE,421030,4210308,MAJOR VIEIRA
SUL,SC,4210,SUL,42014,EXTREMO SUL CATARINENSE,421040,4210407,MARACAJA
SUL,SC,4213,GRANDE OESTE,42001,EXTREMO OESTE,421050,4210506,MARAVILHA
SUL,SC,4213,GRANDE OESTE,42003,XANXERÊ,421055,4210555,MAREMA
SUL,SC,4211,PLANALTO NORTE E NORDESTE,42011,NORDESTE,421060,4210605,MASSARANDUBA
SUL,SC,4212,MEIO OESTE E SERRA CATARINENSE,42009,ALTO VALE DO RIO DO PEIXE,421070,4210704,MATOS COSTA
SUL,SC,4210,SUL,42014,EXTREMO SUL CATARINENSE,421080,4210803,MELEIRO
SUL,SC,4216,ALTO VALE DO ITAJAI,42004,ALTO VALE DO ITAJAÍ,421085,4210852,MIRIM DOCE
SUL,SC,4213,GRANDE OESTE,42001,EXTREMO OESTE,421090,4210902,MODELO
SUL,SC,4213,GRANDE OESTE,42001,EXTREMO OESTE,421100,4211009,MONDAI
SUL,SC,4212,MEIO OESTE E SERRA CATARINENSE,42008,MEIO OESTE,421105,4211058,MONTE CARLO
SUL,SC,4211,PLANALTO NORTE E NORDESTE,42012,PLANALTO NORTE,421110,4211108,MONTE CASTELO
SUL,SC,4210,SUL,42015,CARBONÍFERA,421120,4211207,MORRO DA FUMACA
SUL,SC,4210,SUL,42014,EXTREMO SUL CATARINENSE,421125,4211256,MORRO GRANDE
SUL,SC,4215,FOZ DO RIO ITAJAI,42005,FOZ DO RIO ITAJAÍ,421130,4211306,NAVEGANTES
SUL,SC,4213,GRANDE OESTE,42002,OESTE,421140,4211405,NOVA ERECHIM
SUL,SC,4213,GRANDE OESTE,42002,OESTE,421145,4211454,NOVA ITABERABA
SUL,SC,4214,GRANDE FLORIANOPOLIS,42007,GRANDE FLORIANÓPOLIS,421150,4211504,NOVA TRENTO
SUL,SC,4210,SUL,42015,CARBONÍFERA,421160,4211603,NOVA VENEZA
SUL,SC,4213,GRANDE OESTE,42003,XANXERÊ,421165,4211652,NOVO HORIZONTE
SUL,SC,4210,SUL,42015,CARBONÍFERA,421170,4211702,ORLEANS
SUL,SC,4212,MEIO OESTE E SERRA CATARINENSE,42013,SERRA CATARINENSE,421175,4211751,OTACILIO COSTA
SUL,SC,4212,MEIO OESTE E SERRA CATARINENSE,42008,MEIO OESTE,421180,4211801,OURO
SUL,SC,4213,GRANDE OESTE,42003,XANXERÊ,421185,4211850,OURO VERDE
SUL,SC,4213,GRANDE OESTE,42010,ALTO URUGUAI CATARINENSE,421187,4211876,PAIAL
SUL,SC,4212,MEIO OESTE E SERRA CATARINENSE,42013,SERRA CATARINENSE,421189,4211892,PAINEL
SUL,SC,4214,GRANDE FLORIANOPOLIS,42007,GRANDE FLORIANÓPOLIS,421190,4211900,PALHOCA
SUL,SC,4213,GRANDE OESTE,42001,EXTREMO OESTE,421200,4212007,PALMA SOLA
SUL,SC,4212,MEIO OESTE E SERRA CATARINENSE,42013,SERRA CATARINENSE,421205,4212056,PALMEIRA
SUL,SC,4213,GRANDE OESTE,42002,OESTE,421210,4212106,PALMITOS
SUL,SC,4211,PLANALTO NORTE E NORDESTE,42012,PLANALTO NORTE,421220,4212205,PAPANDUVA
SUL,SC,4213,GRANDE OESTE,42001,EXTREMO OESTE,421223,4212239,PARAISO
SUL,SC,4210,SUL,42014,EXTREMO SUL CATARINENSE,421225,4212254,PASSO DE TORRES
SUL,SC,4213,GRANDE OESTE,42003,XANXERÊ,421227,4212270,PASSOS MAIA
SUL,SC,4214,GRANDE FLORIANOPOLIS,42007,GRANDE FLORIANÓPOLIS,421230,4212304,PAULO LOPES
SUL,SC,4210,SUL,42016,LAGUNA,421240,4212403,PEDRAS GRANDES
SUL,SC,4215,FOZ DO RIO ITAJAI,42005,FOZ DO RIO ITAJAÍ,421250,4212502,PENHA
SUL,SC,4212,MEIO OESTE E SERRA CATARINENSE,42010,ALTO URUGUAI CATARINENSE,421260,4212601,PERITIBA
SUL,SC,4210,SUL,42016,LAGUNA,421265,4212650,PESCARIA BRAVA
SUL,SC,4216,ALTO VALE DO ITAJAI,42004,ALTO VALE DO ITAJAÍ,421270,4212700,PETROLANDIA
SUL,SC,4215,FOZ DO RIO ITAJAI,42005,FOZ DO RIO ITAJAÍ,421280,4212809,BALNEARIO PICARRAS
SUL,SC,4213,GRANDE OESTE,42002,OESTE,421290,4212908,PINHALZINHO
SUL,SC,4212,MEIO OESTE E SERRA CATARINENSE,42009,ALTO VALE DO RIO DO PEIXE,421300,4213005,PINHEIRO PRETO
SUL,SC,4212,MEIO OESTE E SERRA CATARINENSE,42010,ALTO URUGUAI CATARINENSE,421310,4213104,PIRATUBA
SUL,SC,4213,GRANDE OESTE,42002,OESTE,421315,4213153,PLANALTO ALEGRE
SUL,SC,4216,ALTO VALE DO ITAJAI,42006,MÉDIO VALE DO ITAJAÍ,421320,4213203,POMERODE
SUL,SC,4212,MEIO OESTE E SERRA CATARINENSE,42013,SERRA CATARINENSE,421330,4213302,PONTE ALTA
SUL,SC,4212,MEIO OESTE E SERRA CATARINENSE,42009,ALTO VALE DO RIO DO PEIXE,421335,4213351,PONTE ALTA DO NORTE
SUL,SC,4213,GRANDE OESTE,42003,XANXERÊ,421340,4213401,PONTE SERRADA
SUL,SC,4215,FOZ DO RIO ITAJAI,42005,FOZ DO RIO ITAJAÍ,421350,4213500,PORTO BELO
SUL,SC,4211,PLANALTO NORTE E NORDESTE,42012,PLANALTO NORTE,421360,4213609,PORTO UNIAO
SUL,SC,4216,ALTO VALE DO ITAJAI,42004,ALTO VALE DO ITAJAÍ,421370,4213708,POUSO REDONDO
SUL,SC,4210,SUL,42014,EXTREMO SUL CATARINENSE,421380,4213807,PRAIA GRANDE
SUL,SC,4212,MEIO OESTE E SERRA CATARINENSE,42010,ALTO URUGUAI CATARINENSE,421390,4213906,PRESIDENTE CASTELLO BRANCO
SUL,SC,4216,ALTO VALE DO ITAJAI,42004,ALTO VALE DO ITAJAÍ,421400,4214003,PRESIDENTE GETULIO
SUL,SC,4216,ALTO VALE DO ITAJAI,42004,ALTO VALE DO ITAJAÍ,421410,4214102,PRESIDENTE NEREU
SUL,SC,4213,GRANDE OESTE,42001,EXTREMO OESTE,421415,4214151,PRINCESA
SUL,SC,4213,GRANDE OESTE,42002,OESTE,421420,4214201,QUILOMBO
SUL,SC,4214,GRANDE FLORIANOPOLIS,42007,GRANDE FLORIANÓPOLIS,421430,4214300,RANCHO QUEIMADO
SUL,SC,4212,MEIO OESTE E SERRA CATARINENSE,42009,ALTO VALE DO RIO DO PEIXE,421440,4214409,RIO DAS ANTAS
SUL,SC,4216,ALTO VALE DO ITAJAI,42004,ALTO VALE DO ITAJAÍ,421450,4214508,RIO DO CAMPO
SUL,SC,4216,ALTO VALE DO ITAJAI,42004,ALTO VALE DO ITAJAÍ,421460,4214607,RIO DO OESTE
SUL,SC,4216,ALTO VALE DO ITAJAI,42006,MÉDIO VALE DO ITAJAÍ,421470,4214706,RIO DOS CEDROS
SUL,SC,4216,ALTO VALE DO ITAJAI,42004,ALTO VALE DO ITAJAÍ,421480,4214805,RIO DO SUL
SUL,SC,4210,SUL,42016,LAGUNA,421490,4214904,RIO FORTUNA
SUL,SC,4211,PLANALTO NORTE E NORDESTE,42012,PLANALTO NORTE,421500,4215000,RIO NEGRINHO
SUL,SC,4212,MEIO OESTE E SERRA CATARINENSE,42013,SERRA CATARINENSE,421505,4215059,RIO RUFINO
SUL,SC,4213,GRANDE OESTE,42002,OESTE,421507,4215075,RIQUEZA
SUL,SC,4216,ALTO VALE DO ITAJAI,42006,MÉDIO VALE DO ITAJAÍ,421510,4215109,RODEIO
SUL,SC,4213,GRANDE OESTE,42001,EXTREMO OESTE,421520,4215208,ROMELANDIA
SUL,SC,4216,ALTO VALE DO ITAJAI,42004,ALTO VALE DO ITAJAÍ,421530,4215307,SALETE
SUL,SC,4213,GRANDE OESTE,42001,EXTREMO OESTE,421535,4215356,SALTINHO
SUL,SC,4212,MEIO OESTE E SERRA CATARINENSE,42009,ALTO VALE DO RIO DO PEIXE,421540,4215406,SALTO VELOSO
SUL,SC,4210,SUL,42016,LAGUNA,421545,4215455,SANGAO
SUL,SC,4212,MEIO OESTE E SERRA CATARINENSE,42009,ALTO VALE DO RIO DO PEIXE,421550,4215505,SANTA CECILIA
SUL,SC,4213,GRANDE OESTE,42001,EXTREMO OESTE,421555,4215554,SANTA HELENA
SUL,SC,4210,SUL,42016,LAGUNA,421560,4215604,SANTA ROSA DE LIMA
SUL,SC,4210,SUL,42014,EXTREMO SUL CATARINENSE,421565,4215653,SANTA ROSA DO SUL
SUL,SC,4216,ALTO VALE DO ITAJAI,42004,ALTO VALE DO ITAJAÍ,421567,4215679,SANTA TEREZINHA
SUL,SC,4213,GRANDE OESTE,42001,EXTREMO OESTE,421568,4215687,SANTA TEREZINHA DO PROGRESSO
SUL,SC,4213,GRANDE OESTE,42002,OESTE,421569,4215695,SANTIAGO DO SUL
SUL,SC,4214,GRANDE FLORIANOPOLIS,42007,GRANDE FLORIANÓPOLIS,421570,4215703,SANTO AMARO DA IMPERATRIZ
SUL,SC,4213,GRANDE OESTE,42003,XANXERÊ,421575,4215752,SAO BERNARDINO
SUL,SC,4211,PLANALTO NORTE E NORDESTE,42012,PLANALTO NORTE,421580,4215802,SAO BENTO DO SUL
SUL,SC,4214,GRANDE FLORIANOPOLIS,42007,GRANDE FLORIANÓPOLIS,421590,4215901,SAO BONIFACIO
SUL,SC,4213,GRANDE OESTE,42002,OESTE,421600,4216008,SAO CARLOS
SUL,SC,4212,MEIO OESTE E SERRA CATARINENSE,42009,ALTO VALE DO RIO DO PEIXE,421605,4216057,SAO CRISTOVAO DO SUL
SUL,SC,4213,GRANDE OESTE,42003,XANXERÊ,421610,4216107,SAO DOMINGOS
SUL,SC,4211,PLANALTO NORTE E NORDESTE,42011,NORDESTE,421620,4216206,SAO FRANCISCO DO SUL
SUL,SC,4213,GRANDE OESTE,42001,EXTREMO OESTE,421625,4216255,SAO JOAO DO OESTE
SUL,SC,4214,GRANDE FLORIANOPOLIS,42007,GRANDE FLORIANÓPOLIS,421630,4216305,SAO JOAO BATISTA
SUL,SC,4211,PLANALTO NORTE E NORDESTE,42011,NORDESTE,421635,4216354,SAO JOAO DO ITAPERIU
SUL,SC,4210,SUL,42014,EXTREMO SUL CATARINENSE,421640,4216404,SAO JOAO DO SUL
SUL,SC,4212,MEIO OESTE E SERRA CATARINENSE,42013,SERRA CATARINENSE,421650,4216503,SAO JOAQUIM
SUL,SC,4214,GRANDE FLORIANOPOLIS,42007,GRANDE FLORIANÓPOLIS,421660,4216602,SAO JOSE
SUL,SC,4213,GRANDE OESTE,42001,EXTREMO OESTE,421670,4216701,SAO JOSE DO CEDRO
SUL,SC,4212,MEIO OESTE E SERRA CATARINENSE,42013,SERRA CATARINENSE,421680,4216800,SAO JOSE DO CERRITO
SUL,SC,4213,GRANDE OESTE,42003,XANXERÊ,421690,4216909,SAO LOURENCO DO OESTE
SUL,SC,4210,SUL,42016,LAGUNA,421700,4217006,SAO LUDGERO
SUL,SC,4210,SUL,42016,LAGUNA,421710,4217105,SAO MARTINHO
SUL,SC,4213,GRANDE OESTE,42001,EXTREMO OESTE,421715,4217154,SAO MIGUEL DA BOA VISTA
SUL,SC,4213,GRANDE OESTE,42001,EXTREMO OESTE,421720,4217204,SAO MIGUEL DO OESTE
SUL,SC,4214,GRANDE FLORIANOPOLIS,42007,GRANDE FLORIANÓPOLIS,421725,4217253,SAO PEDRO DE ALCANTARA
SUL,SC,4213,GRANDE OESTE,42001,EXTREMO OESTE,421730,4217303,SAUDADES
SUL,SC,4211,PLANALTO NORTE E NORDESTE,42011,NORDESTE,421740,4217402,SCHROEDER
SUL,SC,4212,MEIO OESTE E SERRA CATARINENSE,42010,ALTO URUGUAI CATARINENSE,421750,4217501,SEARA
SUL,SC,4213,GRANDE OESTE,42002,OESTE,421755,4217550,SERRA ALTA
SUL,SC,4210,SUL,42015,CARBONÍFERA,421760,4217600,SIDEROPOLIS
SUL,SC,4210,SUL,42014,EXTREMO SUL CATARINENSE,421770,4217709,SOMBRIO
SUL,SC,4213,GRANDE OESTE,42002,OESTE,421775,4217758,SUL BRASIL
SUL,SC,4216,ALTO VALE DO ITAJAI,42004,ALTO VALE DO ITAJAÍ,421780,4217808,TAIO
SUL,SC,4212,MEIO OESTE E SERRA CATARINENSE,42009,ALTO VALE DO RIO DO PEIXE,421790,4217907,TANGARA
SUL,SC,4213,GRANDE OESTE,42001,EXTREMO OESTE,421795,4217956,TIGRINHOS
SUL,SC,4214,GRANDE FLORIANOPOLIS,42007,GRANDE FLORIANÓPOLIS,421800,4218004,TIJUCAS
SUL,SC,4210,SUL,42014,EXTREMO SUL CATARINENSE,421810,4218103,TIMBE DO SUL
SUL,SC,4216,ALTO VALE DO ITAJAI,42006,MÉDIO VALE DO ITAJAÍ,421820,4218202,TIMBO
SUL,SC,4212,MEIO OESTE E SERRA CATARINENSE,42009,ALTO VALE DO RIO DO PEIXE,421825,4218251,TIMBO GRANDE
SUL,SC,4211,PLANALTO NORTE E NORDESTE,42012,PLANALTO NORTE,421830,4218301,TRES BARRAS
SUL,SC,4210,SUL,42015,CARBONÍFERA,421835,4218350,TREVISO
SUL,SC,4210,SUL,42016,LAGUNA,421840,4218400,TREZE DE MAIO
SUL,SC,4212,MEIO OESTE E SERRA CATARINENSE,42008,MEIO OESTE,421850,4218509,TREZE TILIAS
SUL,SC,4216,ALTO VALE DO ITAJAI,42004,ALTO VALE DO ITAJAÍ,421860,4218608,TROMBUDO CENTRAL
SUL,SC,4210,SUL,42016,LAGUNA,421870,4218707,TUBARAO
SUL,SC,4213,GRANDE OESTE,42001,EXTREMO OESTE,421875,4218756,TUNAPOLIS
SUL,SC,4210,SUL,42014,EXTREMO SUL CATARINENSE,421880,4218806,TURVO
SUL,SC,4213,GRANDE OESTE,42002,OESTE,421885,4218855,UNIAO DO OESTE
SUL,SC,4212,MEIO OESTE E SERRA CATARINENSE,42013,SERRA CATARINENSE,421890,4218905,URUBICI
SUL,SC,4212,MEIO OESTE E SERRA CATARINENSE,42013,SERRA CATARINENSE,421895,4218954,URUPEMA
SUL,SC,4210,SUL,42015,CARBONÍFERA,421900,4219002,URUSSANGA
SUL,SC,4213,GRANDE OESTE,42003,XANXERÊ,421910,4219101,VARGEAO
SUL,SC,4212,MEIO OESTE E SERRA CATARINENSE,42008,MEIO OESTE,421915,4219150,VARGEM
SUL,SC,4212,MEIO OESTE E SERRA CATARINENSE,42008,MEIO OESTE,421917,4219176,VARGEM BONITA
SUL,SC,4216,ALTO VALE DO ITAJAI,42004,ALTO VALE DO ITAJAÍ,421920,4219200,VIDAL RAMOS
SUL,SC,4212,MEIO OESTE E SERRA CATARINENSE,42009,ALTO VALE DO RIO DO PEIXE,421930,4219309,VIDEIRA
SUL,SC,4216,ALTO VALE DO ITAJAI,42004,ALTO VALE DO ITAJAÍ,421935,4219358,VITOR MEIRELES
SUL,SC,4216,ALTO VALE DO ITAJAI,42004,ALTO VALE DO ITAJAÍ,421940,4219408,WITMARSUM
SUL,SC,4213,GRANDE OESTE,42003,XANXERÊ,421950,4219507,XANXERE
SUL,SC,4212,MEIO OESTE E SERRA CATARINENSE,42010,ALTO URUGUAI CATARINENSE,421960,4219606,XAVANTINA
SUL,SC,4213,GRANDE OESTE,42003,XANXERÊ,421970,4219705,XAXIM
SUL,SC,4212,MEIO OESTE E SERRA CATARINENSE,42008,MEIO OESTE,421985,4219853,ZORTEA
SUL,SC,4210,SUL,42015,CARBONÍFERA,422000,4220000,BALNEARIO RINCAO
SUL,RS,4309,SUL,43022,REGIÃO 22 - PAMPA,430003,4300034,ACEGUA
SUL,RS,4311,NORTE,43018,REGIÃO 18 - ARAUCÁRIAS,430005,4300059,AGUA SANTA
SUL,RS,4314,CENTRO-OESTE,43001,REGIÃO 01 - VERDES CAMPOS,430010,4300109,AGUDO
SUL,RS,4312,MISSIONEIRA,43013,REGIÃO 13 - DIVERSIDADE,430020,4300208,AJURICABA
SUL,RS,4312,MISSIONEIRA,43014,REGIÃO 14 - FRONTEIRA NOROESTE,430030,4300307,ALECRIM
SUL,RS,4314,CENTRO-OESTE,43003,REGIÃO 03 - FRONTEIRA OESTE,430040,4300406,ALEGRETE
SUL,RS,4312,MISSIONEIRA,43014,REGIÃO 14 - FRONTEIRA NOROESTE,430045,4300455,ALEGRIA
SUL,RS,4311,NORTE,43017,REGIÃO 17 - PLANALTO,430047,4300471,ALMIRANTE TAMANDARE DO SUL
SUL,RS,4311,NORTE,43015,REGIÃO 15 - CAMINHO DAS ÁGUAS,430050,4300505,ALPESTRE
SUL,RS,4311,NORTE,43019,REGIÃO 19 - BOTUCARAÍ,430055,4300554,ALTO ALEGRE
SUL,RS,4310,SERRA,43026,REGIÃO 26 - UVA VALE,430057,4300570,ALTO FELIZ
SUL,RS,4313,METROPOLITANA,43010,REGIÃO 10 - CAPITAL E VALE DO GRAVATAÍ,430060,4300604,ALVORADA
SUL,RS,4309,SUL,43021,REGIÃO 21 - SUL,430063,4300638,AMARAL FERRADOR
SUL,RS,4311,NORTE,43015,REGIÃO 15 - CAMINHO DAS ÁGUAS,430064,4300646,AMETISTA DO SUL
SUL,RS,4311,NORTE,43018,REGIÃO 18 - ARAUCÁRIAS,430066,4300661,ANDRE DA ROCHA
SUL,RS,4308,VALES,43029,REGIÃO 29 - VALES E MONTANHAS,430070,4300703,ANTA GORDA
SUL,RS,4310,SERRA,43026,REGIÃO 26 - UVA VALE,430080,4300802,ANTONIO PRADO
SUL,RS,4313,METROPOLITANA,43009,REGIÃO 09 - CARBONÍFERA/COSTA DOCE,430085,4300851,ARAMBARE
SUL,RS,4313,METROPOLITANA,43007,REGIÃO 07 - VALE DOS SINOS,430087,4300877,ARARICA
SUL,RS,4311,NORTE,43016,REGIÃO 16 - ALTO URUGUAI GAÚCHO,430090,4300901,ARATIBA
SUL,RS,4308,VALES,43029,REGIÃO 29 - VALES E MONTANHAS,430100,4301008,ARROIO DO MEIO
SUL,RS,4313,METROPOLITANA,43004,REGIÃO 04 - BELAS PRAIAS,430105,4301057,ARROIO DO SAL
SUL,RS,4309,SUL,43021,REGIÃO 21 - SUL,430107,4301073,ARROIO DO PADRE
SUL,RS,4313,METROPOLITANA,43009,REGIÃO 09 - CARBONÍFERA/COSTA DOCE,430110,4301107,ARROIO DOS RATOS
SUL,RS,4308,VALES,43027,REGIÃO 27 - JACUÍ CENTRO,430120,4301206,ARROIO DO TIGRE
SUL,RS,4309,SUL,43021,REGIÃO 21 - SUL,430130,4301305,ARROIO GRANDE
SUL,RS,4311,NORTE,43019,REGIÃO 19 - BOTUCARAÍ,430140,4301404,ARVOREZINHA
SUL,RS,4312,MISSIONEIRA,43013,REGIÃO 13 - DIVERSIDADE,430150,4301503,AUGUSTO PESTANA
SUL,RS,4311,NORTE,43016,REGIÃO 16 - ALTO URUGUAI GAÚCHO,430155,4301552,AUREA
SUL,RS,4309,SUL,43022,REGIÃO 22 - PAMPA,430160,4301602,BAGE
SUL,RS,4313,METROPOLITANA,43005,REGIÃO 05 - BONS VENTOS,430163,4301636,BALNEARIO PINHAL
SUL,RS,4313,METROPOLITANA,43008,REGIÃO 08 - VALE DO CAÍ E METROPOLITANA,430165,4301651,BARAO
SUL,RS,4311,NORTE,43016,REGIÃO 16 - ALTO URUGUAI GAÚCHO,430170,4301701,BARAO DE COTEGIPE
SUL,RS,4313,METROPOLITANA,43009,REGIÃO 09 - CARBONÍFERA/COSTA DOCE,430175,4301750,BARAO DO TRIUNFO
SUL,RS,4311,NORTE,43018,REGIÃO 18 - ARAUCÁRIAS,430180,4301800,BARRACAO
SUL,RS,4311,NORTE,43015,REGIÃO 15 - CAMINHO DAS ÁGUAS,430185,4301859,BARRA DO GUARITA
SUL,RS,4314,CENTRO-OESTE,43003,REGIÃO 03 - FRONTEIRA OESTE,430187,4301875,BARRA DO QUARAI
SUL,RS,4313,METROPOLITANA,43009,REGIÃO 09 - CARBONÍFERA/COSTA DOCE,430190,4301909,BARRA DO RIBEIRO
SUL,RS,4311,NORTE,43016,REGIÃO 16 - ALTO URUGUAI GAÚCHO,430192,4301925,BARRA DO RIO AZUL
SUL,RS,4311,NORTE,43020,REGIÃO 20 - ROTA DA PRODUÇÃO,430195,4301958,BARRA FUNDA
SUL,RS,4311,NORTE,43019,REGIÃO 19 - BOTUCARAÍ,430200,4302006,BARROS CASSAL
SUL,RS,4311,NORTE,43016,REGIÃO 16 - ALTO URUGUAI GAÚCHO,430205,4302055,BENJAMIN CONSTANT DO SUL
SUL,RS,4310,SERRA,43025,REGIÃO 25 - VINHEDOS E BASALTO,430210,4302105,BENTO GONCALVES
SUL,RS,4311,NORTE,43020,REGIÃO 20 - ROTA DA PRODUÇÃO,430215,4302154,BOA VISTA DAS MISSOES
SUL,RS,4312,MISSIONEIRA,43014,REGIÃO 14 - FRONTEIRA NOROESTE,430220,4302204,BOA VISTA DO BURICA
SUL,RS,4312,MISSIONEIRA,43012,REGIÃO 12 - PORTAL DAS MISSÕES,430222,4302220,BOA VISTA DO CADEADO
SUL,RS,4312,MISSIONEIRA,43012,REGIÃO 12 - PORTAL DAS MISSÕES,430223,4302238,BOA VISTA DO INCRA
SUL,RS,4310,SERRA,43025,REGIÃO 25 - VINHEDOS E BASALTO,430225,4302253,BOA VISTA DO SUL
SUL,RS,4310,SERRA,43024,REGIÃO 24 - CAMPOS DE CIMA DA SERRA,430230,4302303,BOM JESUS
SUL,RS,4310,SERRA,43026,REGIÃO 26 - UVA VALE,430235,4302352,BOM PRINCIPIO
SUL,RS,4311,NORTE,43015,REGIÃO 15 - CAMINHO DAS ÁGUAS,430237,4302378,BOM PROGRESSO
SUL,RS,4308,VALES,43030,REGIÃO 30 - VALE DA LUZ,430240,4302402,BOM RETIRO DO SUL
SUL,RS,4308,VALES,43029,REGIÃO 29 - VALES E MONTANHAS,430245,4302451,BOQUEIRAO DO LEAO
SUL,RS,4312,MISSIONEIRA,43011,REGIÃO 11 - SETE POVOS DAS MISSÕES,430250,4302501,BOSSOROCA
SUL,RS,4312,MISSIONEIRA,43013,REGIÃO 13 - DIVERSIDADE,430258,4302584,BOZANO
SUL,RS,4311,NORTE,43020,REGIÃO 20 - ROTA DA PRODUÇÃO,430260,4302600,BRAGA
SUL,RS,4313,METROPOLITANA,43008,REGIÃO 08 - VALE DO CAÍ E METROPOLITANA,430265,4302659,BROCHIER
SUL,RS,4313,METROPOLITANA,43009,REGIÃO 09 - CARBONÍFERA/COSTA DOCE,430270,4302709,BUTIA
SUL,RS,4308,VALES,43027,REGIÃO 27 - JACUÍ CENTRO,430280,4302808,CACAPAVA DO SUL
SUL,RS,4314,CENTRO-OESTE,43002,REGIÃO 02 - ENTRE RIOS,430290,4302907,CACEQUI
SUL,RS,4308,VALES,43027,REGIÃO 27 - JACUÍ CENTRO,430300,4303004,CACHOEIRA DO SUL
SUL,RS,4313,METROPOLITANA,43010,REGIÃO 10 - CAPITAL E VALE DO GRAVATAÍ,430310,4303103,CACHOEIRINHA
SUL,RS,4311,NORTE,43018,REGIÃO 18 - ARAUCÁRIAS,430320,4303202,CACIQUE DOBLE
SUL,RS,4312,MISSIONEIRA,43011,REGIÃO 11 - SETE POVOS DAS MISSÕES,430330,4303301,CAIBATE
SUL,RS,4311,NORTE,43015,REGIÃO 15 - CAMINHO DAS ÁGUAS,430340,4303400,CAICARA
SUL,RS,4313,METROPOLITANA,43009,REGIÃO 09 - CARBONÍFERA/COSTA DOCE,430350,4303509,CAMAQUA
SUL,RS,4311,NORTE,43017,REGIÃO 17 - PLANALTO,430355,4303558,CAMARGO
SUL,RS,4313,METROPOLITANA,43006,REGIÃO 06 - VALE DO PARANHANA E COSTA SERR,430360,4303608,CAMBARA DO SUL
SUL,RS,4310,SERRA,43024,REGIÃO 24 - CAMPOS DE CIMA DA SERRA,430367,4303673,CAMPESTRE DA SERRA
SUL,RS,4312,MISSIONEIRA,43014,REGIÃO 14 - FRONTEIRA NOROESTE,430370,4303707,CAMPINA DAS MISSOES
SUL,RS,4311,NORTE,43016,REGIÃO 16 - ALTO URUGUAI GAÚCHO,430380,4303806,CAMPINAS DO SUL
SUL,RS,4313,METROPOLITANA,43007,REGIÃO 07 - VALE DOS SINOS,430390,4303905,CAMPO BOM
SUL,RS,4312,MISSIONEIRA,43013,REGIÃO 13 - DIVERSIDADE,430400,4304002,CAMPO NOVO
SUL,RS,4311,NORTE,43019,REGIÃO 19 - BOTUCARAÍ,430410,4304101,CAMPOS BORGES
SUL,RS,4308,VALES,43028,REGIÃO 28 - VINTE E OITO,430420,4304200,CANDELARIA
SUL,RS,4312,MISSIONEIRA,43014,REGIÃO 14 - FRONTEIRA NOROESTE,430430,4304309,CANDIDO GODOI
SUL,RS,4309,SUL,43022,REGIÃO 22 - PAMPA,430435,4304358,CANDIOTA
SUL,RS,4310,SERRA,43023,REGIÃO 23 - CAXIAS E HORTÊNSIAS,430440,4304408,CANELA
SUL,RS,4309,SUL,43021,REGIÃO 21 - SUL,430450,4304507,CANGUCU
SUL,RS,4313,METROPOLITANA,43008,REGIÃO 08 - VALE DO CAÍ E METROPOLITANA,430460,4304606,CANOAS
SUL,RS,4308,VALES,43029,REGIÃO 29 - VALES E MONTANHAS,430461,4304614,CANUDOS DO VALE
SUL,RS,4311,NORTE,43018,REGIÃO 18 - ARAUCÁRIAS,430462,4304622,CAPAO BONITO DO SUL
SUL,RS,4313,METROPOLITANA,43004,REGIÃO 04 - BELAS PRAIAS,430463,4304630,CAPAO DA CANOA
SUL,RS,4314,CENTRO-OESTE,43002,REGIÃO 02 - ENTRE RIOS,430465,4304655,CAPAO DO CIPO
SUL,RS,4309,SUL,43021,REGIÃO 21 - SUL,430466,4304663,CAPAO DO LEAO
SUL,RS,4313,METROPOLITANA,43005,REGIÃO 05 - BONS VENTOS,430467,4304671,CAPIVARI DO SUL
SUL,RS,4313,METROPOLITANA,43008,REGIÃO 08 - VALE DO CAÍ E METROPOLITANA,430468,4304689,CAPELA DE SANTANA
SUL,RS,4308,VALES,43029,REGIÃO 29 - VALES E MONTANHAS,430469,4304697,CAPITAO
SUL,RS,4311,NORTE,43017,REGIÃO 17 - PLANALTO,430470,4304705,CARAZINHO
SUL,RS,4313,METROPOLITANA,43005,REGIÃO 05 - BONS VENTOS,430471,4304713,CARAA
SUL,RS,4310,SERRA,43025,REGIÃO 25 - VINHEDOS E BASALTO,430480,4304804,CARLOS BARBOSA
SUL,RS,4311,NORTE,43016,REGIÃO 16 - ALTO URUGUAI GAÚCHO,430485,4304853,CARLOS GOMES
SUL,RS,4311,NORTE,43017,REGIÃO 17 - PLANALTO,430490,4304903,CASCA
SUL,RS,4311,NORTE,43018,REGIÃO 18 - ARAUCÁRIAS,430495,4304952,CASEIROS
SUL,RS,4312,MISSIONEIRA,43013,REGIÃO 13 - DIVERSIDADE,430500,4305009,CATUIPE
SUL,RS,4310,SERRA,43023,REGIÃO 23 - CAXIAS E HORTÊNSIAS,430510,4305108,CAXIAS DO SUL
SUL,RS,4311,NORTE,43016,REGIÃO 16 - ALTO URUGUAI GAÚCHO,430511,4305116,CENTENARIO
SUL,RS,4309,SUL,43021,REGIÃO 21 - SUL,430512,4305124,CERRITO
SUL,RS,4308,VALES,43027,REGIÃO 27 - JACUÍ CENTRO,430513,4305132,CERRO BRANCO
SUL,RS,4311,NORTE,43020,REGIÃO 20 - ROTA DA PRODUÇÃO,430515,4305157,CERRO GRANDE
SUL,RS,4313,METROPOLITANA,43009,REGIÃO 09 - CARBONÍFERA/COSTA DOCE,430517,4305173,CERRO GRANDE DO SUL
SUL,RS,4312,MISSIONEIRA,43011,REGIÃO 11 - SETE POVOS DAS MISSÕES,430520,4305207,CERRO LARGO
SUL,RS,4311,NORTE,43020,REGIÃO 20 - ROTA DA PRODUÇÃO,430530,4305306,CHAPADA
SUL,RS,4313,METROPOLITANA,43009,REGIÃO 09 - CARBONÍFERA/COSTA DOCE,430535,4305355,CHARQUEADAS
SUL,RS,4311,NORTE,43016,REGIÃO 16 - ALTO URUGUAI GAÚCHO,430537,4305371,CHARRUA
SUL,RS,4312,MISSIONEIRA,43013,REGIÃO 13 - DIVERSIDADE,430540,4305405,CHIAPETTA
SUL,RS,4309,SUL,43021,REGIÃO 21 - SUL,430543,4305439,CHUI
SUL,RS,4313,METROPOLITANA,43009,REGIÃO 09 - CARBONÍFERA/COSTA DOCE,430544,4305447,CHUVISCA
SUL,RS,4313,METROPOLITANA,43005,REGIÃO 05 - BONS VENTOS,430545,4305454,CIDREIRA
SUL,RS,4311,NORTE,43017,REGIÃO 17 - PLANALTO,430550,4305504,CIRIACO
SUL,RS,4308,VALES,43030,REGIÃO 30 - VALE DA LUZ,430558,4305587,COLINAS
SUL,RS,4312,MISSIONEIRA,43012,REGIÃO 12 - PORTAL DAS MISSÕES,430560,4305603,COLORADO
SUL,RS,4312,MISSIONEIRA,43013,REGIÃO 13 - DIVERSIDADE,430570,4305702,CONDOR
SUL,RS,4311,NORTE,43020,REGIÃO 20 - ROTA DA PRODUÇÃO,430580,4305801,CONSTANTINA
SUL,RS,4308,VALES,43029,REGIÃO 29 - VALES E MONTANHAS,430583,4305835,COQUEIRO BAIXO
SUL,RS,4311,NORTE,43017,REGIÃO 17 - PLANALTO,430585,4305850,COQUEIROS DO SUL
SUL,RS,4312,MISSIONEIRA,43013,REGIÃO 13 - DIVERSIDADE,430587,4305871,CORONEL BARROS
SUL,RS,4311,NORTE,43020,REGIÃO 20 - ROTA DA PRODUÇÃO,430590,4305900,CORONEL BICACO
SUL,RS,4310,SERRA,43025,REGIÃO 25 - VINHEDOS E BASALTO,430593,4305934,CORONEL PILAR
SUL,RS,4310,SERRA,43025,REGIÃO 25 - VINHEDOS E BASALTO,430595,4305959,COTIPORA
SUL,RS,4311,NORTE,43017,REGIÃO 17 - PLANALTO,430597,4305975,COXILHA
SUL,RS,4312,MISSIONEIRA,43013,REGIÃO 13 - DIVERSIDADE,430600,4306007,CRISSIUMAL
SUL,RS,4309,SUL,43021,REGIÃO 21 - SUL,430605,4306056,CRISTAL
SUL,RS,4311,NORTE,43015,REGIÃO 15 - CAMINHO DAS ÁGUAS,430607,4306072,CRISTAL DO SUL
SUL,RS,4312,MISSIONEIRA,43012,REGIÃO 12 - PORTAL DAS MISSÕES,430610,4306106,CRUZ ALTA
SUL,RS,4311,NORTE,43016,REGIÃO 16 - ALTO URUGUAI GAÚCHO,430613,4306130,CRUZALTENSE
SUL,RS,4308,VALES,43029,REGIÃO 29 - VALES E MONTANHAS,430620,4306205,CRUZEIRO DO SUL
SUL,RS,4311,NORTE,43017,REGIÃO 17 - PLANALTO,430630,4306304,DAVID CANABARRO
SUL,RS,4311,NORTE,43015,REGIÃO 15 - CAMINHO DAS ÁGUAS,430632,4306320,DERRUBADAS
SUL,RS,4312,MISSIONEIRA,43011,REGIÃO 11 - SETE POVOS DAS MISSÕES,430635,4306353,DEZESSEIS DE NOVEMBRO
SUL,RS,4314,CENTRO-OESTE,43001,REGIÃO 01 - VERDES CAMPOS,430637,4306379,DILERMANDO DE AGUIAR
SUL,RS,4313,METROPOLITANA,43007,REGIÃO 07 - VALE DOS SINOS,430640,4306403,DOIS IRMAOS
SUL,RS,4311,NORTE,43020,REGIÃO 20 - ROTA DA PRODUÇÃO,430642,4306429,DOIS IRMAOS DAS MISSOES
SUL,RS,4308,VALES,43029,REGIÃO 29 - VALES E MONTANHAS,430645,4306452,DOIS LAJEADOS
SUL,RS,4313,METROPOLITANA,43009,REGIÃO 09 - CARBONÍFERA/COSTA DOCE,430650,4306502,DOM FELICIANO
SUL,RS,4313,METROPOLITANA,43004,REGIÃO 04 - BELAS PRAIAS,430655,4306551,DOM PEDRO DE ALCANTARA
SUL,RS,4309,SUL,43022,REGIÃO 22 - PAMPA,430660,4306601,DOM PEDRITO
SUL,RS,4314,CENTRO-OESTE,43001,REGIÃO 01 - VERDES CAMPOS,430670,4306700,DONA FRANCISCA
SUL,RS,4312,MISSIONEIRA,43014,REGIÃO 14 - FRONTEIRA NOROESTE,430673,4306734,DOUTOR MAURICIO CARDOSO
SUL,RS,4308,VALES,43029,REGIÃO 29 - VALES E MONTANHAS,430675,4306759,DOUTOR RICARDO
SUL,RS,4313,METROPOLITANA,43009,REGIÃO 09 - CARBONÍFERA/COSTA DOCE,430676,4306767,ELDORADO DO SUL
SUL,RS,4308,VALES,43029,REGIÃO 29 - VALES E MONTANHAS,430680,4306809,ENCANTADO
SUL,RS,4308,VALES,43027,REGIÃO 27 - JACUÍ CENTRO,430690,4306908,ENCRUZILHADA DO SUL
SUL,RS,4311,NORTE,43020,REGIÃO 20 - ROTA DA PRODUÇÃO,430692,4306924,ENGENHO VELHO
SUL,RS,4312,MISSIONEIRA,43011,REGIÃO 11 - SETE POVOS DAS MISSÕES,430693,4306932,ENTRE-IJUIS
SUL,RS,4311,NORTE,43016,REGIÃO 16 - ALTO URUGUAI GAÚCHO,430695,4306957,ENTRE RIOS DO SUL
SUL,RS,4311,NORTE,43016,REGIÃO 16 - ALTO URUGUAI GAÚCHO,430697,4306973,EREBANGO
SUL,RS,4311,NORTE,43016,REGIÃO 16 - ALTO URUGUAI GAÚCHO,430700,4307005,ERECHIM
SUL,RS,4311,NORTE,43017,REGIÃO 17 - PLANALTO,430705,4307054,ERNESTINA
SUL,RS,4309,SUL,43021,REGIÃO 21 - SUL,430710,4307104,HERVAL
SUL,RS,4311,NORTE,43016,REGIÃO 16 - ALTO URUGUAI GAÚCHO,430720,4307203,ERVAL GRANDE
SUL,RS,4311,NORTE,43015,REGIÃO 15 - CAMINHO DAS ÁGUAS,430730,4307302,ERVAL SECO
SUL,RS,4310,SERRA,43024,REGIÃO 24 - CAMPOS DE CIMA DA SERRA,430740,4307401,ESMERALDA
SUL,RS,4311,NORTE,43015,REGIÃO 15 - CAMINHO DAS ÁGUAS,430745,4307450,ESPERANCA DO SUL
SUL,RS,4311,NORTE,43019,REGIÃO 19 - BOTUCARAÍ,430750,4307500,ESPUMOSO
SUL,RS,4311,NORTE,43016,REGIÃO 16 - ALTO URUGUAI GAÚCHO,430755,4307559,ESTACAO
SUL,RS,4313,METROPOLITANA,43007,REGIÃO 07 - VALE DOS SINOS,430760,4307609,ESTANCIA VELHA
SUL,RS,4313,METROPOLITANA,43008,REGIÃO 08 - VALE DO CAÍ E METROPOLITANA,430770,4307708,ESTEIO
SUL,RS,4308,VALES,43030,REGIÃO 30 - VALE DA LUZ,430780,4307807,ESTRELA
SUL,RS,4308,VALES,43027,REGIÃO 27 - JACUÍ CENTRO,430781,4307815,ESTRELA VELHA
SUL,RS,4312,MISSIONEIRA,43011,REGIÃO 11 - SETE POVOS DAS MISSÕES,430783,4307831,EUGENIO DE CASTRO
SUL,RS,4310,SERRA,43025,REGIÃO 25 - VINHEDOS E BASALTO,430786,4307864,FAGUNDES VARELA
SUL,RS,4310,SERRA,43026,REGIÃO 26 - UVA VALE,430790,4307906,FARROUPILHA
SUL,RS,4314,CENTRO-OESTE,43001,REGIÃO 01 - VERDES CAMPOS,430800,4308003,FAXINAL DO SOTURNO
SUL,RS,4311,NORTE,43016,REGIÃO 16 - ALTO URUGUAI GAÚCHO,430805,4308052,FAXINALZINHO
SUL,RS,4308,VALES,43030,REGIÃO 30 - VALE DA LUZ,430807,4308078,FAZENDA VILANOVA
SUL,RS,4310,SERRA,43026,REGIÃO 26 - UVA VALE,430810,4308102,FELIZ
SUL,RS,4310,SERRA,43026,REGIÃO 26 - UVA VALE,430820,4308201,FLORES DA CUNHA
SUL,RS,4311,NORTE,43016,REGIÃO 16 - ALTO URUGUAI GAÚCHO,430825,4308250,FLORIANO PEIXOTO
SUL,RS,4311,NORTE,43019,REGIÃO 19 - BOTUCARAÍ,430830,4308300,FONTOURA XAVIER
SUL,RS,4314,CENTRO-OESTE,43001,REGIÃO 01 - VERDES CAMPOS,430840,4308409,FORMIGUEIRO
SUL,RS,4308,VALES,43029,REGIÃO 29 - VALES E MONTANHAS,430843,4308433,FORQUETINHA
SUL,RS,4312,MISSIONEIRA,43012,REGIÃO 12 - PORTAL DAS MISSÕES,430845,4308458,FORTALEZA DOS VALOS
SUL,RS,4311,NORTE,43015,REGIÃO 15 - CAMINHO DAS ÁGUAS,430850,4308508,FREDERICO WESTPHALEN
SUL,RS,4310,SERRA,43025,REGIÃO 25 - VINHEDOS E BASALTO,430860,4308607,GARIBALDI
SUL,RS,4312,MISSIONEIRA,43011,REGIÃO 11 - SETE POVOS DAS MISSÕES,430865,4308656,GARRUCHOS
SUL,RS,4311,NORTE,43016,REGIÃO 16 - ALTO URUGUAI GAÚCHO,430870,4308706,GAURAMA
SUL,RS,4313,METROPOLITANA,43009,REGIÃO 09 - CARBONÍFERA/COSTA DOCE,430880,4308805,GENERAL CAMARA
SUL,RS,4311,NORTE,43017,REGIÃO 17 - PLANALTO,430885,4308854,GENTIL
SUL,RS,4311,NORTE,43016,REGIÃO 16 - ALTO URUGUAI GAÚCHO,430890,4308904,GETULIO VARGAS
SUL,RS,4312,MISSIONEIRA,43014,REGIÃO 14 - FRONTEIRA NOROESTE,430900,4309001,GIRUA
SUL,RS,4313,METROPOLITANA,43010,REGIÃO 10 - CAPITAL E VALE DO GRAVATAÍ,430905,4309050,GLORINHA
SUL,RS,4310,SERRA,43023,REGIÃO 23 - CAXIAS E HORTÊNSIAS,430910,4309100,GRAMADO
SUL,RS,4311,NORTE,43020,REGIÃO 20 - ROTA DA PRODUÇÃO,430912,4309126,GRAMADO DOS LOUREIROS
SUL,RS,4308,VALES,43028,REGIÃO 28 - VINTE E OITO,430915,4309159,GRAMADO XAVIER
SUL,RS,4313,METROPOLITANA,43010,REGIÃO 10 - CAPITAL E VALE DO GRAVATAÍ,430920,4309209,GRAVATAI
SUL,RS,4310,SERRA,43025,REGIÃO 25 - VINHEDOS E BASALTO,430925,4309258,GUABIJU
SUL,RS,4313,METROPOLITANA,43009,REGIÃO 09 - CARBONÍFERA/COSTA DOCE,430930,4309308,GUAIBA
SUL,RS,4310,SERRA,43025,REGIÃO 25 - VINHEDOS E BASALTO,430940,4309407,GUAPORE
SUL,RS,4312,MISSIONEIRA,43011,REGIÃO 11 - SETE POVOS DAS MISSÕES,430950,4309506,GUARANI DAS MISSOES
SUL,RS,4313,METROPOLITANA,43008,REGIÃO 08 - VALE DO CAÍ E METROPOLITANA,430955,4309555,HARMONIA
SUL,RS,4308,VALES,43028,REGIÃO 28 - VINTE E OITO,430957,4309571,HERVEIRAS
SUL,RS,4312,MISSIONEIRA,43014,REGIÃO 14 - FRONTEIRA NOROESTE,430960,4309605,HORIZONTINA
SUL,RS,4309,SUL,43022,REGIÃO 22 - PAMPA,430965,4309654,HULHA NEGRA
SUL,RS,4312,MISSIONEIRA,43013,REGIÃO 13 - DIVERSIDADE,430970,4309704,HUMAITA
SUL,RS,4308,VALES,43027,REGIÃO 27 - JACUÍ CENTRO,430975,4309753,IBARAMA
SUL,RS,4311,NORTE,43018,REGIÃO 18 - ARAUCÁRIAS,430980,4309803,IBIACA
SUL,RS,4311,NORTE,43018,REGIÃO 18 - ARAUCÁRIAS,430990,4309902,IBIRAIARAS
SUL,RS,4311,NORTE,43019,REGIÃO 19 - BOTUCARAÍ,430995,4309951,IBIRAPUITA
SUL,RS,4312,MISSIONEIRA,43012,REGIÃO 12 - PORTAL DAS MISSÕES,431000,4310009,IBIRUBA
SUL,RS,4313,METROPOLITANA,43006,REGIÃO 06 - VALE DO PARANHANA E COSTA SERR,431010,4310108,IGREJINHA
SUL,RS,4312,MISSIONEIRA,43013,REGIÃO 13 - DIVERSIDADE,431020,4310207,IJUI
SUL,RS,4308,VALES,43029,REGIÃO 29 - VALES E MONTANHAS,431030,4310306,ILOPOLIS
SUL,RS,4313,METROPOLITANA,43005,REGIÃO 05 - BONS VENTOS,431033,4310330,IMBE
SUL,RS,4308,VALES,43030,REGIÃO 30 - VALE DA LUZ,431036,4310363,IMIGRANTE
SUL,RS,4312,MISSIONEIRA,43014,REGIÃO 14 - FRONTEIRA NOROESTE,431040,4310405,INDEPENDENCIA
SUL,RS,4312,MISSIONEIRA,43013,REGIÃO 13 - DIVERSIDADE,431041,4310413,INHACORA
SUL,RS,4310,SERRA,43026,REGIÃO 26 - UVA VALE,431043,4310439,IPE
SUL,RS,4311,NORTE,43016,REGIÃO 16 - ALTO URUGUAI GAÚCHO,431046,4310462,IPIRANGA DO SUL
SUL,RS,4311,NORTE,43015,REGIÃO 15 - CAMINHO DAS ÁGUAS,431050,4310504,IRAI
SUL,RS,4314,CENTRO-OESTE,43001,REGIÃO 01 - VERDES CAMPOS,431053,4310538,ITAARA
SUL,RS,4314,CENTRO-OESTE,43002,REGIÃO 02 - ENTRE RIOS,431055,4310553,ITACURUBI
SUL,RS,4311,NORTE,43019,REGIÃO 19 - BOTUCARAÍ,431057,4310579,ITAPUCA
SUL,RS,4314,CENTRO-OESTE,43003,REGIÃO 03 - FRONTEIRA OESTE,431060,4310603,ITAQUI
SUL,RS,4313,METROPOLITANA,43004,REGIÃO 04 - BELAS PRAIAS,431065,4310652,ITATI
SUL,RS,4311,NORTE,43016,REGIÃO 16 - ALTO URUGUAI GAÚCHO,431070,4310702,ITATIBA DO SUL
SUL,RS,4314,CENTRO-OESTE,43001,REGIÃO 01 - VERDES CAMPOS,431075,4310751,IVORA
SUL,RS,4313,METROPOLITANA,43007,REGIÃO 07 - VALE DOS SINOS,431080,4310801,IVOTI
SUL,RS,4311,NORTE,43020,REGIÃO 20 - ROTA DA PRODUÇÃO,431085,4310850,JABOTICABA
SUL,RS,4312,MISSIONEIRA,43012,REGIÃO 12 - PORTAL DAS MISSÕES,431087,4310876,JACUIZINHO
SUL,RS,4311,NORTE,43016,REGIÃO 16 - ALTO URUGUAI GAÚCHO,431090,4310900,JACUTINGA
SUL,RS,4309,SUL,43021,REGIÃO 21 - SUL,431100,4311007,JAGUARAO
SUL,RS,4314,CENTRO-OESTE,43002,REGIÃO 02 - ENTRE RIOS,431110,4311106,JAGUARI
SUL,RS,4310,SERRA,43024,REGIÃO 24 - CAMPOS DE CIMA DA SERRA,431112,4311122,JAQUIRANA
SUL,RS,4314,CENTRO-OESTE,43002,REGIÃO 02 - ENTRE RIOS,431113,4311130,JARI
SUL,RS,4312,MISSIONEIRA,43013,REGIÃO 13 - DIVERSIDADE,431115,4311155,JOIA
SUL,RS,4314,CENTRO-OESTE,43001,REGIÃO 01 - VERDES CAMPOS,431120,4311205,JULIO DE CASTILHOS
SUL,RS,4308,VALES,43027,REGIÃO 27 - JACUÍ CENTRO,431123,4311239,LAGOA BONITA DO SUL
SUL,RS,4311,NORTE,43019,REGIÃO 19 - BOTUCARAÍ,431125,4311254,LAGOAO
SUL,RS,4311,NORTE,43017,REGIÃO 17 - PLANALTO,431127,4311270,LAGOA DOS TRES CANTOS
SUL,RS,4311,NORTE,43018,REGIÃO 18 - ARAUCÁRIAS,431130,4311304,LAGOA VERMELHA
SUL,RS,4308,VALES,43029,REGIÃO 29 - VALES E MONTANHAS,431140,4311403,LAJEADO
SUL,RS,4311,NORTE,43020,REGIÃO 20 - ROTA DA PRODUÇÃO,431142,4311429,LAJEADO DO BUGRE
SUL,RS,4309,SUL,43022,REGIÃO 22 - PAMPA,431150,4311502,LAVRAS DO SUL
SUL,RS,4311,NORTE,43015,REGIÃO 15 - CAMINHO DAS ÁGUAS,431160,4311601,LIBERATO SALZANO
SUL,RS,4313,METROPOLITANA,43007,REGIÃO 07 - VALE DOS SINOS,431162,4311627,LINDOLFO COLLOR
SUL,RS,4310,SERRA,43023,REGIÃO 23 - CAXIAS E HORTÊNSIAS,431164,4311643,LINHA NOVA
SUL,RS,4311,NORTE,43018,REGIÃO 18 - ARAUCÁRIAS,431170,4311700,MACHADINHO
SUL,RS,4314,CENTRO-OESTE,43003,REGIÃO 03 - FRONTEIRA OESTE,431171,4311718,MACAMBARA
SUL,RS,4313,METROPOLITANA,43004,REGIÃO 04 - BELAS PRAIAS,431173,4311734,MAMPITUBA
SUL,RS,4314,CENTRO-OESTE,43003,REGIÃO 03 - FRONTEIRA OESTE,431175,4311759,MANOEL VIANA
SUL,RS,4313,METROPOLITANA,43004,REGIÃO 04 - BELAS PRAIAS,431177,4311775,MAQUINE
SUL,RS,4313,METROPOLITANA,43008,REGIÃO 08 - VALE DO CAÍ E METROPOLITANA,431179,4311791,MARATA
SUL,RS,4311,NORTE,43017,REGIÃO 17 - PLANALTO,431180,4311809,MARAU
SUL,RS,4311,NORTE,43016,REGIÃO 16 - ALTO URUGUAI GAÚCHO,431190,4311908,MARCELINO RAMOS
SUL,RS,4313,METROPOLITANA,43009,REGIÃO 09 - CARBONÍFERA/COSTA DOCE,431198,4311981,MARIANA PIMENTEL
SUL,RS,4311,NORTE,43016,REGIÃO 16 - ALTO URUGUAI GAÚCHO,431200,4312005,MARIANO MORO
SUL,RS,4308,VALES,43029,REGIÃO 29 - VALES E MONTANHAS,431205,4312054,MARQUES DE SOUZA
SUL,RS,4314,CENTRO-OESTE,43002,REGIÃO 02 - ENTRE RIOS,431210,4312104,MATA
SUL,RS,4311,NORTE,43017,REGIÃO 17 - PLANALTO,431213,4312138,MATO CASTELHANO
SUL,RS,4308,VALES,43028,REGIÃO 28 - VINTE E OITO,431215,4312153,MATO LEITAO
SUL,RS,4312,MISSIONEIRA,43011,REGIÃO 11 - SETE POVOS DAS MISSÕES,431217,4312179,MATO QUEIMADO
SUL,RS,4311,NORTE,43018,REGIÃO 18 - ARAUCÁRIAS,431220,4312203,MAXIMILIANO DE ALMEIDA
SUL,RS,4313,METROPOLITANA,43009,REGIÃO 09 - CARBONÍFERA/COSTA DOCE,431225,4312252,MINAS DO LEAO
SUL,RS,4311,NORTE,43020,REGIÃO 20 - ROTA DA PRODUÇÃO,431230,4312302,MIRAGUAI
SUL,RS,4311,NORTE,43017,REGIÃO 17 - PLANALTO,431235,4312351,MONTAURI
SUL,RS,4310,SERRA,43024,REGIÃO 24 - CAMPOS DE CIMA DA SERRA,431237,4312377,MONTE ALEGRE DOS CAMPOS
SUL,RS,4310,SERRA,43025,REGIÃO 25 - VINHEDOS E BASALTO,431238,4312385,MONTE BELO DO SUL
SUL,RS,4313,METROPOLITANA,43008,REGIÃO 08 - VALE DO CAÍ E METROPOLITANA,431240,4312401,MONTENEGRO
SUL,RS,4311,NORTE,43019,REGIÃO 19 - BOTUCARAÍ,431242,4312427,MORMACO
SUL,RS,4313,METROPOLITANA,43004,REGIÃO 04 - BELAS PRAIAS,431244,4312443,MORRINHOS DO SUL
SUL,RS,4309,SUL,43021,REGIÃO 21 - SUL,431245,4312450,MORRO REDONDO
SUL,RS,4313,METROPOLITANA,43007,REGIÃO 07 - VALE DOS SINOS,431247,4312476,MORRO REUTER
SUL,RS,4313,METROPOLITANA,43005,REGIÃO 05 - BONS VENTOS,431250,4312500,MOSTARDAS
SUL,RS,4308,VALES,43029,REGIÃO 29 - VALES E MONTANHAS,431260,4312609,MUCUM
SUL,RS,4310,SERRA,43024,REGIÃO 24 - CAMPOS DE CIMA DA SERRA,431261,4312617,MUITOS CAPOES
SUL,RS,4311,NORTE,43017,REGIÃO 17 - PLANALTO,431262,4312625,MULITERNO
SUL,RS,4311,NORTE,43017,REGIÃO 17 - PLANALTO,431265,4312658,NAO-ME-TOQUE
SUL,RS,4311,NORTE,43017,REGIÃO 17 - PLANALTO,431267,4312674,NICOLAU VERGUEIRO
SUL,RS,4311,NORTE,43016,REGIÃO 16 - ALTO URUGUAI GAÚCHO,431270,4312708,NONOAI
SUL,RS,4311,NORTE,43017,REGIÃO 17 - PLANALTO,431275,4312757,NOVA ALVORADA
SUL,RS,4310,SERRA,43025,REGIÃO 25 - VINHEDOS E BASALTO,431280,4312807,NOVA ARACA
SUL,RS,4310,SERRA,43025,REGIÃO 25 - VINHEDOS E BASALTO,431290,4312906,NOVA BASSANO
SUL,RS,4311,NORTE,43020,REGIÃO 20 - ROTA DA PRODUÇÃO,431295,4312955,NOVA BOA VISTA
SUL,RS,4308,VALES,43029,REGIÃO 29 - VALES E MONTANHAS,431300,4313003,NOVA BRESCIA
SUL,RS,4312,MISSIONEIRA,43014,REGIÃO 14 - FRONTEIRA NOROESTE,431301,4313011,NOVA CANDELARIA
SUL,RS,4314,CENTRO-OESTE,43002,REGIÃO 02 - ENTRE RIOS,431303,4313037,NOVA ESPERANCA DO SUL
SUL,RS,4313,METROPOLITANA,43007,REGIÃO 07 - VALE DOS SINOS,431306,4313060,NOVA HARTZ
SUL,RS,4310,SERRA,43026,REGIÃO 26 - UVA VALE,431308,4313086,NOVA PADUA
SUL,RS,4314,CENTRO-OESTE,43001,REGIÃO 01 - VERDES CAMPOS,431310,4313102,NOVA PALMA
SUL,RS,4310,SERRA,43023,REGIÃO 23 - CAXIAS E HORTÊNSIAS,431320,4313201,NOVA PETROPOLIS
SUL,RS,4310,SERRA,43025,REGIÃO 25 - VINHEDOS E BASALTO,431330,4313300,NOVA PRATA
SUL,RS,4312,MISSIONEIRA,43013,REGIÃO 13 - DIVERSIDADE,431333,4313334,NOVA RAMADA
SUL,RS,4310,SERRA,43026,REGIÃO 26 - UVA VALE,431335,4313359,NOVA ROMA DO SUL
SUL,RS,4313,METROPOLITANA,43008,REGIÃO 08 - VALE DO CAÍ E METROPOLITANA,431337,4313375,NOVA SANTA RITA
SUL,RS,4308,VALES,43027,REGIÃO 27 - JACUÍ CENTRO,431339,4313391,NOVO CABRAIS
SUL,RS,4313,METROPOLITANA,43007,REGIÃO 07 - VALE DOS SINOS,431340,4313409,NOVO HAMBURGO
SUL,RS,4312,MISSIONEIRA,43014,REGIÃO 14 - FRONTEIRA NOROESTE,431342,4313425,NOVO MACHADO
SUL,RS,4311,NORTE,43015,REGIÃO 15 - CAMINHO DAS ÁGUAS,431344,4313441,NOVO TIRADENTES
SUL,RS,4311,NORTE,43020,REGIÃO 20 - ROTA DA PRODUÇÃO,431346,4313466,NOVO XINGU
SUL,RS,4311,NORTE,43020,REGIÃO 20 - ROTA DA PRODUÇÃO,431349,4313490,NOVO BARREIRO
SUL,RS,4313,METROPOLITANA,43005,REGIÃO 05 - BONS VENTOS,431350,4313508,OSORIO
SUL,RS,4311,NORTE,43018,REGIÃO 18 - ARAUCÁRIAS,431360,4313607,PAIM FILHO
SUL,RS,4313,METROPOLITANA,43005,REGIÃO 05 - BONS VENTOS,431365,4313656,PALMARES DO SUL
SUL,RS,4311,NORTE,43020,REGIÃO 20 - ROTA DA PRODUÇÃO,431370,4313706,PALMEIRA DAS MISSOES
SUL,RS,4311,NORTE,43015,REGIÃO 15 - CAMINHO DAS ÁGUAS,431380,4313805,PALMITINHO
SUL,RS,4312,MISSIONEIRA,43013,REGIÃO 13 - DIVERSIDADE,431390,4313904,PANAMBI
SUL,RS,4308,VALES,43028,REGIÃO 28 - VINTE E OITO,431395,4313953,PANTANO GRANDE
SUL,RS,4310,SERRA,43025,REGIÃO 25 - VINHEDOS E BASALTO,431400,4314001,PARAI
SUL,RS,4314,CENTRO-OESTE,43001,REGIÃO 01 - VERDES CAMPOS,431402,4314027,PARAISO DO SUL
SUL,RS,4313,METROPOLITANA,43008,REGIÃO 08 - VALE DO CAÍ E METROPOLITANA,431403,4314035,PARECI NOVO
SUL,RS,4313,METROPOLITANA,43006,REGIÃO 06 - VALE DO PARANHANA E COSTA SERR,431405,4314050,PAROBE
SUL,RS,4308,VALES,43027,REGIÃO 27 - JACUÍ CENTRO,431406,4314068,PASSA SETE
SUL,RS,4308,VALES,43028,REGIÃO 28 - VINTE E OITO,431407,4314076,PASSO DO SOBRADO
SUL,RS,4311,NORTE,43017,REGIÃO 17 - PLANALTO,431410,4314100,PASSO FUNDO
SUL,RS,4311,NORTE,43016,REGIÃO 16 - ALTO URUGUAI GAÚCHO,431413,4314134,PAULO BENTO
SUL,RS,4308,VALES,43030,REGIÃO 30 - VALE DA LUZ,431415,4314159,PAVERAMA
SUL,RS,4309,SUL,43021,REGIÃO 21 - SUL,431417,4314175,PEDRAS ALTAS
SUL,RS,4309,SUL,43021,REGIÃO 21 - SUL,431420,4314209,PEDRO OSORIO
SUL,RS,4312,MISSIONEIRA,43013,REGIÃO 13 - DIVERSIDADE,431430,4314308,PEJUCARA
SUL,RS,4309,SUL,43021,REGIÃO 21 - SUL,431440,4314407,PELOTAS
SUL,RS,4310,SERRA,43023,REGIÃO 23 - CAXIAS E HORTÊNSIAS,431442,4314423,PICADA CAFE
SUL,RS,4311,NORTE,43015,REGIÃO 15 - CAMINHO DAS ÁGUAS,431445,4314456,PINHAL
SUL,RS,4310,SERRA,43024,REGIÃO 24 - CAMPOS DE CIMA DA SERRA,431446,4314464,PINHAL DA SERRA
SUL,RS,4314,CENTRO-OESTE,43001,REGIÃO 01 - VERDES CAMPOS,431447,4314472,PINHAL GRANDE
SUL,RS,4311,NORTE,43015,REGIÃO 15 - CAMINHO DAS ÁGUAS,431449,4314498,PINHEIRINHO DO VALE
SUL,RS,4309,SUL,43021,REGIÃO 21 - SUL,431450,4314506,PINHEIRO MACHADO
SUL,RS,4310,SERRA,43025,REGIÃO 25 - VINHEDOS E BASALTO,431454,4314548,PINTO BANDEIRA
SUL,RS,4312,MISSIONEIRA,43011,REGIÃO 11 - SETE POVOS DAS MISSÕES,431455,4314555,PIRAPO
SUL,RS,4309,SUL,43021,REGIÃO 21 - SUL,431460,4314605,PIRATINI
SUL,RS,4311,NORTE,43015,REGIÃO 15 - CAMINHO DAS ÁGUAS,431470,4314704,PLANALTO
SUL,RS,4308,VALES,43030,REGIÃO 30 - VALE DA LUZ,431475,4314753,POCO DAS ANTAS
SUL,RS,4311,NORTE,43017,REGIÃO 17 - PLANALTO,431477,4314779,PONTAO
SUL,RS,4311,NORTE,43016,REGIÃO 16 - ALTO URUGUAI GAÚCHO,431478,4314787,PONTE PRETA
SUL,RS,4313,METROPOLITANA,43007,REGIÃO 07 - VALE DOS SINOS,431480,4314803,PORTAO
SUL,RS,4313,METROPOLITANA,43010,REGIÃO 10 - CAPITAL E VALE DO GRAVATAÍ,431490,4314902,PORTO ALEGRE
SUL,RS,4312,MISSIONEIRA,43014,REGIÃO 14 - FRONTEIRA NOROESTE,431500,4315008,PORTO LUCENA
SUL,RS,4312,MISSIONEIRA,43014,REGIÃO 14 - FRONTEIRA NOROESTE,431505,4315057,PORTO MAUA
SUL,RS,4312,MISSIONEIRA,43014,REGIÃO 14 - FRONTEIRA NOROESTE,431507,4315073,PORTO VERA CRUZ
SUL,RS,4312,MISSIONEIRA,43011,REGIÃO 11 - SETE POVOS DAS MISSÕES,431510,4315107,PORTO XAVIER
SUL,RS,4308,VALES,43029,REGIÃO 29 - VALES E MONTANHAS,431513,4315131,POUSO NOVO
SUL,RS,4313,METROPOLITANA,43007,REGIÃO 07 - VALE DOS SINOS,431514,4315149,PRESIDENTE LUCENA
SUL,RS,4308,VALES,43029,REGIÃO 29 - VALES E MONTANHAS,431515,4315156,PROGRESSO
SUL,RS,4310,SERRA,43025,REGIÃO 25 - VINHEDOS E BASALTO,431517,4315172,PROTASIO ALVES
SUL,RS,4308,VALES,43029,REGIÃO 29 - VALES E MONTANHAS,431520,4315206,PUTINGA
SUL,RS,4314,CENTRO-OESTE,43003,REGIÃO 03 - FRONTEIRA OESTE,431530,4315305,QUARAI
SUL,RS,4311,NORTE,43016,REGIÃO 16 - ALTO URUGUAI GAÚCHO,431531,4315313,QUATRO IRMAOS
SUL,RS,4314,CENTRO-OESTE,43001,REGIÃO 01 - VERDES CAMPOS,431532,4315321,QUEVEDOS
SUL,RS,4312,MISSIONEIRA,43012,REGIÃO 12 - PORTAL DAS MISSÕES,431535,4315354,QUINZE DE NOVEMBRO
SUL,RS,4311,NORTE,43020,REGIÃO 20 - ROTA DA PRODUÇÃO,431540,4315404,REDENTORA
SUL,RS,4308,VALES,43029,REGIÃO 29 - VALES E MONTANHAS,431545,4315453,RELVADO
SUL,RS,4314,CENTRO-OESTE,43001,REGIÃO 01 - VERDES CAMPOS,431550,4315503,RESTINGA SECA
SUL,RS,4311,NORTE,43016,REGIÃO 16 - ALTO URUGUAI GAÚCHO,431555,4315552,RIO DOS INDIOS
SUL,RS,4309,SUL,43021,REGIÃO 21 - SUL,431560,4315602,RIO GRANDE
SUL,RS,4308,VALES,43028,REGIÃO 28 - VINTE E OITO,431570,4315701,RIO PARDO
SUL,RS,4313,METROPOLITANA,43006,REGIÃO 06 - VALE DO PARANHANA E COSTA SERR,431575,4315750,RIOZINHO
SUL,RS,4308,VALES,43029,REGIÃO 29 - VALES E MONTANHAS,431580,4315800,ROCA SALES
SUL,RS,4311,NORTE,43015,REGIÃO 15 - CAMINHO DAS ÁGUAS,431590,4315909,RODEIO BONITO
SUL,RS,4312,MISSIONEIRA,43011,REGIÃO 11 - SETE POVOS DAS MISSÕES,431595,4315958,ROLADOR
SUL,RS,4313,METROPOLITANA,43006,REGIÃO 06 - VALE DO PARANHANA E COSTA SERR,431600,4316006,ROLANTE
SUL,RS,4311,NORTE,43020,REGIÃO 20 - ROTA DA PRODUÇÃO,431610,4316105,RONDA ALTA
SUL,RS,4311,NORTE,43020,REGIÃO 20 - ROTA DA PRODUÇÃO,431620,4316204,RONDINHA
SUL,RS,4312,MISSIONEIRA,43011,REGIÃO 11 - SETE POVOS DAS MISSÕES,431630,4316303,ROQUE GONZALES
SUL,RS,4314,CENTRO-OESTE,43003,REGIÃO 03 - FRONTEIRA OESTE,431640,4316402,ROSARIO DO SUL
SUL,RS,4311,NORTE,43020,REGIÃO 20 - ROTA DA PRODUÇÃO,431642,4316428,SAGRADA FAMILIA
SUL,RS,4312,MISSIONEIRA,43012,REGIÃO 12 - PORTAL DAS MISSÕES,431643,4316436,SALDANHA MARINHO
SUL,RS,4312,MISSIONEIRA,43012,REGIÃO 12 - PORTAL DAS MISSÕES,431645,4316451,SALTO DO JACUI
SUL,RS,4312,MISSIONEIRA,43011,REGIÃO 11 - SETE POVOS DAS MISSÕES,431647,4316477,SALVADOR DAS MISSOES
SUL,RS,4313,METROPOLITANA,43008,REGIÃO 08 - VALE DO CAÍ E METROPOLITANA,431650,4316501,SALVADOR DO SUL
SUL,RS,4311,NORTE,43018,REGIÃO 18 - ARAUCÁRIAS,431660,4316600,SANANDUVA
SUL,RS,4312,MISSIONEIRA,43012,REGIÃO 12 - PORTAL DAS MISSÕES,431670,4316709,SANTA BARBARA DO SUL
SUL,RS,4311,NORTE,43018,REGIÃO 18 - ARAUCÁRIAS,431673,4316733,SANTA CECILIA DO SUL
SUL,RS,4308,VALES,43029,REGIÃO 29 - VALES E MONTANHAS,431675,4316758,SANTA CLARA DO SUL
SUL,RS,4308,VALES,43028,REGIÃO 28 - VINTE E OITO,431680,4316808,SANTA CRUZ DO SUL
SUL,RS,4314,CENTRO-OESTE,43001,REGIÃO 01 - VERDES CAMPOS,431690,4316907,SANTA MARIA
SUL,RS,4313,METROPOLITANA,43007,REGIÃO 07 - VALE DOS SINOS,431695,4316956,SANTA MARIA DO HERVAL
SUL,RS,4314,CENTRO-OESTE,43003,REGIÃO 03 - FRONTEIRA OESTE,431697,4316972,SANTA MARGARIDA DO SUL
SUL,RS,4309,SUL,43021,REGIÃO 21 - SUL,431700,4317004,SANTANA DA BOA VISTA
SUL,RS,4314,CENTRO-OESTE,43003,REGIÃO 03 - FRONTEIRA OESTE,431710,4317103,SANT'ANA DO LIVRAMENTO
SUL,RS,4312,MISSIONEIRA,43014,REGIÃO 14 - FRONTEIRA NOROESTE,431720,4317202,SANTA ROSA
SUL,RS,4310,SERRA,43025,REGIÃO 25 - VINHEDOS E BASALTO,431725,4317251,SANTA TEREZA
SUL,RS,4309,SUL,43021,REGIÃO 21 - SUL,431730,4317301,SANTA VITORIA DO PALMAR
SUL,RS,4314,CENTRO-OESTE,43002,REGIÃO 02 - ENTRE RIOS,431740,4317400,SANTIAGO
SUL,RS,4312,MISSIONEIRA,43011,REGIÃO 11 - SETE POVOS DAS MISSÕES,431750,4317509,SANTO ANGELO
SUL,RS,4311,NORTE,43017,REGIÃO 17 - PLANALTO,431755,4317558,SANTO ANTONIO DO PALMA
SUL,RS,4313,METROPOLITANA,43005,REGIÃO 05 - BONS VENTOS,431760,4317608,SANTO ANTONIO DA PATRULHA
SUL,RS,4312,MISSIONEIRA,43011,REGIÃO 11 - SETE POVOS DAS MISSÕES,431770,4317707,SANTO ANTONIO DAS MISSOES
SUL,RS,4311,NORTE,43017,REGIÃO 17 - PLANALTO,431775,4317756,SANTO ANTONIO DO PLANALTO
SUL,RS,4312,MISSIONEIRA,43013,REGIÃO 13 - DIVERSIDADE,431780,4317806,SANTO AUGUSTO
SUL,RS,4312,MISSIONEIRA,43014,REGIÃO 14 - FRONTEIRA NOROESTE,431790,4317905,SANTO CRISTO
SUL,RS,4311,NORTE,43018,REGIÃO 18 - ARAUCÁRIAS,431795,4317954,SANTO EXPEDITO DO SUL
SUL,RS,4312,MISSIONEIRA,43011,REGIÃO 11 - SETE POVOS DAS MISSÕES,431800,4318002,SAO BORJA
SUL,RS,4311,NORTE,43017,REGIÃO 17 - PLANALTO,431805,4318051,SAO DOMINGOS DO SUL
SUL,RS,4314,CENTRO-OESTE,43002,REGIÃO 02 - ENTRE RIOS,431810,4318101,SAO FRANCISCO DE ASSIS
SUL,RS,4313,METROPOLITANA,43006,REGIÃO 06 - VALE DO PARANHANA E COSTA SERR,431820,4318200,SAO FRANCISCO DE PAULA
SUL,RS,4314,CENTRO-OESTE,43003,REGIÃO 03 - FRONTEIRA OESTE,431830,4318309,SAO GABRIEL
SUL,RS,4313,METROPOLITANA,43009,REGIÃO 09 - CARBONÍFERA/COSTA DOCE,431840,4318408,SAO JERONIMO
SUL,RS,4311,NORTE,43018,REGIÃO 18 - ARAUCÁRIAS,431842,4318424,SAO JOAO DA URTIGA
SUL,RS,4314,CENTRO-OESTE,43001,REGIÃO 01 - VERDES CAMPOS,431843,4318432,SAO JOAO DO POLESINE
SUL,RS,4310,SERRA,43025,REGIÃO 25 - VINHEDOS E BASALTO,431844,4318440,SAO JORGE
SUL,RS,4311,NORTE,43020,REGIÃO 20 - ROTA DA PRODUÇÃO,431845,4318457,SAO JOSE DAS MISSOES
SUL,RS,4308,VALES,43029,REGIÃO 29 - VALES E MONTANHAS,431846,4318465,SAO JOSE DO HERVAL
SUL,RS,4313,METROPOLITANA,43007,REGIÃO 07 - VALE DOS SINOS,431848,4318481,SAO JOSE DO HORTENCIO
SUL,RS,4312,MISSIONEIRA,43014,REGIÃO 14 - FRONTEIRA NOROESTE,431849,4318499,SAO JOSE DO INHACORA
SUL,RS,4309,SUL,43021,REGIÃO 21 - SUL,431850,4318507,SAO JOSE DO NORTE
SUL,RS,4311,NORTE,43018,REGIÃO 18 - ARAUCÁRIAS,431860,4318606,SAO JOSE DO OURO
SUL,RS,4313,METROPOLITANA,43008,REGIÃO 08 - VALE DO CAÍ E METROPOLITANA,431861,4318614,SAO JOSE DO SUL
SUL,RS,4310,SERRA,43024,REGIÃO 24 - CAMPOS DE CIMA DA SERRA,431862,4318622,SAO JOSE DOS AUSENTES
SUL,RS,4313,METROPOLITANA,43007,REGIÃO 07 - VALE DOS SINOS,431870,4318705,SAO LEOPOLDO
SUL,RS,4309,SUL,43021,REGIÃO 21 - SUL,431880,4318804,SAO LOURENCO DO SUL
SUL,RS,4312,MISSIONEIRA,43011,REGIÃO 11 - SETE POVOS DAS MISSÕES,431890,4318903,SAO LUIZ GONZAGA
SUL,RS,4310,SERRA,43026,REGIÃO 26 - UVA VALE,431900,4319000,SAO MARCOS
SUL,RS,4312,MISSIONEIRA,43013,REGIÃO 13 - DIVERSIDADE,431910,4319109,SAO MARTINHO
SUL,RS,4314,CENTRO-OESTE,43001,REGIÃO 01 - VERDES CAMPOS,431912,4319125,SAO MARTINHO DA SERRA
SUL,RS,4312,MISSIONEIRA,43011,REGIÃO 11 - SETE POVOS DAS MISSÕES,431915,4319158,SAO MIGUEL DAS MISSOES
SUL,RS,4312,MISSIONEIRA,43011,REGIÃO 11 - SETE POVOS DAS MISSÕES,431920,4319208,SAO NICOLAU
SUL,RS,4312,MISSIONEIRA,43014,REGIÃO 14 - FRONTEIRA NOROESTE,431930,4319307,SAO PAULO DAS MISSOES
SUL,RS,4313,METROPOLITANA,43008,REGIÃO 08 - VALE DO CAÍ E METROPOLITANA,431935,4319356,SAO PEDRO DA SERRA
SUL,RS,4311,NORTE,43020,REGIÃO 20 - ROTA DA PRODUÇÃO,431936,4319364,SAO PEDRO DAS MISSOES
SUL,RS,4312,MISSIONEIRA,43011,REGIÃO 11 - SETE POVOS DAS MISSÕES,431937,4319372,SAO PEDRO DO BUTIA
SUL,RS,4314,CENTRO-OESTE,43001,REGIÃO 01 - VERDES CAMPOS,431940,4319406,SAO PEDRO DO SUL
SUL,RS,4313,METROPOLITANA,43008,REGIÃO 08 - VALE DO CAÍ E METROPOLITANA,431950,4319505,SAO SEBASTIAO DO CAI
SUL,RS,4314,CENTRO-OESTE,43001,REGIÃO 01 - VERDES CAMPOS,431960,4319604,SAO SEPE
SUL,RS,4311,NORTE,43016,REGIÃO 16 - ALTO URUGUAI GAÚCHO,431970,4319703,SAO VALENTIM
SUL,RS,4308,VALES,43029,REGIÃO 29 - VALES E MONTANHAS,431971,4319711,SAO VALENTIM DO SUL
SUL,RS,4312,MISSIONEIRA,43013,REGIÃO 13 - DIVERSIDADE,431973,4319737,SAO VALERIO DO SUL
SUL,RS,4310,SERRA,43026,REGIÃO 26 - UVA VALE,431975,4319752,SAO VENDELINO
SUL,RS,4314,CENTRO-OESTE,43002,REGIÃO 02 - ENTRE RIOS,431980,4319802,SAO VICENTE DO SUL
SUL,RS,4313,METROPOLITANA,43007,REGIÃO 07 - VALE DOS SINOS,431990,4319901,SAPIRANGA
SUL,RS,4313,METROPOLITANA,43008,REGIÃO 08 - VALE DO CAÍ E METROPOLITANA,432000,4320008,SAPUCAIA DO SUL
SUL,RS,4311,NORTE,43020,REGIÃO 20 - ROTA DA PRODUÇÃO,432010,4320107,SARANDI
SUL,RS,4311,NORTE,43015,REGIÃO 15 - CAMINHO DAS ÁGUAS,432020,4320206,SEBERI
SUL,RS,4312,MISSIONEIRA,43013,REGIÃO 13 - DIVERSIDADE,432023,4320230,SEDE NOVA
SUL,RS,4308,VALES,43027,REGIÃO 27 - JACUÍ CENTRO,432026,4320263,SEGREDO
SUL,RS,4312,MISSIONEIRA,43012,REGIÃO 12 - PORTAL DAS MISSÕES,432030,4320305,SELBACH
SUL,RS,4312,MISSIONEIRA,43014,REGIÃO 14 - FRONTEIRA NOROESTE,432032,4320321,SENADOR SALGADO FILHO
SUL,RS,4313,METROPOLITANA,43009,REGIÃO 09 - CARBONÍFERA/COSTA DOCE,432035,4320354,SENTINELA DO SUL
SUL,RS,4311,NORTE,43017,REGIÃO 17 - PLANALTO,432040,4320404,SERAFINA CORREA
SUL,RS,4308,VALES,43029,REGIÃO 29 - VALES E MONTANHAS,432045,4320453,SERIO
SUL,RS,4311,NORTE,43017,REGIÃO 17 - PLANALTO,432050,4320503,SERTAO
SUL,RS,4313,METROPOLITANA,43009,REGIÃO 09 - CARBONÍFERA/COSTA DOCE,432055,4320552,SERTAO SANTANA
SUL,RS,4312,MISSIONEIRA,43011,REGIÃO 11 - SETE POVOS DAS MISSÕES,432057,4320578,SETE DE SETEMBRO
SUL,RS,4311,NORTE,43016,REGIÃO 16 - ALTO URUGUAI GAÚCHO,432060,4320602,SEVERIANO DE ALMEIDA
SUL,RS,4314,CENTRO-OESTE,43001,REGIÃO 01 - VERDES CAMPOS,432065,4320651,SILVEIRA MARTINS
SUL,RS,4308,VALES,43028,REGIÃO 28 - VINTE E OITO,432067,4320677,SINIMBU
SUL,RS,4308,VALES,43027,REGIÃO 27 - JACUÍ CENTRO,432070,4320701,SOBRADINHO
SUL,RS,4311,NORTE,43019,REGIÃO 19 - BOTUCARAÍ,432080,4320800,SOLEDADE
SUL,RS,4313,METROPOLITANA,43008,REGIÃO 08 - VALE DO CAÍ E METROPOLITANA,432085,4320859,TABAI
SUL,RS,4311,NORTE,43018,REGIÃO 18 - ARAUCÁRIAS,432090,4320909,TAPEJARA
SUL,RS,4311,NORTE,43019,REGIÃO 19 - BOTUCARAÍ,432100,4321006,TAPERA
SUL,RS,4313,METROPOLITANA,43009,REGIÃO 09 - CARBONÍFERA/COSTA DOCE,432110,4321105,TAPES
SUL,RS,4313,METROPOLITANA,43006,REGIÃO 06 - VALE DO PARANHANA E COSTA SERR,432120,4321204,TAQUARA
SUL,RS,4308,VALES,43030,REGIÃO 30 - VALE DA LUZ,432130,4321303,TAQUARI
SUL,RS,4311,NORTE,43015,REGIÃO 15 - CAMINHO DAS ÁGUAS,432132,4321329,TAQUARUCU DO SUL
SUL,RS,4313,METROPOLITANA,43005,REGIÃO 05 - BONS VENTOS,432135,4321352,TAVARES
SUL,RS,4311,NORTE,43015,REGIÃO 15 - CAMINHO DAS ÁGUAS,432140,4321402,TENENTE PORTELA
SUL,RS,4313,METROPOLITANA,43004,REGIÃO 04 - BELAS PRAIAS,432143,4321436,TERRA DE AREIA
SUL,RS,4308,VALES,43030,REGIÃO 30 - VALE DA LUZ,432145,4321451,TEUTONIA
SUL,RS,4311,NORTE,43019,REGIÃO 19 - BOTUCARAÍ,432146,4321469,TIO HUGO
SUL,RS,4311,NORTE,43015,REGIÃO 15 - CAMINHO DAS ÁGUAS,432147,4321477,TIRADENTES DO SUL
SUL,RS,4314,CENTRO-OESTE,43001,REGIÃO 01 - VERDES CAMPOS,432149,4321493,TOROPI
SUL,RS,4313,METROPOLITANA,43004,REGIÃO 04 - BELAS PRAIAS,432150,4321501,TORRES
SUL,RS,4313,METROPOLITANA,43005,REGIÃO 05 - BONS VENTOS,432160,4321600,TRAMANDAI
SUL,RS,4308,VALES,43029,REGIÃO 29 - VALES E MONTANHAS,432162,4321626,TRAVESSEIRO
SUL,RS,4311,NORTE,43016,REGIÃO 16 - ALTO URUGUAI GAÚCHO,432163,4321634,TRES ARROIOS
SUL,RS,4313,METROPOLITANA,43004,REGIÃO 04 - BELAS PRAIAS,432166,4321667,TRES CACHOEIRAS
SUL,RS,4313,METROPOLITANA,43006,REGIÃO 06 - VALE DO PARANHANA E COSTA SERR,432170,4321709,TRES COROAS
SUL,RS,4312,MISSIONEIRA,43014,REGIÃO 14 - FRONTEIRA NOROESTE,432180,4321808,TRES DE MAIO
SUL,RS,4313,METROPOLITANA,43004,REGIÃO 04 - BELAS PRAIAS,432183,4321832,TRES FORQUILHAS
SUL,RS,4311,NORTE,43020,REGIÃO 20 - ROTA DA PRODUÇÃO,432185,4321857,TRES PALMEIRAS
SUL,RS,4311,NORTE,43015,REGIÃO 15 - CAMINHO DAS ÁGUAS,432190,4321907,TRES PASSOS
SUL,RS,4311,NORTE,43020,REGIÃO 20 - ROTA DA PRODUÇÃO,432195,4321956,TRINDADE DO SUL
SUL,RS,4313,METROPOLITANA,43008,REGIÃO 08 - VALE DO CAÍ E METROPOLITANA,432200,4322004,TRIUNFO
SUL,RS,4312,MISSIONEIRA,43014,REGIÃO 14 - FRONTEIRA NOROESTE,432210,4322103,TUCUNDUVA
SUL,RS,4311,NORTE,43019,REGIÃO 19 - BOTUCARAÍ,432215,4322152,TUNAS
SUL,RS,4311,NORTE,43018,REGIÃO 18 - ARAUCÁRIAS,432218,4322186,TUPANCI DO SUL
SUL,RS,4312,MISSIONEIRA,43012,REGIÃO 12 - PORTAL DAS MISSÕES,432220,4322202,TUPANCIRETA
SUL,RS,4313,METROPOLITANA,43008,REGIÃO 08 - VALE DO CAÍ E METROPOLITANA,432225,4322251,TUPANDI
SUL,RS,4312,MISSIONEIRA,43014,REGIÃO 14 - FRONTEIRA NOROESTE,432230,4322301,TUPARENDI
SUL,RS,4309,SUL,43021,REGIÃO 21 - SUL,432232,4322327,TURUCU
SUL,RS,4312,MISSIONEIRA,43011,REGIÃO 11 - SETE POVOS DAS MISSÕES,432234,4322343,UBIRETAMA
SUL,RS,4310,SERRA,43025,REGIÃO 25 - VINHEDOS E BASALTO,432235,4322350,UNIAO DA SERRA
SUL,RS,4314,CENTRO-OESTE,43002,REGIÃO 02 - ENTRE RIOS,432237,4322376,UNISTALDA
SUL,RS,4314,CENTRO-OESTE,43003,REGIÃO 03 - FRONTEIRA OESTE,432240,4322400,URUGUAIANA
SUL,RS,4310,SERRA,43024,REGIÃO 24 - CAMPOS DE CIMA DA SERRA,432250,4322509,VACARIA
SUL,RS,4308,VALES,43028,REGIÃO 28 - VINTE E OITO,432252,4322525,VALE VERDE
SUL,RS,4308,VALES,43028,REGIÃO 28 - VINTE E OITO,432253,4322533,VALE DO SOL
SUL,RS,4310,SERRA,43026,REGIÃO 26 - UVA VALE,432254,4322541,VALE REAL
SUL,RS,4311,NORTE,43017,REGIÃO 17 - PLANALTO,432255,4322558,VANINI
SUL,RS,4308,VALES,43028,REGIÃO 28 - VINTE E OITO,432260,4322608,VENANCIO AIRES
SUL,RS,4308,VALES,43028,REGIÃO 28 - VINTE E OITO,432270,4322707,VERA CRUZ
SUL,RS,4310,SERRA,43025,REGIÃO 25 - VINHEDOS E BASALTO,432280,4322806,VERANOPOLIS
SUL,RS,4308,VALES,43029,REGIÃO 29 - VALES E MONTANHAS,432285,4322855,VESPASIANO CORREA
SUL,RS,4311,NORTE,43016,REGIÃO 16 - ALTO URUGUAI GAÚCHO,432290,4322905,VIADUTOS
SUL,RS,4313,METROPOLITANA,43010,REGIÃO 10 - CAPITAL E VALE DO GRAVATAÍ,432300,4323002,VIAMAO
SUL,RS,4311,NORTE,43015,REGIÃO 15 - CAMINHO DAS ÁGUAS,432310,4323101,VICENTE DUTRA
SUL,RS,4311,NORTE,43017,REGIÃO 17 - PLANALTO,432320,4323200,VICTOR GRAEFF
SUL,RS,4310,SERRA,43025,REGIÃO 25 - VINHEDOS E BASALTO,432330,4323309,VILA FLORES
SUL,RS,4311,NORTE,43018,REGIÃO 18 - ARAUCÁRIAS,432335,4323358,VILA LANGARO
SUL,RS,4311,NORTE,43017,REGIÃO 17 - PLANALTO,432340,4323408,VILA MARIA
SUL,RS,4314,CENTRO-OESTE,43001,REGIÃO 01 - VERDES CAMPOS,432345,4323457,VILA NOVA DO SUL
SUL,RS,4311,NORTE,43015,REGIÃO 15 - CAMINHO DAS ÁGUAS,432350,4323507,VISTA ALEGRE
SUL,RS,4310,SERRA,43025,REGIÃO 25 - VINHEDOS E BASALTO,432360,4323606,VISTA ALEGRE DO PRATA
SUL,RS,4311,NORTE,43015,REGIÃO 15 - CAMINHO DAS ÁGUAS,432370,4323705,VISTA GAUCHA
SUL,RS,4312,MISSIONEIRA,43011,REGIÃO 11 - SETE POVOS DAS MISSÕES,432375,4323754,VITORIA DAS MISSOES
SUL,RS,4308,VALES,43030,REGIÃO 30 - VALE DA LUZ,432377,4323770,WESTFALIA
SUL,RS,4313,METROPOLITANA,43004,REGIÃO 04 - BELAS PRAIAS,432380,4323804,XANGRI-LA
CENTRO-OESTE,MS,5005,TRES LAGOAS,50004,TRÊS LAGOAS,500020,5000203,AGUA CLARA
CENTRO-OESTE,MS,5008,CAMPO GRANDE,50001,CAMPO GRANDE,500025,5000252,ALCINOPOLIS
CENTRO-OESTE,MS,5006,DOURADOS,50003,DOURADOS,500060,5000609,AMAMBAI
CENTRO-OESTE,MS,5008,CAMPO GRANDE,50001,CAMPO GRANDE,500070,5000708,ANASTACIO
CENTRO-OESTE,MS,5006,DOURADOS,50003,DOURADOS,500080,5000807,ANAURILANDIA
CENTRO-OESTE,MS,5006,DOURADOS,50003,DOURADOS,500085,5000856,ANGELICA
CENTRO-OESTE,MS,5006,DOURADOS,50003,DOURADOS,500090,5000906,ANTONIO JOAO
CENTRO-OESTE,MS,5005,TRES LAGOAS,50004,TRÊS LAGOAS,500100,5001003,APARECIDA DO TABOADO
CENTRO-OESTE,MS,5008,CAMPO GRANDE,50001,CAMPO GRANDE,500110,5001102,AQUIDAUANA
CENTRO-OESTE,MS,5006,DOURADOS,50003,DOURADOS,500124,5001243,ARAL MOREIRA
CENTRO-OESTE,MS,5008,CAMPO GRANDE,50001,CAMPO GRANDE,500150,5001508,BANDEIRANTES
CENTRO-OESTE,MS,5005,TRES LAGOAS,50004,TRÊS LAGOAS,500190,5001904,BATAGUASSU
CENTRO-OESTE,MS,5006,DOURADOS,50003,DOURADOS,500200,5002001,BATAYPORA
CENTRO-OESTE,MS,5008,CAMPO GRANDE,50001,CAMPO GRANDE,500210,5002100,BELA VISTA
CENTRO-OESTE,MS,5008,CAMPO GRANDE,50001,CAMPO GRANDE,500215,5002159,BODOQUENA
CENTRO-OESTE,MS,5008,CAMPO GRANDE,50001,CAMPO GRANDE,500220,5002209,BONITO
CENTRO-OESTE,MS,5005,TRES LAGOAS,50004,TRÊS LAGOAS,500230,5002308,BRASILANDIA
CENTRO-OESTE,MS,5006,DOURADOS,50003,DOURADOS,500240,5002407,CAARAPO
CENTRO-OESTE,MS,5008,CAMPO GRANDE,50001,CAMPO GRANDE,500260,5002605,CAMAPUA
CENTRO-OESTE,MS,5008,CAMPO GRANDE,50001,CAMPO GRANDE,500270,5002704,CAMPO GRANDE
CENTRO-OESTE,MS,5008,CAMPO GRANDE,50001,CAMPO GRANDE,500280,5002803,CARACOL
CENTRO-OESTE,MS,5005,TRES LAGOAS,50004,TRÊS LAGOAS,500290,5002902,CASSILANDIA
CENTRO-OESTE,MS,5008,CAMPO GRANDE,50001,CAMPO GRANDE,500295,5002951,CHAPADAO DO SUL
CENTRO-OESTE,MS,5008,CAMPO GRANDE,50001,CAMPO GRANDE,500310,5003108,CORGUINHO
CENTRO-OESTE,MS,5006,DOURADOS,50003,DOURADOS,500315,5003157,CORONEL SAPUCAIA
CENTRO-OESTE,MS,5007,CORUMBA,50002,CORUMBÁ,500320,5003207,CORUMBA
CENTRO-OESTE,MS,5008,CAMPO GRANDE,50001,CAMPO GRANDE,500325,5003256,COSTA RICA
CENTRO-OESTE,MS,5008,CAMPO GRANDE,50001,CAMPO GRANDE,500330,5003306,COXIM
CENTRO-OESTE,MS,5006,DOURADOS,50003,DOURADOS,500345,5003454,DEODAPOLIS
CENTRO-OESTE,MS,5008,CAMPO GRANDE,50001,CAMPO GRANDE,500348,5003488,DOIS IRMAOS DO BURITI
CENTRO-OESTE,MS,5006,DOURADOS,50003,DOURADOS,500350,5003504,DOURADINA
CENTRO-OESTE,MS,5006,DOURADOS,50003,DOURADOS,500370,5003702,DOURADOS
CENTRO-OESTE,MS,5006,DOURADOS,50003,DOURADOS,500375,5003751,ELDORADO
CENTRO-OESTE,MS,5006,DOURADOS,50003,DOURADOS,500380,5003801,FATIMA DO SUL
CENTRO-OESTE,MS,5008,CAMPO GRANDE,50001,CAMPO GRANDE,500390,5003900,FIGUEIRAO
CENTRO-OESTE,MS,5006,DOURADOS,50003,DOURADOS,500400,5004007,GLORIA DE DOURADOS
CENTRO-OESTE,MS,5008,CAMPO GRANDE,50001,CAMPO GRANDE,500410,5004106,GUIA LOPES DA LAGUNA
CENTRO-OESTE,MS,5006,DOURADOS,50003,DOURADOS,500430,5004304,IGUATEMI
CENTRO-OESTE,MS,5005,TRES LAGOAS,50004,TRÊS LAGOAS,500440,5004403,INOCENCIA
CENTRO-OESTE,MS,5006,DOURADOS,50003,DOURADOS,500450,5004502,ITAPORA
CENTRO-OESTE,MS,5006,DOURADOS,50003,DOURADOS,500460,5004601,ITAQUIRAI
CENTRO-OESTE,MS,5006,DOURADOS,50003,DOURADOS,500470,5004700,IVINHEMA
CENTRO-OESTE,MS,5006,DOURADOS,50003,DOURADOS,500480,5004809,JAPORA
CENTRO-OESTE,MS,5008,CAMPO GRANDE,50001,CAMPO GRANDE,500490,5004908,JARAGUARI
CENTRO-OESTE,MS,5008,CAMPO GRANDE,50001,CAMPO GRANDE,500500,5005004,JARDIM
CENTRO-OESTE,MS,5006,DOURADOS,50003,DOURADOS,500510,5005103,JATEI
CENTRO-OESTE,MS,5006,DOURADOS,50003,DOURADOS,500515,5005152,JUTI
CENTRO-OESTE,MS,5007,CORUMBA,50002,CORUMBÁ,500520,5005202,LADARIO
CENTRO-OESTE,MS,5006,DOURADOS,50003,DOURADOS,500525,5005251,LAGUNA CARAPA
CENTRO-OESTE,MS,5008,CAMPO GRANDE,50001,CAMPO GRANDE,500540,5005400,MARACAJU
CENTRO-OESTE,MS,5008,CAMPO GRANDE,50001,CAMPO GRANDE,500560,5005608,MIRANDA
CENTRO-OESTE,MS,5006,DOURADOS,50003,DOURADOS,500568,5005681,MUNDO NOVO
CENTRO-OESTE,MS,5006,DOURADOS,50003,DOURADOS,500570,5005707,NAVIRAI
CENTRO-OESTE,MS,5008,CAMPO GRANDE,50001,CAMPO GRANDE,500580,5005806,NIOAQUE
CENTRO-OESTE,MS,5008,CAMPO GRANDE,50001,CAMPO GRANDE,500600,5006002,NOVA ALVORADA DO SUL
CENTRO-OESTE,MS,5006,DOURADOS,50003,DOURADOS,500620,5006200,NOVA ANDRADINA
CENTRO-OESTE,MS,5006,DOURADOS,50003,DOURADOS,500625,5006259,NOVO HORIZONTE DO SUL
CENTRO-OESTE,MS,5008,CAMPO GRANDE,50001,CAMPO GRANDE,500627,5006275,PARAISO DAS AGUAS
CENTRO-OESTE,MS,5005,TRES LAGOAS,50004,TRÊS LAGOAS,500630,5006309,PARANAIBA
CENTRO-OESTE,MS,5006,DOURADOS,50003,DOURADOS,500635,5006358,PARANHOS
CENTRO-OESTE,MS,5008,CAMPO GRANDE,50001,CAMPO GRANDE,500640,5006408,PEDRO GOMES
CENTRO-OESTE,MS,5006,DOURADOS,50003,DOURADOS,500660,5006606,PONTA PORA
CENTRO-OESTE,MS,5008,CAMPO GRANDE,50001,CAMPO GRANDE,500690,5006903,PORTO MURTINHO
CENTRO-OESTE,MS,5008,CAMPO GRANDE,50001,CAMPO GRANDE,500710,5007109,RIBAS DO RIO PARDO
CENTRO-OESTE,MS,5006,DOURADOS,50003,DOURADOS,500720,5007208,RIO BRILHANTE
CENTRO-OESTE,MS,5008,CAMPO GRANDE,50001,CAMPO GRANDE,500730,5007307,RIO NEGRO
CENTRO-OESTE,MS,5008,CAMPO GRANDE,50001,CAMPO GRANDE,500740,5007406,RIO VERDE DE MATO GROSSO
CENTRO-OESTE,MS,5008,CAMPO GRANDE,50001,CAMPO GRANDE,500750,5007505,ROCHEDO
CENTRO-OESTE,MS,5005,TRES LAGOAS,50004,TRÊS LAGOAS,500755,5007554,SANTA RITA DO PARDO
CENTRO-OESTE,MS,5008,CAMPO GRANDE,50001,CAMPO GRANDE,500769,5007695,SAO GABRIEL DO OESTE
CENTRO-OESTE,MS,5006,DOURADOS,50003,DOURADOS,500770,5007703,SETE QUEDAS
CENTRO-OESTE,MS,5005,TRES LAGOAS,50004,TRÊS LAGOAS,500780,5007802,SELVIRIA
CENTRO-OESTE,MS,5008,CAMPO GRANDE,50001,CAMPO GRANDE,500790,5007901,SIDROLANDIA
CENTRO-OESTE,MS,5008,CAMPO GRANDE,50001,CAMPO GRANDE,500793,5007935,SONORA
CENTRO-OESTE,MS,5006,DOURADOS,50003,DOURADOS,500795,5007950,TACURU
CENTRO-OESTE,MS,5006,DOURADOS,50003,DOURADOS,500797,5007976,TAQUARUSSU
CENTRO-OESTE,MS,5008,CAMPO GRANDE,50001,CAMPO GRANDE,500800,5008008,TERENOS
CENTRO-OESTE,MS,5005,TRES LAGOAS,50004,TRÊS LAGOAS,500830,5008305,TRES LAGOAS
CENTRO-OESTE,MS,5006,DOURADOS,50003,DOURADOS,500840,5008404,VICENTINA
CENTRO-OESTE,MT,5105,MACRORREGIAO CENTRO-NORTE,51002,BAIXADA CUIABANA,510010,5100102,ACORIZAL
CENTRO-OESTE,MT,5104,MACRORREGIAO LESTE,51006,MÉDIO ARAGUAIA,510020,5100201,AGUA BOA
CENTRO-OESTE,MT,5103,MACRORREGIAO NORTE,51001,ALTO TAPAJÓS,510025,5100250,ALTA FLORESTA
CENTRO-OESTE,MT,5101,MACRORREGIAO SUL,51013,SUL MATOGROSSENSE,510030,5100300,ALTO ARAGUAIA
CENTRO-OESTE,MT,5104,MACRORREGIAO LESTE,51009,NORTE ARAGUAIA KARAJÁ,510035,5100359,ALTO BOA VISTA
CENTRO-OESTE,MT,5101,MACRORREGIAO SUL,51013,SUL MATOGROSSENSE,510040,5100409,ALTO GARCAS
CENTRO-OESTE,MT,5105,MACRORREGIAO CENTRO-NORTE,51004,CENTRO NORTE,510050,5100508,ALTO PARAGUAI
CENTRO-OESTE,MT,5101,MACRORREGIAO SUL,51013,SUL MATOGROSSENSE,510060,5100607,ALTO TAQUARI
CENTRO-OESTE,MT,5103,MACRORREGIAO NORTE,51001,ALTO TAPAJÓS,510080,5100805,APIACAS
CENTRO-OESTE,MT,5104,MACRORREGIAO LESTE,51005,GARÇAS ARAGUAIA,510100,5101001,ARAGUAIANA
CENTRO-OESTE,MT,5101,MACRORREGIAO SUL,51013,SUL MATOGROSSENSE,510120,5101209,ARAGUAINHA
CENTRO-OESTE,MT,5102,MACRORREGIAO OESTE,51011,OESTE MATOGROSSENSE,510125,5101258,ARAPUTANGA
CENTRO-OESTE,MT,5105,MACRORREGIAO CENTRO-NORTE,51007,MÉDIO NORTE MATOGROSSENSE,510130,5101308,ARENAPOLIS
CENTRO-OESTE,MT,5105,MACRORREGIAO CENTRO-NORTE,51008,NOROESTE MATOGROSSENSE,510140,5101407,ARIPUANA
CENTRO-OESTE,MT,5105,MACRORREGIAO CENTRO-NORTE,51002,BAIXADA CUIABANA,510160,5101605,BARAO DE MELGACO
CENTRO-OESTE,MT,5105,MACRORREGIAO CENTRO-NORTE,51007,MÉDIO NORTE MATOGROSSENSE,510170,5101704,BARRA DO BUGRES
CENTRO-OESTE,MT,5104,MACRORREGIAO LESTE,51005,GARÇAS ARAGUAIA,510180,5101803,BARRA DO GARCAS
CENTRO-OESTE,MT,5104,MACRORREGIAO LESTE,51006,MÉDIO ARAGUAIA,510185,5101852,BOM JESUS DO ARAGUAIA
CENTRO-OESTE,MT,5105,MACRORREGIAO CENTRO-NORTE,51008,NOROESTE MATOGROSSENSE,510190,5101902,BRASNORTE
CENTRO-OESTE,MT,5102,MACRORREGIAO OESTE,51011,OESTE MATOGROSSENSE,510250,5102504,CACERES
CENTRO-OESTE,MT,5104,MACRORREGIAO LESTE,51005,GARÇAS ARAGUAIA,510260,5102603,CAMPINAPOLIS
CENTRO-OESTE,MT,5105,MACRORREGIAO CENTRO-NORTE,51007,MÉDIO NORTE MATOGROSSENSE,510263,5102637,CAMPO NOVO DO PARECIS
CENTRO-OESTE,MT,5101,MACRORREGIAO SUL,51013,SUL MATOGROSSENSE,510267,5102678,CAMPO VERDE
CENTRO-OESTE,MT,5102,MACRORREGIAO OESTE,51012,SUDOESTE MATOGROSSENSE,510268,5102686,CAMPOS DE JULIO
CENTRO-OESTE,MT,5104,MACRORREGIAO LESTE,51003,ARAGUAIA XINGU,510269,5102694,CANABRAVA DO NORTE
CENTRO-OESTE,MT,5104,MACRORREGIAO LESTE,51006,MÉDIO ARAGUAIA,510270,5102702,CANARANA
CENTRO-OESTE,MT,5103,MACRORREGIAO NORTE,51001,ALTO TAPAJÓS,510279,5102793,CARLINDA
CENTRO-OESTE,MT,5105,MACRORREGIAO CENTRO-NORTE,51008,NOROESTE MATOGROSSENSE,510285,5102850,CASTANHEIRA
CENTRO-OESTE,MT,5105,MACRORREGIAO CENTRO-NORTE,51002,BAIXADA CUIABANA,510300,5103007,CHAPADA DOS GUIMARAES
CENTRO-OESTE,MT,5103,MACRORREGIAO NORTE,51014,TELES PIRES,510305,5103056,CLAUDIA
CENTRO-OESTE,MT,5104,MACRORREGIAO LESTE,51006,MÉDIO ARAGUAIA,510310,5103106,COCALINHO
CENTRO-OESTE,MT,5103,MACRORREGIAO NORTE,51010,NORTE MATOGROSSENSE,510320,5103205,COLIDER
CENTRO-OESTE,MT,5105,MACRORREGIAO CENTRO-NORTE,51008,NOROESTE MATOGROSSENSE,510325,5103254,COLNIZA
CENTRO-OESTE,MT,5102,MACRORREGIAO OESTE,51012,SUDOESTE MATOGROSSENSE,510330,5103304,COMODORO
CENTRO-OESTE,MT,5104,MACRORREGIAO LESTE,51003,ARAGUAIA XINGU,510335,5103353,CONFRESA
CENTRO-OESTE,MT,5102,MACRORREGIAO OESTE,51012,SUDOESTE MATOGROSSENSE,510336,5103361,CONQUISTA D'OESTE
CENTRO-OESTE,MT,5105,MACRORREGIAO CENTRO-NORTE,51008,NOROESTE MATOGROSSENSE,510337,5103379,COTRIGUACU
CENTRO-OESTE,MT,5105,MACRORREGIAO CENTRO-NORTE,51002,BAIXADA CUIABANA,510340,5103403,CUIABA
CENTRO-OESTE,MT,5102,MACRORREGIAO OESTE,51011,OESTE MATOGROSSENSE,510343,5103437,CURVELANDIA
CENTRO-OESTE,MT,5105,MACRORREGIAO CENTRO-NORTE,51007,MÉDIO NORTE MATOGROSSENSE,510345,5103452,DENISE
CENTRO-OESTE,MT,5105,MACRORREGIAO CENTRO-NORTE,51004,CENTRO NORTE,510350,5103502,DIAMANTINO
CENTRO-OESTE,MT,5101,MACRORREGIAO SUL,51013,SUL MATOGROSSENSE,510360,5103601,DOM AQUINO
CENTRO-OESTE,MT,5103,MACRORREGIAO NORTE,51014,TELES PIRES,510370,5103700,FELIZ NATAL
CENTRO-OESTE,MT,5102,MACRORREGIAO OESTE,51012,SUDOESTE MATOGROSSENSE,510380,5103809,FIGUEIROPOLIS D'OESTE
CENTRO-OESTE,MT,5104,MACRORREGIAO LESTE,51006,MÉDIO ARAGUAIA,510385,5103858,GAUCHA DO NORTE
CENTRO-OESTE,MT,5104,MACRORREGIAO LESTE,51005,GARÇAS ARAGUAIA,510390,5103908,GENERAL CARNEIRO
CENTRO-OESTE,MT,5102,MACRORREGIAO OESTE,51011,OESTE MATOGROSSENSE,510395,5103957,GLORIA D'OESTE
CENTRO-OESTE,MT,5103,MACRORREGIAO NORTE,51015,VALE DO PEIXOTO,510410,5104104,GUARANTA DO NORTE
CENTRO-OESTE,MT,5101,MACRORREGIAO SUL,51013,SUL MATOGROSSENSE,510420,5104203,GUIRATINGA
CENTRO-OESTE,MT,5102,MACRORREGIAO OESTE,51011,OESTE MATOGROSSENSE,510450,5104500,INDIAVAI
CENTRO-OESTE,MT,5103,MACRORREGIAO NORTE,51014,TELES PIRES,510452,5104526,IPIRANGA DO NORTE
CENTRO-OESTE,MT,5103,MACRORREGIAO NORTE,51014,TELES PIRES,510454,5104542,ITANHANGA
CENTRO-OESTE,MT,5103,MACRORREGIAO NORTE,51010,NORTE MATOGROSSENSE,510455,5104559,ITAUBA
CENTRO-OESTE,MT,5101,MACRORREGIAO SUL,51013,SUL MATOGROSSENSE,510460,5104609,ITIQUIRA
CENTRO-OESTE,MT,5101,MACRORREGIAO SUL,51013,SUL MATOGROSSENSE,510480,5104807,JACIARA
CENTRO-OESTE,MT,5105,MACRORREGIAO CENTRO-NORTE,51002,BAIXADA CUIABANA,510490,5104906,JANGADA
CENTRO-OESTE,MT,5102,MACRORREGIAO OESTE,51012,SUDOESTE MATOGROSSENSE,510500,5105002,JAURU
CENTRO-OESTE,MT,5103,MACRORREGIAO NORTE,51016,VALE DOS ARINOS,510510,5105101,JUARA
CENTRO-OESTE,MT,5105,MACRORREGIAO CENTRO-NORTE,51008,NOROESTE MATOGROSSENSE,510515,5105150,JUINA
CENTRO-OESTE,MT,5105,MACRORREGIAO CENTRO-NORTE,51008,NOROESTE MATOGROSSENSE,510517,5105176,JURUENA
CENTRO-OESTE,MT,5101,MACRORREGIAO SUL,51013,SUL MATOGROSSENSE,510520,5105200,JUSCIMEIRA
CENTRO-OESTE,MT,5102,MACRORREGIAO OESTE,51011,OESTE MATOGROSSENSE,510523,5105234,LAMBARI D'OESTE
CENTRO-OESTE,MT,5103,MACRORREGIAO NORTE,51014,TELES PIRES,510525,5105259,LUCAS DO RIO VERDE
CENTRO-OESTE,MT,5104,MACRORREGIAO LESTE,51009,NORTE ARAGUAIA KARAJÁ,510530,5105309,LUCIARA
CENTRO-OESTE,MT,5102,MACRORREGIAO OESTE,51012,SUDOESTE MATOGROSSENSE,510550,5105507,VILA BELA DA SANTISSIMA TRINDADE
CENTRO-OESTE,MT,5103,MACRORREGIAO NORTE,51010,NORTE MATOGROSSENSE,510558,5105580,MARCELANDIA
CENTRO-OESTE,MT,5103,MACRORREGIAO NORTE,51015,VALE DO PEIXOTO,510560,5105606,MATUPA
CENTRO-OESTE,MT,5102,MACRORREGIAO OESTE,51011,OESTE MATOGROSSENSE,510562,5105622,MIRASSOL D'OESTE
CENTRO-OESTE,MT,5105,MACRORREGIAO CENTRO-NORTE,51004,CENTRO NORTE,510590,5105903,NOBRES
CENTRO-OESTE,MT,5105,MACRORREGIAO CENTRO-NORTE,51004,CENTRO NORTE,510600,5106000,NORTELANDIA
CENTRO-OESTE,MT,5105,MACRORREGIAO CENTRO-NORTE,51002,BAIXADA CUIABANA,510610,5106109,NOSSA SENHORA DO LIVRAMENTO
CENTRO-OESTE,MT,5103,MACRORREGIAO NORTE,51001,ALTO TAPAJÓS,510615,5106158,NOVA BANDEIRANTES
CENTRO-OESTE,MT,5104,MACRORREGIAO LESTE,51006,MÉDIO ARAGUAIA,510617,5106174,NOVA NAZARE
CENTRO-OESTE,MT,5102,MACRORREGIAO OESTE,51012,SUDOESTE MATOGROSSENSE,510618,5106182,NOVA LACERDA
CENTRO-OESTE,MT,5103,MACRORREGIAO NORTE,51010,NORTE MATOGROSSENSE,510619,5106190,NOVA SANTA HELENA
CENTRO-OESTE,MT,5105,MACRORREGIAO CENTRO-NORTE,51002,BAIXADA CUIABANA,510620,5106208,NOVA BRASILANDIA
CENTRO-OESTE,MT,5103,MACRORREGIAO NORTE,51010,NORTE MATOGROSSENSE,510621,5106216,NOVA CANAA DO NORTE
CENTRO-OESTE,MT,5103,MACRORREGIAO NORTE,51014,TELES PIRES,510622,5106224,NOVA MUTUM
CENTRO-OESTE,MT,5105,MACRORREGIAO CENTRO-NORTE,51007,MÉDIO NORTE MATOGROSSENSE,510623,5106232,NOVA OLIMPIA
CENTRO-OESTE,MT,5103,MACRORREGIAO NORTE,51014,TELES PIRES,510624,5106240,NOVA UBIRATA
CENTRO-OESTE,MT,5104,MACRORREGIAO LESTE,51005,GARÇAS ARAGUAIA,510625,5106257,NOVA XAVANTINA
CENTRO-OESTE,MT,5103,MACRORREGIAO NORTE,51015,VALE DO PEIXOTO,510626,5106265,NOVO MUNDO
CENTRO-OESTE,MT,5103,MACRORREGIAO NORTE,51016,VALE DOS ARINOS,510627,5106273,NOVO HORIZONTE DO NORTE
CENTRO-OESTE,MT,5104,MACRORREGIAO LESTE,51005,GARÇAS ARAGUAIA,510628,5106281,NOVO SAO JOAQUIM
CENTRO-OESTE,MT,5103,MACRORREGIAO NORTE,51001,ALTO TAPAJÓS,510629,5106299,PARANAITA
CENTRO-OESTE,MT,5101,MACRORREGIAO SUL,51013,SUL MATOGROSSENSE,510630,5106307,PARANATINGA
CENTRO-OESTE,MT,5104,MACRORREGIAO LESTE,51009,NORTE ARAGUAIA KARAJÁ,510631,5106315,NOVO SANTO ANTONIO
CENTRO-OESTE,MT,5101,MACRORREGIAO SUL,51013,SUL MATOGROSSENSE,510637,5106372,PEDRA PRETA
CENTRO-OESTE,MT,5103,MACRORREGIAO NORTE,51015,VALE DO PEIXOTO,510642,5106422,PEIXOTO DE AZEVEDO
CENTRO-OESTE,MT,5105,MACRORREGIAO CENTRO-NORTE,51002,BAIXADA CUIABANA,510645,5106455,PLANALTO DA SERRA
CENTRO-OESTE,MT,5105,MACRORREGIAO CENTRO-NORTE,51002,BAIXADA CUIABANA,510650,5106505,POCONE
CENTRO-OESTE,MT,5104,MACRORREGIAO LESTE,51005,GARÇAS ARAGUAIA,510665,5106653,PONTAL DO ARAGUAIA
CENTRO-OESTE,MT,5104,MACRORREGIAO LESTE,51005,GARÇAS ARAGUAIA,510670,5106703,PONTE BRANCA
CENTRO-OESTE,MT,5102,MACRORREGIAO OESTE,51012,SUDOESTE MATOGROSSENSE,510675,5106752,PONTES E LACERDA
CENTRO-OESTE,MT,5104,MACRORREGIAO LESTE,51003,ARAGUAIA XINGU,510677,5106778,PORTO ALEGRE DO NORTE
CENTRO-OESTE,MT,5103,MACRORREGIAO NORTE,51016,VALE DOS ARINOS,510680,5106802,PORTO DOS GAUCHOS
CENTRO-OESTE,MT,5102,MACRORREGIAO OESTE,51011,OESTE MATOGROSSENSE,510682,5106828,PORTO ESPERIDIAO
CENTRO-OESTE,MT,5105,MACRORREGIAO CENTRO-NORTE,51007,MÉDIO NORTE MATOGROSSENSE,510685,5106851,PORTO ESTRELA
CENTRO-OESTE,MT,5101,MACRORREGIAO SUL,51013,SUL MATOGROSSENSE,510700,5107008,POXOREO
CENTRO-OESTE,MT,5101,MACRORREGIAO SUL,51013,SUL MATOGROSSENSE,510704,5107040,PRIMAVERA DO LESTE
CENTRO-OESTE,MT,5104,MACRORREGIAO LESTE,51006,MÉDIO ARAGUAIA,510706,5107065,QUERENCIA
CENTRO-OESTE,MT,5102,MACRORREGIAO OESTE,51011,OESTE MATOGROSSENSE,510710,5107107,SAO JOSE DOS QUATRO MARCOS
CENTRO-OESTE,MT,5102,MACRORREGIAO OESTE,51011,OESTE MATOGROSSENSE,510715,5107156,RESERVA DO CABACAL
CENTRO-OESTE,MT,5104,MACRORREGIAO LESTE,51006,MÉDIO ARAGUAIA,510718,5107180,RIBEIRAO CASCALHEIRA
CENTRO-OESTE,MT,5104,MACRORREGIAO LESTE,51005,GARÇAS ARAGUAIA,510719,5107198,RIBEIRAOZINHO
CENTRO-OESTE,MT,5102,MACRORREGIAO OESTE,51011,OESTE MATOGROSSENSE,510720,5107206,RIO BRANCO
CENTRO-OESTE,MT,5103,MACRORREGIAO NORTE,51014,TELES PIRES,510724,5107248,SANTA CARMEM
CENTRO-OESTE,MT,5105,MACRORREGIAO CENTRO-NORTE,51007,MÉDIO NORTE MATOGROSSENSE,510726,5107263,SANTO AFONSO
CENTRO-OESTE,MT,5101,MACRORREGIAO SUL,51013,SUL MATOGROSSENSE,510729,5107297,SAO JOSE DO POVO
CENTRO-OESTE,MT,5105,MACRORREGIAO CENTRO-NORTE,51004,CENTRO NORTE,510730,5107305,SAO JOSE DO RIO CLARO
CENTRO-OESTE,MT,5104,MACRORREGIAO LESTE,51003,ARAGUAIA XINGU,510735,5107354,SAO JOSE DO XINGU
CENTRO-OESTE,MT,5101,MACRORREGIAO SUL,51013,SUL MATOGROSSENSE,510740,5107404,SAO PEDRO DA CIPA
CENTRO-OESTE,MT,5102,MACRORREGIAO OESTE,51012,SUDOESTE MATOGROSSENSE,510757,5107578,RONDOLANDIA
CENTRO-OESTE,MT,5101,MACRORREGIAO SUL,51013,SUL MATOGROSSENSE,510760,5107602,RONDONOPOLIS
CENTRO-OESTE,MT,5105,MACRORREGIAO CENTRO-NORTE,51004,CENTRO NORTE,510770,5107701,ROSARIO OESTE
CENTRO-OESTE,MT,5104,MACRORREGIAO LESTE,51003,ARAGUAIA XINGU,510774,5107743,SANTA CRUZ DO XINGU
CENTRO-OESTE,MT,5102,MACRORREGIAO OESTE,51011,OESTE MATOGROSSENSE,510775,5107750,SALTO DO CEU
CENTRO-OESTE,MT,5103,MACRORREGIAO NORTE,51014,TELES PIRES,510776,5107768,SANTA RITA DO TRIVELATO
CENTRO-OESTE,MT,5104,MACRORREGIAO LESTE,51003,ARAGUAIA XINGU,510777,5107776,SANTA TEREZINHA
CENTRO-OESTE,MT,5101,MACRORREGIAO SUL,51013,SUL MATOGROSSENSE,510779,5107792,SANTO ANTONIO DO LESTE
CENTRO-OESTE,MT,5105,MACRORREGIAO CENTRO-NORTE,51002,BAIXADA CUIABANA,510780,5107800,SANTO ANTONIO DO LEVERGER
CENTRO-OESTE,MT,5104,MACRORREGIAO LESTE,51009,NORTE ARAGUAIA KARAJÁ,510785,5107859,SAO FELIX DO ARAGUAIA
CENTRO-OESTE,MT,5105,MACRORREGIAO CENTRO-NORTE,51007,MÉDIO NORTE MATOGROSSENSE,510787,5107875,SAPEZAL
CENTRO-OESTE,MT,5104,MACRORREGIAO LESTE,51009,NORTE ARAGUAIA KARAJÁ,510788,5107883,SERRA NOVA DOURADA
CENTRO-OESTE,MT,5103,MACRORREGIAO NORTE,51014,TELES PIRES,510790,5107909,SINOP
CENTRO-OESTE,MT,5103,MACRORREGIAO NORTE,51014,TELES PIRES,510792,5107925,SORRISO
CENTRO-OESTE,MT,5103,MACRORREGIAO NORTE,51016,VALE DOS ARINOS,510794,5107941,TABAPORA
CENTRO-OESTE,MT,5105,MACRORREGIAO CENTRO-NORTE,51007,MÉDIO NORTE MATOGROSSENSE,510795,5107958,TANGARA DA SERRA
CENTRO-OESTE,MT,5103,MACRORREGIAO NORTE,51014,TELES PIRES,510800,5108006,TAPURAH
CENTRO-OESTE,MT,5103,MACRORREGIAO NORTE,51015,VALE DO PEIXOTO,510805,5108055,TERRA NOVA DO NORTE
CENTRO-OESTE,MT,5101,MACRORREGIAO SUL,51013,SUL MATOGROSSENSE,510810,5108105,TESOURO
CENTRO-OESTE,MT,5104,MACRORREGIAO LESTE,51005,GARÇAS ARAGUAIA,510820,5108204,TORIXOREU
CENTRO-OESTE,MT,5103,MACRORREGIAO NORTE,51014,TELES PIRES,510830,5108303,UNIAO DO SUL
CENTRO-OESTE,MT,5102,MACRORREGIAO OESTE,51012,SUDOESTE MATOGROSSENSE,510835,5108352,VALE DE SAO DOMINGOS
CENTRO-OESTE,MT,5105,MACRORREGIAO CENTRO-NORTE,51002,BAIXADA CUIABANA,510840,5108402,VARZEA GRANDE
CENTRO-OESTE,MT,5103,MACRORREGIAO NORTE,51014,TELES PIRES,510850,5108501,VERA
CENTRO-OESTE,MT,5104,MACRORREGIAO LESTE,51003,ARAGUAIA XINGU,510860,5108600,VILA RICA
CENTRO-OESTE,MT,5103,MACRORREGIAO NORTE,51010,NORTE MATOGROSSENSE,510880,5108808,NOVA GUARITA
CENTRO-OESTE,MT,5105,MACRORREGIAO CENTRO-NORTE,51007,MÉDIO NORTE MATOGROSSENSE,510885,5108857,NOVA MARILANDIA
CENTRO-OESTE,MT,5105,MACRORREGIAO CENTRO-NORTE,51004,CENTRO NORTE,510890,5108907,NOVA MARINGA
CENTRO-OESTE,MT,5103,MACRORREGIAO NORTE,51001,ALTO TAPAJÓS,510895,5108956,NOVA MONTE VERDE
CENTRO-OESTE,GO,5208,MACRORREGIAO CENTRO-OESTE,52001,CENTRAL,520005,5200050,ABADIA DE GOIAS
CENTRO-OESTE,GO,5209,MACRORREGIAO CENTRO-NORTE,52011,PIRINEUS,520010,5200100,ABADIANIA
CENTRO-OESTE,GO,5206,MACRORREGIAO SUDOESTE,52015,SUDOESTE I,520013,5200134,ACREUNA
CENTRO-OESTE,GO,5208,MACRORREGIAO CENTRO-OESTE,52010,OESTE II,520015,5200159,ADELANDIA
CENTRO-OESTE,GO,5207,MACRORREGIAO NORDESTE,52003,ENTORNO NORTE,520017,5200175,AGUA FRIA DE GOIAS
CENTRO-OESTE,GO,5210,MACRORREGIAO CENTRO SUDESTE,52017,SUL,520020,5200209,AGUA LIMPA
CENTRO-OESTE,GO,5207,MACRORREGIAO NORDESTE,52004,ENTORNO SUL,520025,5200258,AGUAS LINDAS DE GOIAS
CENTRO-OESTE,GO,5209,MACRORREGIAO CENTRO-NORTE,52011,PIRINEUS,520030,5200308,ALEXANIA
CENTRO-OESTE,GO,5210,MACRORREGIAO CENTRO SUDESTE,52017,SUL,520050,5200506,ALOANDIA
CENTRO-OESTE,GO,5209,MACRORREGIAO CENTRO-NORTE,52014,SERRA DA MESA,520055,5200555,ALTO HORIZONTE
CENTRO-OESTE,GO,5207,MACRORREGIAO NORDESTE,52003,ENTORNO NORTE,520060,5200605,ALTO PARAISO DE GOIAS
CENTRO-OESTE,GO,5207,MACRORREGIAO NORDESTE,52007,NORDESTE II,520080,5200803,ALVORADA DO NORTE
CENTRO-OESTE,GO,5209,MACRORREGIAO CENTRO-NORTE,52014,SERRA DA MESA,520082,5200829,AMARALINA
CENTRO-OESTE,GO,5208,MACRORREGIAO CENTRO-OESTE,52012,RIO VERMELHO,520085,5200852,AMERICANO DO BRASIL
CENTRO-OESTE,GO,5208,MACRORREGIAO CENTRO-OESTE,52009,OESTE I,520090,5200902,AMORINOPOLIS
CENTRO-OESTE,GO,5209,MACRORREGIAO CENTRO-NORTE,52011,PIRINEUS,520110,5201108,ANAPOLIS
CENTRO-OESTE,GO,5210,MACRORREGIAO CENTRO SUDESTE,52005,ESTRADA DE FERRO,520120,5201207,ANHANGUERA
CENTRO-OESTE,GO,5208,MACRORREGIAO CENTRO-OESTE,52001,CENTRAL,520130,5201306,ANICUNS
CENTRO-OESTE,GO,5210,MACRORREGIAO CENTRO SUDESTE,52002,CENTRO SUL,520140,5201405,APARECIDA DE GOIANIA
CENTRO-OESTE,GO,5206,MACRORREGIAO SUDOESTE,52015,SUDOESTE I,520145,5201454,APARECIDA DO RIO DOCE
CENTRO-OESTE,GO,5206,MACRORREGIAO SUDOESTE,52016,SUDOESTE II,520150,5201504,APORE
CENTRO-OESTE,GO,5208,MACRORREGIAO CENTRO-OESTE,52001,CENTRAL,520160,5201603,ARACU
CENTRO-OESTE,GO,5208,MACRORREGIAO CENTRO-OESTE,52009,OESTE I,520170,5201702,ARAGARCAS
CENTRO-OESTE,GO,5210,MACRORREGIAO CENTRO SUDESTE,52002,CENTRO SUL,520180,5201801,ARAGOIANIA
CENTRO-OESTE,GO,5208,MACRORREGIAO CENTRO-OESTE,52012,RIO VERMELHO,520215,5202155,ARAGUAPAZ
CENTRO-OESTE,GO,5208,MACRORREGIAO CENTRO-OESTE,52009,OESTE I,520235,5202353,ARENOPOLIS
CENTRO-OESTE,GO,5208,MACRORREGIAO CENTRO-OESTE,52012,RIO VERMELHO,520250,5202502,ARUANA
CENTRO-OESTE,GO,5208,MACRORREGIAO CENTRO-OESTE,52010,OESTE II,520260,5202601,AURILANDIA
CENTRO-OESTE,GO,5208,MACRORREGIAO CENTRO-OESTE,52001,CENTRAL,520280,5202809,AVELINOPOLIS
CENTRO-OESTE,GO,5208,MACRORREGIAO CENTRO-OESTE,52009,OESTE I,520310,5203104,BALIZA
CENTRO-OESTE,GO,5209,MACRORREGIAO CENTRO-NORTE,52018,SÃO PATRÍCIO II,520320,5203203,BARRO ALTO
CENTRO-OESTE,GO,5210,MACRORREGIAO CENTRO SUDESTE,52002,CENTRO SUL,520330,5203302,BELA VISTA DE GOIAS
CENTRO-OESTE,GO,5208,MACRORREGIAO CENTRO-OESTE,52009,OESTE I,520340,5203401,BOM JARDIM DE GOIAS
CENTRO-OESTE,GO,5210,MACRORREGIAO CENTRO SUDESTE,52017,SUL,520350,5203500,BOM JESUS DE GOIAS
CENTRO-OESTE,GO,5210,MACRORREGIAO CENTRO SUDESTE,52002,CENTRO SUL,520355,5203559,BONFINOPOLIS
CENTRO-OESTE,GO,5209,MACRORREGIAO CENTRO-NORTE,52008,NORTE,520357,5203575,BONOPOLIS
CENTRO-OESTE,GO,5208,MACRORREGIAO CENTRO-OESTE,52001,CENTRAL,520360,5203609,BRAZABRANTES
CENTRO-OESTE,GO,5208,MACRORREGIAO CENTRO-OESTE,52012,RIO VERMELHO,520380,5203807,BRITANIA
CENTRO-OESTE,GO,5210,MACRORREGIAO CENTRO SUDESTE,52017,SUL,520390,5203906,BURITI ALEGRE
CENTRO-OESTE,GO,5208,MACRORREGIAO CENTRO-OESTE,52010,OESTE II,520393,5203939,BURITI DE GOIAS
CENTRO-OESTE,GO,5207,MACRORREGIAO NORDESTE,52007,NORDESTE II,520396,5203962,BURITINOPOLIS
CENTRO-OESTE,GO,5207,MACRORREGIAO NORDESTE,52003,ENTORNO NORTE,520400,5204003,CABECEIRAS
CENTRO-OESTE,GO,5206,MACRORREGIAO SUDOESTE,52015,SUDOESTE I,520410,5204102,CACHOEIRA ALTA
CENTRO-OESTE,GO,5208,MACRORREGIAO CENTRO-OESTE,52010,OESTE II,520420,5204201,CACHOEIRA DE GOIAS
CENTRO-OESTE,GO,5210,MACRORREGIAO CENTRO SUDESTE,52017,SUL,520425,5204250,CACHOEIRA DOURADA
CENTRO-OESTE,GO,5206,MACRORREGIAO SUDOESTE,52015,SUDOESTE I,520430,5204300,CACU
CENTRO-OESTE,GO,5206,MACRORREGIAO SUDOESTE,52016,SUDOESTE II,520440,5204409,CAIAPONIA
CENTRO-OESTE,GO,5210,MACRORREGIAO CENTRO SUDESTE,52005,ESTRADA DE FERRO,520450,5204508,CALDAS NOVAS
CENTRO-OESTE,GO,5210,MACRORREGIAO CENTRO SUDESTE,52002,CENTRO SUL,520455,5204557,CALDAZINHA
CENTRO-OESTE,GO,5208,MACRORREGIAO CENTRO-OESTE,52001,CENTRAL,520460,5204607,CAMPESTRE DE GOIAS
CENTRO-OESTE,GO,5209,MACRORREGIAO CENTRO-NORTE,52008,NORTE,520465,5204656,CAMPINACU
CENTRO-OESTE,GO,5209,MACRORREGIAO CENTRO-NORTE,52014,SERRA DA MESA,520470,5204706,CAMPINORTE
CENTRO-OESTE,GO,5210,MACRORREGIAO CENTRO SUDESTE,52005,ESTRADA DE FERRO,520480,5204805,CAMPO ALEGRE DE GOIAS
CENTRO-OESTE,GO,5209,MACRORREGIAO CENTRO-NORTE,52011,PIRINEUS,520485,5204854,CAMPO LIMPO DE GOIAS
CENTRO-OESTE,GO,5207,MACRORREGIAO NORDESTE,52006,NORDESTE I,520490,5204904,CAMPOS BELOS
CENTRO-OESTE,GO,5209,MACRORREGIAO CENTRO-NORTE,52013,SÃO PATRÍCIO I,520495,5204953,CAMPOS VERDES
CENTRO-OESTE,GO,5209,MACRORREGIAO CENTRO-NORTE,52013,SÃO PATRÍCIO I,520500,5205000,CARMO DO RIO VERDE
CENTRO-OESTE,GO,5206,MACRORREGIAO SUDOESTE,52015,SUDOESTE I,520505,5205059,CASTELANDIA
CENTRO-OESTE,GO,5210,MACRORREGIAO CENTRO SUDESTE,52005,ESTRADA DE FERRO,520510,5205109,CATALAO
CENTRO-OESTE,GO,5208,MACRORREGIAO CENTRO-OESTE,52001,CENTRAL,520520,5205208,CATURAI
CENTRO-OESTE,GO,5207,MACRORREGIAO NORDESTE,52006,NORDESTE I,520530,5205307,CAVALCANTE
CENTRO-OESTE,GO,5209,MACRORREGIAO CENTRO-NORTE,52013,SÃO PATRÍCIO I,520540,5205406,CERES
CENTRO-OESTE,GO,5210,MACRORREGIAO CENTRO SUDESTE,52002,CENTRO SUL,520545,5205455,CEZARINA
CENTRO-OESTE,GO,5206,MACRORREGIAO SUDOESTE,52016,SUDOESTE II,520547,5205471,CHAPADAO DO CEU
CENTRO-OESTE,GO,5207,MACRORREGIAO NORDESTE,52004,ENTORNO SUL,520549,5205497,CIDADE OCIDENTAL
CENTRO-OESTE,GO,5209,MACRORREGIAO CENTRO-NORTE,52011,PIRINEUS,520551,5205513,COCALZINHO DE GOIAS
CENTRO-OESTE,GO,5209,MACRORREGIAO CENTRO-NORTE,52014,SERRA DA MESA,520552,5205521,COLINAS DO SUL
CENTRO-OESTE,GO,5208,MACRORREGIAO CENTRO-OESTE,52010,OESTE II,520570,5205703,CORREGO DO OURO
CENTRO-OESTE,GO,5209,MACRORREGIAO CENTRO-NORTE,52011,PIRINEUS,520580,5205802,CORUMBA DE GOIAS
CENTRO-OESTE,GO,5210,MACRORREGIAO CENTRO SUDESTE,52005,ESTRADA DE FERRO,520590,5205901,CORUMBAIBA
CENTRO-OESTE,GO,5207,MACRORREGIAO NORDESTE,52004,ENTORNO SUL,520620,5206206,CRISTALINA
CENTRO-OESTE,GO,5210,MACRORREGIAO CENTRO SUDESTE,52002,CENTRO SUL,520630,5206305,CRISTIANOPOLIS
CENTRO-OESTE,GO,5209,MACRORREGIAO CENTRO-NORTE,52013,SÃO PATRÍCIO I,520640,5206404,CRIXAS
CENTRO-OESTE,GO,5210,MACRORREGIAO CENTRO SUDESTE,52002,CENTRO SUL,520650,5206503,CROMINIA
CENTRO-OESTE,GO,5210,MACRORREGIAO CENTRO SUDESTE,52005,ESTRADA DE FERRO,520660,5206602,CUMARI
CENTRO-OESTE,GO,5207,MACRORREGIAO NORDESTE,52007,NORDESTE II,520670,5206701,DAMIANOPOLIS
CENTRO-OESTE,GO,5208,MACRORREGIAO CENTRO-OESTE,52001,CENTRAL,520680,5206800,DAMOLANDIA
CENTRO-OESTE,GO,5210,MACRORREGIAO CENTRO SUDESTE,52005,ESTRADA DE FERRO,520690,5206909,DAVINOPOLIS
CENTRO-OESTE,GO,5208,MACRORREGIAO CENTRO-OESTE,52009,OESTE I,520710,5207105,DIORAMA
CENTRO-OESTE,GO,5206,MACRORREGIAO SUDOESTE,52016,SUDOESTE II,520725,5207253,DOVERLANDIA
CENTRO-OESTE,GO,5210,MACRORREGIAO CENTRO SUDESTE,52002,CENTRO SUL,520735,5207352,EDEALINA
CENTRO-OESTE,GO,5210,MACRORREGIAO CENTRO SUDESTE,52002,CENTRO SUL,520740,5207402,EDEIA
CENTRO-OESTE,GO,5209,MACRORREGIAO CENTRO-NORTE,52008,NORTE,520750,5207501,ESTRELA DO NORTE
CENTRO-OESTE,GO,5208,MACRORREGIAO CENTRO-OESTE,52012,RIO VERMELHO,520753,5207535,FAINA
CENTRO-OESTE,GO,5208,MACRORREGIAO CENTRO-OESTE,52009,OESTE I,520760,5207600,FAZENDA NOVA
CENTRO-OESTE,GO,5208,MACRORREGIAO CENTRO-OESTE,52010,OESTE II,520780,5207808,FIRMINOPOLIS
CENTRO-OESTE,GO,5207,MACRORREGIAO NORDESTE,52003,ENTORNO NORTE,520790,5207907,FLORES DE GOIAS
CENTRO-OESTE,GO,5207,MACRORREGIAO NORDESTE,52003,ENTORNO NORTE,520800,5208004,FORMOSA
CENTRO-OESTE,GO,5209,MACRORREGIAO CENTRO-NORTE,52008,NORTE,520810,5208103,FORMOSO
CENTRO-OESTE,GO,5209,MACRORREGIAO CENTRO-NORTE,52011,PIRINEUS,520815,5208152,GAMELEIRA DE GOIAS
CENTRO-OESTE,GO,5207,MACRORREGIAO NORDESTE,52006,NORDESTE I,520830,5208301,DIVINOPOLIS DE GOIAS
CENTRO-OESTE,GO,5209,MACRORREGIAO CENTRO-NORTE,52011,PIRINEUS,520840,5208400,GOIANAPOLIS
CENTRO-OESTE,GO,5210,MACRORREGIAO CENTRO SUDESTE,52005,ESTRADA DE FERRO,520850,5208509,GOIANDIRA
CENTRO-OESTE,GO,5209,MACRORREGIAO CENTRO-NORTE,52018,SÃO PATRÍCIO II,520860,5208608,GOIANESIA
CENTRO-OESTE,GO,5208,MACRORREGIAO CENTRO-OESTE,52001,CENTRAL,520870,5208707,GOIANIA
CENTRO-OESTE,GO,5208,MACRORREGIAO CENTRO-OESTE,52001,CENTRAL,520880,5208806,GOIANIRA
CENTRO-OESTE,GO,5208,MACRORREGIAO CENTRO-OESTE,52012,RIO VERMELHO,520890,5208905,GOIAS
CENTRO-OESTE,GO,5210,MACRORREGIAO CENTRO SUDESTE,52017,SUL,520910,5209101,GOIATUBA
CENTRO-OESTE,GO,5210,MACRORREGIAO CENTRO SUDESTE,52017,SUL,520915,5209150,GOUVELANDIA
CENTRO-OESTE,GO,5208,MACRORREGIAO CENTRO-OESTE,52001,CENTRAL,520920,5209200,GUAPO
CENTRO-OESTE,GO,5208,MACRORREGIAO CENTRO-OESTE,52012,RIO VERMELHO,520929,5209291,GUARAITA
CENTRO-OESTE,GO,5207,MACRORREGIAO NORDESTE,52007,NORDESTE II,520940,5209408,GUARANI DE GOIAS
CENTRO-OESTE,GO,5209,MACRORREGIAO CENTRO-NORTE,52013,SÃO PATRÍCIO I,520945,5209457,GUARINOS
CENTRO-OESTE,GO,5208,MACRORREGIAO CENTRO-OESTE,52012,RIO VERMELHO,520960,5209606,HEITORAI
CENTRO-OESTE,GO,5210,MACRORREGIAO CENTRO SUDESTE,52002,CENTRO SUL,520970,5209705,HIDROLANDIA
CENTRO-OESTE,GO,5209,MACRORREGIAO CENTRO-NORTE,52014,SERRA DA MESA,520980,5209804,HIDROLINA
CENTRO-OESTE,GO,5207,MACRORREGIAO NORDESTE,52007,NORDESTE II,520990,5209903,IACIARA
CENTRO-OESTE,GO,5210,MACRORREGIAO CENTRO SUDESTE,52017,SUL,520993,5209937,INACIOLANDIA
CENTRO-OESTE,GO,5210,MACRORREGIAO CENTRO SUDESTE,52002,CENTRO SUL,520995,5209952,INDIARA
CENTRO-OESTE,GO,5208,MACRORREGIAO CENTRO-OESTE,52001,CENTRAL,521000,5210000,INHUMAS
CENTRO-OESTE,GO,5210,MACRORREGIAO CENTRO SUDESTE,52005,ESTRADA DE FERRO,521010,5210109,IPAMERI
CENTRO-OESTE,GO,5209,MACRORREGIAO CENTRO-NORTE,52013,SÃO PATRÍCIO I,521015,5210158,IPIRANGA DE GOIAS
CENTRO-OESTE,GO,5208,MACRORREGIAO CENTRO-OESTE,52009,OESTE I,521020,5210208,IPORA
CENTRO-OESTE,GO,5208,MACRORREGIAO CENTRO-OESTE,52009,OESTE I,521030,5210307,ISRAELANDIA
CENTRO-OESTE,GO,5208,MACRORREGIAO CENTRO-OESTE,52012,RIO VERMELHO,521040,5210406,ITABERAI
CENTRO-OESTE,GO,5208,MACRORREGIAO CENTRO-OESTE,52001,CENTRAL,521056,5210562,ITAGUARI
CENTRO-OESTE,GO,5209,MACRORREGIAO CENTRO-NORTE,52018,SÃO PATRÍCIO II,521060,5210604,ITAGUARU
CENTRO-OESTE,GO,5206,MACRORREGIAO SUDOESTE,52015,SUDOESTE I,521080,5210802,ITAJA
CENTRO-OESTE,GO,5209,MACRORREGIAO CENTRO-NORTE,52013,SÃO PATRÍCIO I,521090,5210901,ITAPACI
CENTRO-OESTE,GO,5208,MACRORREGIAO CENTRO-OESTE,52012,RIO VERMELHO,521100,5211008,ITAPIRAPUA
CENTRO-OESTE,GO,5208,MACRORREGIAO CENTRO-OESTE,52012,RIO VERMELHO,521120,5211206,ITAPURANGA
CENTRO-OESTE,GO,5206,MACRORREGIAO SUDOESTE,52015,SUDOESTE I,521130,5211305,ITARUMA
CENTRO-OESTE,GO,5208,MACRORREGIAO CENTRO-OESTE,52001,CENTRAL,521140,5211404,ITAUCU
CENTRO-OESTE,GO,5210,MACRORREGIAO CENTRO SUDESTE,52017,SUL,521150,5211503,ITUMBIARA
CENTRO-OESTE,GO,5208,MACRORREGIAO CENTRO-OESTE,52009,OESTE I,521160,5211602,IVOLANDIA
CENTRO-OESTE,GO,5210,MACRORREGIAO CENTRO SUDESTE,52002,CENTRO SUL,521170,5211701,JANDAIA
CENTRO-OESTE,GO,5209,MACRORREGIAO CENTRO-NORTE,52018,SÃO PATRÍCIO II,521180,5211800,JARAGUA
CENTRO-OESTE,GO,5206,MACRORREGIAO SUDOESTE,52016,SUDOESTE II,521190,5211909,JATAI
CENTRO-OESTE,GO,5208,MACRORREGIAO CENTRO-OESTE,52009,OESTE I,521200,5212006,JAUPACI
CENTRO-OESTE,GO,5208,MACRORREGIAO CENTRO-OESTE,52001,CENTRAL,521205,5212055,JESUPOLIS
CENTRO-OESTE,GO,5210,MACRORREGIAO CENTRO SUDESTE,52017,SUL,521210,5212105,JOVIANIA
CENTRO-OESTE,GO,5208,MACRORREGIAO CENTRO-OESTE,52012,RIO VERMELHO,521220,5212204,JUSSARA
CENTRO-OESTE,GO,5206,MACRORREGIAO SUDOESTE,52015,SUDOESTE I,521225,5212253,LAGOA SANTA
CENTRO-OESTE,GO,5210,MACRORREGIAO CENTRO SUDESTE,52002,CENTRO SUL,521230,5212303,LEOPOLDO DE BULHOES
CENTRO-OESTE,GO,5207,MACRORREGIAO NORDESTE,52004,ENTORNO SUL,521250,5212501,LUZIANIA
CENTRO-OESTE,GO,5210,MACRORREGIAO CENTRO SUDESTE,52002,CENTRO SUL,521260,5212600,MAIRIPOTABA
CENTRO-OESTE,GO,5207,MACRORREGIAO NORDESTE,52007,NORDESTE II,521270,5212709,MAMBAI
CENTRO-OESTE,GO,5209,MACRORREGIAO CENTRO-NORTE,52014,SERRA DA MESA,521280,5212808,MARA ROSA
CENTRO-OESTE,GO,5210,MACRORREGIAO CENTRO SUDESTE,52005,ESTRADA DE FERRO,521290,5212907,MARZAGAO
CENTRO-OESTE,GO,5208,MACRORREGIAO CENTRO-OESTE,52012,RIO VERMELHO,521295,5212956,MATRINCHA
CENTRO-OESTE,GO,5206,MACRORREGIAO SUDOESTE,52015,SUDOESTE I,521300,5213004,MAURILANDIA
CENTRO-OESTE,GO,5209,MACRORREGIAO CENTRO-NORTE,52018,SÃO PATRÍCIO II,521305,5213053,MIMOSO DE GOIAS
CENTRO-OESTE,GO,5209,MACRORREGIAO CENTRO-NORTE,52008,NORTE,521308,5213087,MINACU
CENTRO-OESTE,GO,5206,MACRORREGIAO SUDOESTE,52016,SUDOESTE II,521310,5213103,MINEIROS
CENTRO-OESTE,GO,5208,MACRORREGIAO CENTRO-OESTE,52009,OESTE I,521340,5213400,MOIPORA
CENTRO-OESTE,GO,5207,MACRORREGIAO NORDESTE,52006,NORDESTE I,521350,5213509,MONTE ALEGRE DE GOIAS
CENTRO-OESTE,GO,5208,MACRORREGIAO CENTRO-OESTE,52009,OESTE I,521370,5213707,MONTES CLAROS DE GOIAS
CENTRO-OESTE,GO,5206,MACRORREGIAO SUDOESTE,52015,SUDOESTE I,521375,5213756,MONTIVIDIU
CENTRO-OESTE,GO,5209,MACRORREGIAO CENTRO-NORTE,52008,NORTE,521377,5213772,MONTIVIDIU DO NORTE
CENTRO-OESTE,GO,5210,MACRORREGIAO CENTRO SUDESTE,52017,SUL,521380,5213806,MORRINHOS
CENTRO-OESTE,GO,5209,MACRORREGIAO CENTRO-NORTE,52013,SÃO PATRÍCIO I,521385,5213855,MORRO AGUDO DE GOIAS
CENTRO-OESTE,GO,5208,MACRORREGIAO CENTRO-OESTE,52012,RIO VERMELHO,521390,5213905,MOSSAMEDES
CENTRO-OESTE,GO,5208,MACRORREGIAO CENTRO-OESTE,52012,RIO VERMELHO,521400,5214002,MOZARLANDIA
CENTRO-OESTE,GO,5209,MACRORREGIAO CENTRO-NORTE,52008,NORTE,521405,5214051,MUNDO NOVO
CENTRO-OESTE,GO,5209,MACRORREGIAO CENTRO-NORTE,52008,NORTE,521410,5214101,MUTUNOPOLIS
CENTRO-OESTE,GO,5208,MACRORREGIAO CENTRO-OESTE,52001,CENTRAL,521440,5214408,NAZARIO
CENTRO-OESTE,GO,5208,MACRORREGIAO CENTRO-OESTE,52001,CENTRAL,521450,5214507,NEROPOLIS
CENTRO-OESTE,GO,5209,MACRORREGIAO CENTRO-NORTE,52014,SERRA DA MESA,521460,5214606,NIQUELANDIA
CENTRO-OESTE,GO,5209,MACRORREGIAO CENTRO-NORTE,52013,SÃO PATRÍCIO I,521470,5214705,NOVA AMERICA
CENTRO-OESTE,GO,5210,MACRORREGIAO CENTRO SUDESTE,52005,ESTRADA DE FERRO,521480,5214804,NOVA AURORA
CENTRO-OESTE,GO,5208,MACRORREGIAO CENTRO-OESTE,52012,RIO VERMELHO,521483,5214838,NOVA CRIXAS
CENTRO-OESTE,GO,5209,MACRORREGIAO CENTRO-NORTE,52013,SÃO PATRÍCIO I,521486,5214861,NOVA GLORIA
CENTRO-OESTE,GO,5209,MACRORREGIAO CENTRO-NORTE,52014,SERRA DA MESA,521487,5214879,NOVA IGUACU DE GOIAS
CENTRO-OESTE,GO,5207,MACRORREGIAO NORDESTE,52007,NORDESTE II,521490,5214903,NOVA ROMA
CENTRO-OESTE,GO,5208,MACRORREGIAO CENTRO-OESTE,52001,CENTRAL,521500,5215009,NOVA VENEZA
CENTRO-OESTE,GO,5208,MACRORREGIAO CENTRO-OESTE,52009,OESTE I,521520,5215207,NOVO BRASIL
CENTRO-OESTE,GO,5207,MACRORREGIAO NORDESTE,52004,ENTORNO SUL,521523,5215231,NOVO GAMA
CENTRO-OESTE,GO,5209,MACRORREGIAO CENTRO-NORTE,52008,NORTE,521525,5215256,NOVO PLANALTO
CENTRO-OESTE,GO,5210,MACRORREGIAO CENTRO SUDESTE,52002,CENTRO SUL,521530,5215306,ORIZONA
CENTRO-OESTE,GO,5208,MACRORREGIAO CENTRO-OESTE,52001,CENTRAL,521540,5215405,OURO VERDE DE GOIAS
CENTRO-OESTE,GO,5210,MACRORREGIAO CENTRO SUDESTE,52005,ESTRADA DE FERRO,521550,5215504,OUVIDOR
CENTRO-OESTE,GO,5209,MACRORREGIAO CENTRO-NORTE,52018,SÃO PATRÍCIO II,521560,5215603,PADRE BERNARDO
CENTRO-OESTE,GO,5208,MACRORREGIAO CENTRO-OESTE,52009,OESTE I,521565,5215652,PALESTINA DE GOIAS
CENTRO-OESTE,GO,5208,MACRORREGIAO CENTRO-OESTE,52010,OESTE II,521570,5215702,PALMEIRAS DE GOIAS
CENTRO-OESTE,GO,5210,MACRORREGIAO CENTRO SUDESTE,52005,ESTRADA DE FERRO,521580,5215801,PALMELO
CENTRO-OESTE,GO,5208,MACRORREGIAO CENTRO-OESTE,52010,OESTE II,521590,5215900,PALMINOPOLIS
CENTRO-OESTE,GO,5210,MACRORREGIAO CENTRO SUDESTE,52017,SUL,521600,5216007,PANAMA
CENTRO-OESTE,GO,5206,MACRORREGIAO SUDOESTE,52015,SUDOESTE I,521630,5216304,PARANAIGUARA
CENTRO-OESTE,GO,5208,MACRORREGIAO CENTRO-OESTE,52010,OESTE II,521640,5216403,PARAUNA
CENTRO-OESTE,GO,5206,MACRORREGIAO SUDOESTE,52016,SUDOESTE II,521645,5216452,PEROLANDIA
CENTRO-OESTE,GO,5208,MACRORREGIAO CENTRO-OESTE,52001,CENTRAL,521680,5216809,PETROLINA DE GOIAS
CENTRO-OESTE,GO,5209,MACRORREGIAO CENTRO-NORTE,52013,SÃO PATRÍCIO I,521690,5216908,PILAR DE GOIAS
CENTRO-OESTE,GO,5210,MACRORREGIAO CENTRO SUDESTE,52002,CENTRO SUL,521710,5217104,PIRACANJUBA
CENTRO-OESTE,GO,5208,MACRORREGIAO CENTRO-OESTE,52009,OESTE I,521720,5217203,PIRANHAS
CENTRO-OESTE,GO,5209,MACRORREGIAO CENTRO-NORTE,52011,PIRINEUS,521730,5217302,PIRENOPOLIS
CENTRO-OESTE,GO,5210,MACRORREGIAO CENTRO SUDESTE,52005,ESTRADA DE FERRO,521740,5217401,PIRES DO RIO
CENTRO-OESTE,GO,5207,MACRORREGIAO NORDESTE,52003,ENTORNO NORTE,521760,5217609,PLANALTINA
CENTRO-OESTE,GO,5210,MACRORREGIAO CENTRO SUDESTE,52002,CENTRO SUL,521770,5217708,PONTALINA
CENTRO-OESTE,GO,5209,MACRORREGIAO CENTRO-NORTE,52008,NORTE,521800,5218003,PORANGATU
CENTRO-OESTE,GO,5206,MACRORREGIAO SUDOESTE,52015,SUDOESTE I,521805,5218052,PORTEIRAO
CENTRO-OESTE,GO,5206,MACRORREGIAO SUDOESTE,52016,SUDOESTE II,521810,5218102,PORTELANDIA
CENTRO-OESTE,GO,5207,MACRORREGIAO NORDESTE,52007,NORDESTE II,521830,5218300,POSSE
CENTRO-OESTE,GO,5210,MACRORREGIAO CENTRO SUDESTE,52002,CENTRO SUL,521839,5218391,PROFESSOR JAMIL
CENTRO-OESTE,GO,5206,MACRORREGIAO SUDOESTE,52015,SUDOESTE I,521850,5218508,QUIRINOPOLIS
CENTRO-OESTE,GO,5209,MACRORREGIAO CENTRO-NORTE,52013,SÃO PATRÍCIO I,521860,5218607,RIALMA
CENTRO-OESTE,GO,5209,MACRORREGIAO CENTRO-NORTE,52013,SÃO PATRÍCIO I,521870,5218706,RIANAPOLIS
CENTRO-OESTE,GO,5210,MACRORREGIAO CENTRO SUDESTE,52005,ESTRADA DE FERRO,521878,5218789,RIO QUENTE
CENTRO-OESTE,GO,5206,MACRORREGIAO SUDOESTE,52015,SUDOESTE I,521880,5218805,RIO VERDE
CENTRO-OESTE,GO,5209,MACRORREGIAO CENTRO-NORTE,52013,SÃO PATRÍCIO I,521890,5218904,RUBIATABA
CENTRO-OESTE,GO,5208,MACRORREGIAO CENTRO-OESTE,52010,OESTE II,521900,5219001,SANCLERLANDIA
CENTRO-OESTE,GO,5208,MACRORREGIAO CENTRO-OESTE,52001,CENTRAL,521910,5219100,SANTA BARBARA DE GOIAS
CENTRO-OESTE,GO,5210,MACRORREGIAO CENTRO SUDESTE,52005,ESTRADA DE FERRO,521920,5219209,SANTA CRUZ DE GOIAS
CENTRO-OESTE,GO,5208,MACRORREGIAO CENTRO-OESTE,52012,RIO VERMELHO,521925,5219258,SANTA FE DE GOIAS
CENTRO-OESTE,GO,5206,MACRORREGIAO SUDOESTE,52015,SUDOESTE I,521930,5219308,SANTA HELENA DE GOIAS
CENTRO-OESTE,GO,5209,MACRORREGIAO CENTRO-NORTE,52013,SÃO PATRÍCIO I,521935,5219357,SANTA ISABEL
CENTRO-OESTE,GO,5206,MACRORREGIAO SUDOESTE,52016,SUDOESTE II,521940,5219407,SANTA RITA DO ARAGUAIA
CENTRO-OESTE,GO,5209,MACRORREGIAO CENTRO-NORTE,52018,SÃO PATRÍCIO II,521945,5219456,SANTA RITA DO NOVO DESTINO
CENTRO-OESTE,GO,5208,MACRORREGIAO CENTRO-OESTE,52001,CENTRAL,521950,5219506,SANTA ROSA DE GOIAS
CENTRO-OESTE,GO,5209,MACRORREGIAO CENTRO-NORTE,52008,NORTE,521960,5219605,SANTA TEREZA DE GOIAS
CENTRO-OESTE,GO,5209,MACRORREGIAO CENTRO-NORTE,52013,SÃO PATRÍCIO I,521970,5219704,SANTA TEREZINHA DE GOIAS
CENTRO-OESTE,GO,5206,MACRORREGIAO SUDOESTE,52015,SUDOESTE I,521971,5219712,SANTO ANTONIO DA BARRA
CENTRO-OESTE,GO,5208,MACRORREGIAO CENTRO-OESTE,52001,CENTRAL,521973,5219738,SANTO ANTONIO DE GOIAS
CENTRO-OESTE,GO,5207,MACRORREGIAO NORDESTE,52004,ENTORNO SUL,521975,5219753,SANTO ANTONIO DO DESCOBERTO
CENTRO-OESTE,GO,5207,MACRORREGIAO NORDESTE,52007,NORDESTE II,521980,5219803,SAO DOMINGOS
CENTRO-OESTE,GO,5208,MACRORREGIAO CENTRO-OESTE,52001,CENTRAL,521990,5219902,SAO FRANCISCO DE GOIAS
CENTRO-OESTE,GO,5207,MACRORREGIAO NORDESTE,52003,ENTORNO NORTE,522000,5220009,SAO JOAO D'ALIANCA
CENTRO-OESTE,GO,5208,MACRORREGIAO CENTRO-OESTE,52010,OESTE II,522005,5220058,SAO JOAO DA PARAUNA
CENTRO-OESTE,GO,5208,MACRORREGIAO CENTRO-OESTE,52010,OESTE II,522010,5220108,SAO LUIS DE MONTES BELOS
CENTRO-OESTE,GO,5209,MACRORREGIAO CENTRO-NORTE,52013,SÃO PATRÍCIO I,522015,5220157,SAO LUIZ DO NORTE
CENTRO-OESTE,GO,5209,MACRORREGIAO CENTRO-NORTE,52008,NORTE,522020,5220207,SAO MIGUEL DO ARAGUAIA
CENTRO-OESTE,GO,5210,MACRORREGIAO CENTRO SUDESTE,52002,CENTRO SUL,522026,5220264,SAO MIGUEL DO PASSA QUATRO
CENTRO-OESTE,GO,5209,MACRORREGIAO CENTRO-NORTE,52013,SÃO PATRÍCIO I,522028,5220280,SAO PATRICIO
CENTRO-OESTE,GO,5206,MACRORREGIAO SUDOESTE,52015,SUDOESTE I,522040,5220405,SAO SIMAO
CENTRO-OESTE,GO,5210,MACRORREGIAO CENTRO SUDESTE,52002,CENTRO SUL,522045,5220454,SENADOR CANEDO
CENTRO-OESTE,GO,5206,MACRORREGIAO SUDOESTE,52016,SUDOESTE II,522050,5220504,SERRANOPOLIS
CENTRO-OESTE,GO,5210,MACRORREGIAO CENTRO SUDESTE,52002,CENTRO SUL,522060,5220603,SILVANIA
CENTRO-OESTE,GO,5207,MACRORREGIAO NORDESTE,52007,NORDESTE II,522068,5220686,SIMOLANDIA
CENTRO-OESTE,GO,5207,MACRORREGIAO NORDESTE,52007,NORDESTE II,522070,5220702,SITIO D'ABADIA
CENTRO-OESTE,GO,5208,MACRORREGIAO CENTRO-OESTE,52001,CENTRAL,522100,5221007,TAQUARAL DE GOIAS
CENTRO-OESTE,GO,5207,MACRORREGIAO NORDESTE,52006,NORDESTE I,522108,5221080,TERESINA DE GOIAS
CENTRO-OESTE,GO,5209,MACRORREGIAO CENTRO-NORTE,52011,PIRINEUS,522119,5221197,TEREZOPOLIS DE GOIAS
CENTRO-OESTE,GO,5210,MACRORREGIAO CENTRO SUDESTE,52005,ESTRADA DE FERRO,522130,5221304,TRES RANCHOS
CENTRO-OESTE,GO,5208,MACRORREGIAO CENTRO-OESTE,52001,CENTRAL,522140,5221403,TRINDADE
CENTRO-OESTE,GO,5209,MACRORREGIAO CENTRO-NORTE,52008,NORTE,522145,5221452,TROMBAS
CENTRO-OESTE,GO,5208,MACRORREGIAO CENTRO-OESTE,52010,OESTE II,522150,5221502,TURVANIA
CENTRO-OESTE,GO,5206,MACRORREGIAO SUDOESTE,52015,SUDOESTE I,522155,5221551,TURVELANDIA
CENTRO-OESTE,GO,5209,MACRORREGIAO CENTRO-NORTE,52013,SÃO PATRÍCIO I,522157,5221577,UIRAPURU
CENTRO-OESTE,GO,5209,MACRORREGIAO CENTRO-NORTE,52014,SERRA DA MESA,522160,5221601,URUACU
CENTRO-OESTE,GO,5209,MACRORREGIAO CENTRO-NORTE,52013,SÃO PATRÍCIO I,522170,5221700,URUANA
CENTRO-OESTE,GO,5210,MACRORREGIAO CENTRO SUDESTE,52005,ESTRADA DE FERRO,522180,5221809,URUTAI
CENTRO-OESTE,GO,5207,MACRORREGIAO NORDESTE,52004,ENTORNO SUL,522185,5221858,VALPARAISO DE GOIAS
CENTRO-OESTE,GO,5210,MACRORREGIAO CENTRO SUDESTE,52002,CENTRO SUL,522190,5221908,VARJAO
CENTRO-OESTE,GO,5210,MACRORREGIAO CENTRO SUDESTE,52002,CENTRO SUL,522200,5222005,VIANOPOLIS
CENTRO-OESTE,GO,5210,MACRORREGIAO CENTRO SUDESTE,52002,CENTRO SUL,522205,5222054,VICENTINOPOLIS
CENTRO-OESTE,GO,5207,MACRORREGIAO NORDESTE,52003,ENTORNO NORTE,522220,5222203,VILA BOA
CENTRO-OESTE,GO,5209,MACRORREGIAO CENTRO-NORTE,52018,SÃO PATRÍCIO II,522230,5222302,VILA PROPICIO
CENTRO-OESTE,DF,5302,DISTRITO FEDERAL,53001,DISTRITO FEDERAL,530010,5300108,BRASILIA
